-- Database Backup
-- Generated: 2025-11-05 14:31:06
-- Database: aelectri_wdv

SET FOREIGN_KEY_CHECKS=0;
SET SQL_MODE='NO_AUTO_VALUE_ON_ZERO';
SET AUTOCOMMIT=0;
START TRANSACTION;

-- Table structure for `events`
DROP TABLE IF EXISTS `events`;
CREATE TABLE `events` (
  `id` char(36) NOT NULL,
  `name` varchar(200) NOT NULL,
  `date` date NOT NULL,
  `created_at` timestamp NOT NULL DEFAULT current_timestamp(),
  `status` varchar(20) NOT NULL DEFAULT 'Planned' COMMENT 'Planned, Active, or Completed',
  `event_type` varchar(20) DEFAULT 'auto_assign' COMMENT 'auto_assign or self_select',
  `entry_code` varchar(20) DEFAULT NULL COMMENT 'Optional entry code for archer access (e.g., for QR codes)',
  PRIMARY KEY (`id`),
  KEY `idx_events_date` (`date`),
  KEY `idx_events_entry_code` (`entry_code`)
) ENGINE=InnoDB DEFAULT CHARSET=utf8mb4 COLLATE=utf8mb4_general_ci;

-- Data for table `events` (3 rows)
LOCK TABLES `events` WRITE;
INSERT INTO `events` (`id`, `name`, `date`, `created_at`, `status`, `event_type`, `entry_code`) VALUES
('091348f9-76fb-4808-969e-cb5cc136327c', 'Tryout Round 1', '2025-10-29', '2025-10-29 16:58:42', 'Active', 'manual', 'auto'),
('87b0fdc6-8b0a-484b-9e15-cf58e2533e4d', 'Tryout Round 2', '2025-11-04', '2025-11-03 20:12:36', 'Active', 'manual', 'rr2'),
('c60bdfdc-61a0-43e4-a754-074b59b1336f', 'TEST EVENT', '2025-11-04', '2025-11-04 00:54:47', 'Planned', 'auto_assign', 'test');
UNLOCK TABLES;

-- Table structure for `rounds`
DROP TABLE IF EXISTS `rounds`;
CREATE TABLE `rounds` (
  `id` char(36) NOT NULL DEFAULT uuid(),
  `round_type` varchar(20) NOT NULL,
  `date` date NOT NULL,
  `bale_number` int(11) DEFAULT NULL,
  `created_at` timestamp NOT NULL DEFAULT current_timestamp(),
  `event_id` char(36) DEFAULT NULL,
  `division` varchar(50) DEFAULT NULL,
  `gender` varchar(1) DEFAULT NULL COMMENT 'M or F',
  `level` varchar(3) DEFAULT NULL COMMENT 'VAR or JV',
  `status` varchar(20) DEFAULT 'Created' COMMENT 'Created, Active, Completed',
  PRIMARY KEY (`id`),
  UNIQUE KEY `uq_round_identity` (`round_type`,`date`,`bale_number`),
  UNIQUE KEY `uq_event_division` (`event_id`,`division`),
  KEY `idx_rounds_date` (`date`),
  KEY `idx_rounds_event` (`event_id`),
  KEY `idx_rounds_division` (`event_id`,`division`),
  KEY `idx_rounds_status` (`status`),
  CONSTRAINT `rounds_ibfk_1` FOREIGN KEY (`event_id`) REFERENCES `events` (`id`) ON DELETE CASCADE ON UPDATE CASCADE
) ENGINE=InnoDB DEFAULT CHARSET=utf8mb4 COLLATE=utf8mb4_general_ci;

-- Data for table `rounds` (5 rows)
LOCK TABLES `rounds` WRITE;
INSERT INTO `rounds` (`id`, `round_type`, `date`, `bale_number`, `created_at`, `event_id`, `division`, `gender`, `level`, `status`) VALUES
('6318bd0f-ae5d-46ee-ab9c-9f9d276cc977', 'R300', '2025-11-04', NULL, '2025-11-04 00:54:48', 'c60bdfdc-61a0-43e4-a754-074b59b1336f', 'OPEN', NULL, NULL, 'Created'),
('9319e5c5-1afb-4856-bb8c-b613105bfec0', 'R300', '2025-11-05', NULL, '2025-11-04 19:11:09', '87b0fdc6-8b0a-484b-9e15-cf58e2533e4d', NULL, NULL, NULL, 'Created'),
('df29ec34-b9ac-4667-be49-86a118e4e73e', 'R300', '2025-10-29', NULL, '2025-10-29 16:58:42', '091348f9-76fb-4808-969e-cb5cc136327c', 'OPEN', NULL, NULL, 'Created'),
('e9bcaf11-f39d-46b9-9766-4d369e6c652a', 'R300', '2025-10-30', NULL, '2025-10-30 10:28:01', '091348f9-76fb-4808-969e-cb5cc136327c', 'MJV', 'M', 'JV', 'Created'),
('fa473a27-989d-4f6a-ba6f-92ef36642364', 'R300', '2025-11-04', NULL, '2025-11-03 20:12:36', '87b0fdc6-8b0a-484b-9e15-cf58e2533e4d', 'OPEN', NULL, NULL, 'Created');
UNLOCK TABLES;

-- Table structure for `round_archers`
DROP TABLE IF EXISTS `round_archers`;
CREATE TABLE `round_archers` (
  `id` char(36) NOT NULL DEFAULT uuid(),
  `round_id` char(36) NOT NULL,
  `archer_id` char(36) DEFAULT NULL,
  `archer_name` varchar(200) NOT NULL,
  `school` varchar(3) DEFAULT NULL COMMENT '3-letter code',
  `level` varchar(3) DEFAULT NULL COMMENT 'VAR or JV',
  `gender` varchar(1) DEFAULT NULL COMMENT 'M or F',
  `target_assignment` varchar(2) DEFAULT NULL,
  `created_at` timestamp NOT NULL DEFAULT current_timestamp(),
  `target_size` int(11) DEFAULT NULL,
  `bale_number` int(11) DEFAULT NULL COMMENT 'Assigned bale within event (continuous across divisions)',
  `completed` tinyint(1) DEFAULT 0 COMMENT 'Scorecard completed and verified',
  `verified_at` timestamp NULL DEFAULT NULL COMMENT 'When scorecard was verified and submitted',
  `verified_by` varchar(100) DEFAULT NULL COMMENT 'Who verified (device ID or user)',
  PRIMARY KEY (`id`),
  KEY `idx_ra_round` (`round_id`),
  KEY `idx_ra_school_level` (`school`,`level`),
  KEY `idx_ra_bale` (`round_id`,`bale_number`),
  KEY `idx_ra_completed` (`round_id`,`completed`),
  KEY `idx_round_bale` (`round_id`,`bale_number`),
  KEY `idx_ra_archer` (`archer_id`),
  CONSTRAINT `fk_ra_round` FOREIGN KEY (`round_id`) REFERENCES `rounds` (`id`) ON DELETE CASCADE
) ENGINE=InnoDB DEFAULT CHARSET=utf8mb4 COLLATE=utf8mb4_general_ci;

-- Data for table `round_archers` (241 rows)
LOCK TABLES `round_archers` WRITE;
INSERT INTO `round_archers` (`id`, `round_id`, `archer_id`, `archer_name`, `school`, `level`, `gender`, `target_assignment`, `created_at`, `target_size`, `bale_number`, `completed`, `verified_at`, `verified_by`) VALUES
('00ba5f15-1ff2-4862-ab70-2e6f01c03d5e', 'fa473a27-989d-4f6a-ba6f-92ef36642364', '8ddc8d62-afbe-472e-a7bd-20a5ee3c9dd1', 'Caio Lalau', 'T', 'JV', 'M', NULL, '2025-11-03 22:41:40', NULL, NULL, '0', NULL, NULL),
('00d59141-deb5-4d48-adfe-62b6e79acc14', '6318bd0f-ae5d-46ee-ab9c-9f9d276cc977', '6d0ead96-9584-44a2-bd42-0cbf28d5f519', 'Angelica Perez', 'W', 'JV', 'F', 'D', '2025-11-04 00:55:01', NULL, '9', '0', NULL, NULL),
('01a36583-1a8e-4a64-a742-10c9ba9d20be', '6318bd0f-ae5d-46ee-ab9c-9f9d276cc977', '2aae7c38-9378-4a6b-b909-d0e01b6bded0', 'Knox Mann Chavez', 'W', 'JV', 'F', 'D', '2025-11-04 00:55:01', NULL, '3', '0', NULL, NULL),
('02242353-30a6-4658-8508-8e040bf811bd', 'fa473a27-989d-4f6a-ba6f-92ef36642364', '0423dd98-dc2d-4a60-ac3b-c4b6ceea1c8c', 'Jasmin Aranda', 'T', 'JV', 'F', NULL, '2025-11-03 22:41:40', NULL, NULL, '0', NULL, NULL),
('033ef65b-9c96-4882-859c-bf8164e715d7', '6318bd0f-ae5d-46ee-ab9c-9f9d276cc977', '9b95d9eb-e766-447d-bc77-65f25b7e1c20', 'Salvador Arredondo', 'W', 'VAR', 'M', 'A', '2025-11-04 00:55:01', NULL, '12', '0', NULL, NULL),
('042bded3-1cbe-4dcf-bdca-f8d4a698dc79', 'fa473a27-989d-4f6a-ba6f-92ef36642364', '65eb473f-cca2-432a-ba9e-5ac0c64076a9', 'Molly Doran', 'T', 'JV', 'F', 'B', '2025-11-03 22:41:40', NULL, '1', '0', NULL, NULL),
('04ab8131-7490-4db5-b87e-79579e3a6764', 'df29ec34-b9ac-4667-be49-86a118e4e73e', '551112f7-10b4-471c-90f3-50c4eae0d9eb', 'Katelyn Acosta De Lira', 'T', 'JV', 'F', 'C', '2025-10-29 18:02:55', NULL, '5', '0', NULL, NULL),
('04e26f81-7099-4397-8c8f-58f8dd867d5e', 'df29ec34-b9ac-4667-be49-86a118e4e73e', '6549db8f-77d9-4048-866c-4d3d7a1f9b2b', 'Danny Torres', 'W', 'JV', 'M', 'B', '2025-10-29 18:02:55', NULL, '1', '0', NULL, NULL),
('0665617c-f6cf-4147-8a08-fdd15d5c1677', 'fa473a27-989d-4f6a-ba6f-92ef36642364', '2ec9b469-d049-438c-a637-db610537ed47', 'Bryce Golliday', 'T', 'JV', 'M', NULL, '2025-11-03 22:41:40', NULL, NULL, '0', NULL, NULL),
('072991c2-4a26-4d26-933f-0ed256aec5c1', 'fa473a27-989d-4f6a-ba6f-92ef36642364', 'da48eac8-8c9a-468c-9569-01e66e1d3863', 'Natalia Luna', 'T', 'JV', 'F', NULL, '2025-11-03 22:41:40', NULL, NULL, '0', NULL, NULL),
('0d432bd4-d6f2-4ae8-9f50-458f0e7efe42', 'fa473a27-989d-4f6a-ba6f-92ef36642364', '48049306-afa2-4b9b-bafd-eca6cfc4c1ce', 'Vince Dikdan', 'W', 'VAR', 'M', NULL, '2025-11-03 22:41:40', NULL, NULL, '0', NULL, NULL),
('0ee3565d-529c-4d90-83b4-33b99b2ec2ee', 'fa473a27-989d-4f6a-ba6f-92ef36642364', '263fceea-9043-4077-a9f8-481295038c03', 'Becky Yang', 'W', 'JV', 'F', NULL, '2025-11-03 22:41:40', NULL, NULL, '0', NULL, NULL),
('0f0bfb0b-59d1-4d5a-8a4e-f854522314af', 'df29ec34-b9ac-4667-be49-86a118e4e73e', 'f0501017-9d98-416e-b95a-bb43d57892a8', 'Ellyse Legaspi', 'W', 'JV', 'F', 'A', '2025-10-29 18:02:55', NULL, '1', '0', NULL, NULL),
('0f882e31-8d32-40a5-97da-973bdeade088', 'fa473a27-989d-4f6a-ba6f-92ef36642364', '9b95d9eb-e766-447d-bc77-65f25b7e1c20', 'Salvador Arredondo', 'W', 'VAR', 'M', NULL, '2025-11-03 22:41:40', NULL, NULL, '0', NULL, NULL),
('1105d90a-48db-42a7-bd37-5793bdb85fff', 'fa473a27-989d-4f6a-ba6f-92ef36642364', 'a383dc6e-e45c-4ef3-b7d4-0c52eaefe4bb', 'Lux Rojas', 'T', 'JV', 'F', NULL, '2025-11-03 22:41:40', NULL, NULL, '0', NULL, NULL),
('1111f87b-bbfd-4c1d-8e02-7296c2c02011', '6318bd0f-ae5d-46ee-ab9c-9f9d276cc977', 'd6a82854-08d8-4ebd-a33c-f26eafbb067a', 'Adjani De La Riva', 'W', 'JV', 'F', 'B', '2025-11-04 00:55:01', NULL, '16', '0', NULL, NULL),
('11d26657-82a0-48dd-9479-876a32e29f4a', '9319e5c5-1afb-4856-bb8c-b613105bfec0', '0d5d3f91-d616-41ca-ab6e-dd08855b898a', 'Dominic Davis', 'T', 'VAR', 'M', 'A', '2025-11-04 19:12:41', NULL, '9', '0', NULL, NULL),
('1425dc76-0e4a-4abb-8a3f-f83a8571ba29', 'fa473a27-989d-4f6a-ba6f-92ef36642364', '6d0ead96-9584-44a2-bd42-0cbf28d5f519', 'Angelica Perez', 'W', 'JV', 'F', NULL, '2025-11-03 22:41:40', NULL, NULL, '0', NULL, NULL),
('14f72bad-e359-4e5e-bb61-7e6ff5eace15', '6318bd0f-ae5d-46ee-ab9c-9f9d276cc977', '762d0b89-a052-48b0-8921-ed2f646c3735', 'Jaylene Velazquez', 'T', 'JV', 'F', 'A', '2025-11-04 00:55:01', NULL, '10', '0', NULL, NULL),
('157260b6-da44-4416-87cb-8c59f6781aa8', '9319e5c5-1afb-4856-bb8c-b613105bfec0', 'c60a1695-1660-4178-a442-63537c1529b6', 'Giselle Gomez', 'T', 'JV', 'F', 'B', '2025-11-04 19:12:41', NULL, '9', '0', NULL, NULL),
('170a1974-ab74-49bb-884e-2a5c55c3cc54', 'fa473a27-989d-4f6a-ba6f-92ef36642364', '6a424c72-b16d-4085-8d8b-992065dbb252', 'Vida Vargas', 'W', 'JV', 'F', NULL, '2025-11-03 22:41:40', NULL, NULL, '0', NULL, NULL),
('1744076f-8b86-4945-baf7-5c66b665309c', 'fa473a27-989d-4f6a-ba6f-92ef36642364', '61cce540-e45e-4f4b-a68f-1de9ec1d845e', 'Sa’Rih Torrencebella_ngai', 'T', 'JV', 'F', NULL, '2025-11-03 22:41:40', NULL, NULL, '0', NULL, NULL),
('17aefd0b-d2b8-4e57-a41e-dda252b1756e', 'df29ec34-b9ac-4667-be49-86a118e4e73e', '6a424c72-b16d-4085-8d8b-992065dbb252', 'Vida Vargas', 'W', 'JV', 'F', 'D', '2025-10-29 18:02:55', NULL, '1', '0', NULL, NULL),
('17ce5d48-42a7-4eed-8e70-e1f2fd59e51d', '9319e5c5-1afb-4856-bb8c-b613105bfec0', '91ae090c-2299-4ee5-85e6-fd8efd7848e1', 'Luke Garr', 'T', 'VAR', 'M', 'A', '2025-11-04 19:36:47', NULL, '1', '0', NULL, NULL),
('17d38c50-77d2-4b74-b2cc-4e2c9c82d4ca', 'df29ec34-b9ac-4667-be49-86a118e4e73e', 'f59e1f78-c6d6-44d1-bc3a-70dc7c656d50', 'Verina Saeed', 'W', 'JV', 'F', 'D', '2025-10-29 18:02:55', NULL, '1', '0', NULL, NULL),
('18158925-7c7e-4827-ac3c-13cd6ae11461', '6318bd0f-ae5d-46ee-ab9c-9f9d276cc977', 'c25bb4c4-b5f8-47b0-bb48-4be3b5d490b0', 'Sarah Coach', 'COA', 'VAR', 'F', 'D', '2025-11-04 00:55:01', NULL, '14', '0', NULL, NULL),
('1897fc87-6a28-46b7-adc4-fb664eab22e3', '6318bd0f-ae5d-46ee-ab9c-9f9d276cc977', '65eb473f-cca2-432a-ba9e-5ac0c64076a9', 'Molly Doran', 'T', 'JV', 'F', 'A', '2025-11-04 00:55:01', NULL, '9', '0', NULL, NULL),
('1a7a4b5e-607b-40b4-8195-7ef003688d20', '6318bd0f-ae5d-46ee-ab9c-9f9d276cc977', '6ce2b350-4c31-46f0-aa7c-68b7384dd4db', 'Landon Hines', 'T', 'JV', 'M', 'C', '2025-11-04 00:55:01', NULL, '9', '0', NULL, NULL),
('1da84f43-1c0a-49d9-b48e-edea158eb3a8', 'df29ec34-b9ac-4667-be49-86a118e4e73e', 'f97ac500-a101-40b4-b39e-eceab3962e57', 'Liana Bils', 'W', 'JV', 'F', 'C', '2025-10-29 18:02:55', NULL, '1', '0', NULL, NULL),
('1dc1a051-7c00-4704-b7d1-18341b9efd28', 'fa473a27-989d-4f6a-ba6f-92ef36642364', '21a57105-37d8-47ef-a0b6-aff1aec46804', 'Chelsea Riddle', 'T', 'VAR', 'F', NULL, '2025-11-03 22:41:40', NULL, NULL, '0', NULL, NULL),
('1e2987bb-7072-4672-9e70-4e99ea67f4e1', 'df29ec34-b9ac-4667-be49-86a118e4e73e', '45e4984d-500a-4284-806d-f99da738a410', 'Alejandro Luna', 'T', 'JV', 'M', 'A', '2025-10-29 18:02:55', NULL, '1', '0', NULL, NULL),
('1e5ae88f-5604-4138-8e9c-c4dcc8d548bf', 'fa473a27-989d-4f6a-ba6f-92ef36642364', 'feb34fa4-fdd5-4d79-a2b1-7182eebabb06', 'Joseph McCorkle', 'T', 'JV', 'M', NULL, '2025-11-03 22:41:40', NULL, NULL, '0', NULL, NULL),
('1e6a3ad1-7fa3-4e6d-843a-24a37122269f', '6318bd0f-ae5d-46ee-ab9c-9f9d276cc977', 'feb34fa4-fdd5-4d79-a2b1-7182eebabb06', 'Joseph McCorkle', 'T', 'JV', 'M', 'D', '2025-11-04 00:55:01', NULL, '19', '0', NULL, NULL),
('21720a4f-c5c4-42f1-b769-aa19b6b5db86', 'df29ec34-b9ac-4667-be49-86a118e4e73e', '569fab48-bf83-4097-b176-1d3c4f42e740', 'Tica Facer', 'W', 'JV', 'F', 'A', '2025-10-29 18:02:55', NULL, '1', '0', NULL, NULL),
('220284ce-8c21-400f-b35b-66189e92767e', '6318bd0f-ae5d-46ee-ab9c-9f9d276cc977', '784cb2b8-3769-49e2-a4fe-06e53e7cf837', 'Cruz Briseno', 'T', 'JV', 'M', 'B', '2025-11-04 00:55:01', NULL, '10', '0', NULL, NULL),
('23e089c2-7bc9-46b9-98e1-d4246a05992a', '6318bd0f-ae5d-46ee-ab9c-9f9d276cc977', 'f59e1f78-c6d6-44d1-bc3a-70dc7c656d50', 'Verina Saeed', 'W', 'JV', 'F', 'A', '2025-11-04 00:55:01', NULL, '19', '0', NULL, NULL),
('2534f86e-297c-4e60-bff1-6f165a6ff2d7', '9319e5c5-1afb-4856-bb8c-b613105bfec0', '05c38abb-dff3-4325-9cd5-f2e03f13ba19', 'Ryder Singer', 'T', 'VAR', 'M', 'A', '2025-11-04 19:12:01', NULL, '1', '0', NULL, NULL),
('25a39af1-3f15-4605-b03b-ddd7e0d66028', 'fa473a27-989d-4f6a-ba6f-92ef36642364', '30636eb5-cf82-481a-97a7-68fe50f85e25', 'Kasandra Hernandez', 'W', 'JV', 'F', NULL, '2025-11-03 22:41:40', NULL, NULL, '0', NULL, NULL),
('2696e373-3ed4-458c-a741-c2fd11e66714', '6318bd0f-ae5d-46ee-ab9c-9f9d276cc977', '9a163c17-230a-4839-a7f5-b52ae7876eb5', 'Haley Mills', 'T', 'JV', 'F', 'D', '2025-11-04 00:55:01', NULL, '11', '0', NULL, NULL),
('26a72ea4-7804-4c24-abdc-0ff66df7da21', 'df29ec34-b9ac-4667-be49-86a118e4e73e', 'af4f8661-c0be-48d7-a150-c982afad4fe2', 'Malachi Lawson', 'T', 'JV', 'M', 'B', '2025-10-29 18:02:55', NULL, '1', '0', NULL, NULL),
('26fe3655-a79d-487d-b683-80c45327eb23', 'fa473a27-989d-4f6a-ba6f-92ef36642364', 'f0501017-9d98-416e-b95a-bb43d57892a8', 'Ellyse Legaspi', 'W', 'VAR', 'F', NULL, '2025-11-03 22:41:40', NULL, NULL, '0', NULL, NULL),
('286503b3-8d70-4f7a-8312-f88e7a9e3080', 'df29ec34-b9ac-4667-be49-86a118e4e73e', '65eb473f-cca2-432a-ba9e-5ac0c64076a9', 'Molly Doran', 'T', 'JV', 'F', NULL, '2025-10-29 18:02:55', NULL, NULL, '0', NULL, NULL),
('294ed5ca-679e-4f36-a5f7-a743a782e4ec', '6318bd0f-ae5d-46ee-ab9c-9f9d276cc977', '1cc7db4d-f321-4fdb-a236-13668503b461', 'Dean Gomez', 'W', 'VAR', 'M', 'D', '2025-11-04 00:55:01', NULL, '2', '0', NULL, NULL),
('2aee12c9-6318-4183-b1ea-b2570ad82714', 'df29ec34-b9ac-4667-be49-86a118e4e73e', 'd6e17810-489a-49b2-8b5a-58a6fc59884c', 'Levi Meeker', 'W', 'JV', 'M', 'D', '2025-10-29 18:02:55', NULL, '7', '0', NULL, NULL),
('2afaf163-38ac-4ecc-85dd-810e9e58dfe7', 'df29ec34-b9ac-4667-be49-86a118e4e73e', '000ef07e-7477-47e1-804c-9a9fbb63330a', 'Amelia Beall', 'T', 'JV', 'F', NULL, '2025-10-29 18:02:55', NULL, NULL, '0', NULL, NULL),
('2b522bca-4ec6-46d2-9fb3-833570d092d1', '9319e5c5-1afb-4856-bb8c-b613105bfec0', '13a1f75f-ba98-4d6f-b106-c50141e3816d', 'Amelie Casillas', 'W', 'JV', 'F', 'A', '2025-11-04 19:14:32', NULL, '2', '0', NULL, NULL),
('2b6e52be-efd6-44a4-a7d4-3b1d21a7db8d', 'fa473a27-989d-4f6a-ba6f-92ef36642364', '05c38abb-dff3-4325-9cd5-f2e03f13ba19', 'Ryder Singer', 'T', 'VAR', 'M', NULL, '2025-11-03 22:41:40', NULL, NULL, '0', NULL, NULL),
('2d699d5a-6889-4d10-9691-0ade66042d2d', 'df29ec34-b9ac-4667-be49-86a118e4e73e', '4c77693a-292e-4b9d-bcfa-bd2c05b78f8e', 'Alina Vizcarra', 'W', 'JV', 'F', 'B', '2025-10-29 18:02:55', NULL, '1', '0', NULL, NULL),
('2dc10ac8-6af0-49b4-9a18-416669ef16d0', 'fa473a27-989d-4f6a-ba6f-92ef36642364', 'd50261c2-5185-4c00-ba74-37510c2c229a', 'Jennelle Parks', 'T', 'VAR', 'F', 'A', '2025-11-03 22:41:40', NULL, '1', '0', NULL, NULL),
('2e57b2ea-2885-4eb9-bb3d-20a4770cffc4', '6318bd0f-ae5d-46ee-ab9c-9f9d276cc977', 'f97ac500-a101-40b4-b39e-eceab3962e57', 'Liana Bils', 'W', 'VAR', 'F', 'C', '2025-11-04 00:55:01', NULL, '19', '0', NULL, NULL),
('2f55237c-71c3-4767-95d6-5c3a64726d79', 'df29ec34-b9ac-4667-be49-86a118e4e73e', '22709b60-3406-4f5a-983b-d4f58a4c8e82', 'Brian O\' Connor', 'W', 'JV', 'M', 'A', '2025-10-29 18:02:55', NULL, '1', '0', NULL, NULL),
('314f93ab-6f42-4495-be8a-78d942bdab86', 'fa473a27-989d-4f6a-ba6f-92ef36642364', '91ae090c-2299-4ee5-85e6-fd8efd7848e1', 'Luke Garr', 'T', 'VAR', 'M', NULL, '2025-11-03 22:41:40', NULL, NULL, '0', NULL, NULL),
('31a4aa0e-f4dd-471e-9e85-33959f5278b2', '6318bd0f-ae5d-46ee-ab9c-9f9d276cc977', 'd50261c2-5185-4c00-ba74-37510c2c229a', 'Jennelle Parks', 'T', 'VAR', 'F', 'A', '2025-11-04 00:55:01', NULL, '16', '0', NULL, NULL),
('32ecf982-d97d-41e8-84f9-9bedd86e0577', '6318bd0f-ae5d-46ee-ab9c-9f9d276cc977', 'ac06a059-60c0-4633-ae60-0cb908bcf738', 'Caleb Croft', 'W', 'JV', 'M', 'A', '2025-11-04 00:55:01', NULL, '13', '0', NULL, NULL),
('3329f188-1c96-48d7-bf59-297fb6182f22', '6318bd0f-ae5d-46ee-ab9c-9f9d276cc977', 'be6fac62-5467-45cc-a422-ef055de05e65', 'Workflow Test Archer', 'TST', 'VAR', 'M', 'B', '2025-11-04 00:55:01', NULL, '14', '0', NULL, NULL),
('34a0318e-0084-4148-999c-295531d38444', 'df29ec34-b9ac-4667-be49-86a118e4e73e', 'ac06a059-60c0-4633-ae60-0cb908bcf738', 'Caleb Croft', 'W', 'JV', 'M', 'C', '2025-10-29 18:02:55', NULL, '1', '0', NULL, NULL),
('35c6eb28-e56b-49c9-ad81-13c18006e3cd', 'fa473a27-989d-4f6a-ba6f-92ef36642364', 'db2d299e-9760-44c0-9b57-f79a7de46f51', 'Joslyn Chua', 'W', 'JV', 'F', NULL, '2025-11-03 22:41:40', NULL, NULL, '0', NULL, NULL),
('35cdc75d-9ec4-4f67-ac37-60ce62f9824b', 'df29ec34-b9ac-4667-be49-86a118e4e73e', '2ec9b469-d049-438c-a637-db610537ed47', 'Bryce Golliday', 'T', 'JV', 'M', 'B', '2025-10-29 18:02:55', NULL, '7', '0', NULL, NULL),
('36c6f57b-d465-4e80-abca-e5a82b2d3b4f', '9319e5c5-1afb-4856-bb8c-b613105bfec0', 'd6e17810-489a-49b2-8b5a-58a6fc59884c', 'Levi Meeker', 'W', 'JV', 'M', 'C', '2025-11-04 19:12:41', NULL, '9', '0', NULL, NULL),
('38f9cf48-5088-4fb1-a8fd-5bdbb2b3ab10', '6318bd0f-ae5d-46ee-ab9c-9f9d276cc977', '48049306-afa2-4b9b-bafd-eca6cfc4c1ce', 'Vince Dikdan', 'W', 'VAR', 'M', 'C', '2025-11-04 00:55:01', NULL, '6', '0', NULL, NULL),
('3a6adb2d-c31c-4d51-86f0-a2510968bf67', 'df29ec34-b9ac-4667-be49-86a118e4e73e', 'd6a82854-08d8-4ebd-a33c-f26eafbb067a', 'Adjani De La Riva', 'W', 'JV', 'F', 'A', '2025-10-29 18:02:55', NULL, '1', '0', NULL, NULL),
('3a98c834-8475-41df-bf4d-86b43dcf508e', 'df29ec34-b9ac-4667-be49-86a118e4e73e', '48049306-afa2-4b9b-bafd-eca6cfc4c1ce', 'Vince Dikdan', 'W', 'JV', 'M', 'C', '2025-10-29 18:02:55', NULL, '1', '0', NULL, NULL),
('3ca0ea7d-2e9c-433d-b908-c5310a6aded2', 'fa473a27-989d-4f6a-ba6f-92ef36642364', '43e53e92-2d7b-45df-a8fa-c938cdb0f21f', 'Ethan Hernandez', 'W', 'JV', 'M', NULL, '2025-11-03 22:41:40', NULL, NULL, '0', NULL, NULL),
('3cac82a8-4857-4679-9ca3-954e1ecfbd75', '6318bd0f-ae5d-46ee-ab9c-9f9d276cc977', '3f799c9b-6a9f-4c71-95e1-98d8305636e1', 'Leah Toji', 'W', 'JV', 'F', 'D', '2025-11-04 00:55:01', NULL, '5', '0', NULL, NULL),
('3cd0e2cd-4350-4f5b-b31a-01efd04f3d20', 'df29ec34-b9ac-4667-be49-86a118e4e73e', '9b95d9eb-e766-447d-bc77-65f25b7e1c20', 'Salvador Arredondo', 'W', 'JV', 'M', 'B', '2025-10-29 18:02:55', NULL, '1', '0', NULL, NULL),
('3cf994e7-7139-4527-968d-6ad0c1c11815', 'fa473a27-989d-4f6a-ba6f-92ef36642364', 'af4f8661-c0be-48d7-a150-c982afad4fe2', 'Malachi Lawson', 'T', 'JV', 'M', NULL, '2025-11-03 22:41:40', NULL, NULL, '0', NULL, NULL),
('3f6f9e88-f20d-4422-9ff8-3479ec431498', 'df29ec34-b9ac-4667-be49-86a118e4e73e', 'ee2e8fac-800b-4d18-be32-c4326169b7af', 'Isabella Diaz', 'W', 'JV', 'F', NULL, '2025-10-29 18:02:55', NULL, NULL, '0', NULL, NULL),
('3fc7f603-7821-4073-9468-3a005db8f54b', 'fa473a27-989d-4f6a-ba6f-92ef36642364', '3f799c9b-6a9f-4c71-95e1-98d8305636e1', 'Leah Toji', 'W', 'JV', 'F', NULL, '2025-11-03 22:41:40', NULL, NULL, '0', NULL, NULL),
('4732dc24-3d88-4948-9269-ba2353e69c16', '6318bd0f-ae5d-46ee-ab9c-9f9d276cc977', '05c38abb-dff3-4325-9cd5-f2e03f13ba19', 'Ryder Singer', 'T', 'VAR', 'M', 'A', '2025-11-04 00:55:01', NULL, '1', '0', NULL, NULL),
('473c7d8e-15e4-48c6-b9de-a570c36670c0', 'fa473a27-989d-4f6a-ba6f-92ef36642364', '6549db8f-77d9-4048-866c-4d3d7a1f9b2b', 'Danny Torres', 'W', 'JV', 'M', NULL, '2025-11-03 22:41:40', NULL, NULL, '0', NULL, NULL),
('480eb2a8-5ca1-4e34-af59-2fae01058356', '9319e5c5-1afb-4856-bb8c-b613105bfec0', 'ca21be3e-7303-4f03-b833-0f277815a98c', 'Ethan Johnson', 'T', 'JV', 'M', 'B', '2025-11-04 19:14:32', NULL, '2', '0', NULL, NULL),
('496c90be-ebd0-4438-9d76-eebe6a310f8a', '6318bd0f-ae5d-46ee-ab9c-9f9d276cc977', '45e4984d-500a-4284-806d-f99da738a410', 'Alejandro Luna', 'T', 'VAR', 'M', 'B', '2025-11-04 00:55:01', NULL, '6', '0', NULL, NULL),
('497eae74-fbba-4f4e-a5c9-0f9fe2929d56', '6318bd0f-ae5d-46ee-ab9c-9f9d276cc977', '9878df28-7cbb-4090-b904-d78499f55fac', 'Eden Jonick', 'W', 'JV', 'F', 'C', '2025-11-04 00:55:01', NULL, '11', '0', NULL, NULL),
('4c7e8048-a0ec-4667-81fe-daa931ce53cd', '6318bd0f-ae5d-46ee-ab9c-9f9d276cc977', 'a383dc6e-e45c-4ef3-b7d4-0c52eaefe4bb', 'Lux Rojas', 'T', 'JV', 'F', 'C', '2025-11-04 00:55:01', NULL, '12', '0', NULL, NULL),
('4cfb2a2e-bbf3-4324-960e-14a58a6154a8', '6318bd0f-ae5d-46ee-ab9c-9f9d276cc977', 'da48eac8-8c9a-468c-9569-01e66e1d3863', 'Natalia Luna', 'T', 'JV', 'F', 'D', '2025-11-04 00:55:01', NULL, '16', '0', NULL, NULL),
('4db0eefe-2266-412a-91c4-d3314595c275', '6318bd0f-ae5d-46ee-ab9c-9f9d276cc977', '43e53e92-2d7b-45df-a8fa-c938cdb0f21f', 'Ethan Hernandez', 'W', 'JV', 'M', 'A', '2025-11-04 00:55:01', NULL, '6', '0', NULL, NULL),
('4db47074-3126-4acc-849e-434db2f4098c', '6318bd0f-ae5d-46ee-ab9c-9f9d276cc977', '263fceea-9043-4077-a9f8-481295038c03', 'Becky Yang', 'W', 'JV', 'F', 'C', '2025-11-04 00:55:01', NULL, '3', '0', NULL, NULL),
('4e05885b-e8bf-47f0-ae1f-d43855dff6ff', 'fa473a27-989d-4f6a-ba6f-92ef36642364', 'ee2e8fac-800b-4d18-be32-c4326169b7af', 'Isabella Diaz', 'W', 'JV', 'F', NULL, '2025-11-03 22:41:40', NULL, NULL, '0', NULL, NULL),
('4ead76ca-9afa-4064-9abe-bdabb63a53cd', 'df29ec34-b9ac-4667-be49-86a118e4e73e', '6d0ead96-9584-44a2-bd42-0cbf28d5f519', 'Angelica Perez', 'W', 'JV', 'F', NULL, '2025-10-29 18:02:55', NULL, NULL, '0', NULL, NULL),
('4f62c288-c4c2-4c2a-bc62-7ccbfde93916', 'df29ec34-b9ac-4667-be49-86a118e4e73e', 'e743dfed-f6e8-493b-a3b5-cbf6079db6bd', 'Leo Hernandez', 'T', 'JV', 'M', NULL, '2025-10-29 18:02:55', NULL, NULL, '0', NULL, NULL),
('4fbfc503-6d31-4168-824b-f28dfa75b7c9', '6318bd0f-ae5d-46ee-ab9c-9f9d276cc977', '3c7533af-eda1-48c7-b688-3279e75cc697', 'Kyan Shimazu', 'T', 'JV', 'M', 'A', '2025-11-04 00:55:01', NULL, '5', '0', NULL, NULL),
('51c88f24-45ee-4c9f-bf10-cb866d257880', 'fa473a27-989d-4f6a-ba6f-92ef36642364', '0008b068-eaa4-44cc-be62-df67faa4232a', 'Eric Salas', 'T', 'JV', 'M', NULL, '2025-11-03 22:41:40', NULL, NULL, '0', NULL, NULL),
('52312ccb-6014-4b3d-83dd-0f8a77c30dae', 'df29ec34-b9ac-4667-be49-86a118e4e73e', '3c7533af-eda1-48c7-b688-3279e75cc697', 'Kyan Shimazu', 'T', 'JV', 'M', 'D', '2025-10-29 18:02:55', NULL, '5', '0', NULL, NULL),
('52ae84ea-4a64-448c-af8e-a657b9c4d881', 'df29ec34-b9ac-4667-be49-86a118e4e73e', '0d5d3f91-d616-41ca-ab6e-dd08855b898a', 'Dominic Davis', 'T', 'JV', 'M', 'A', '2025-10-29 18:02:55', NULL, '1', '0', NULL, NULL),
('539c4619-7bf8-475e-a1ee-2b6c8411b262', 'fa473a27-989d-4f6a-ba6f-92ef36642364', '5c55e08a-ab6c-4981-8a57-42fc787220ae', 'Shiri Mross', 'W', 'JV', 'F', NULL, '2025-11-03 22:41:40', NULL, NULL, '0', NULL, NULL),
('542b8912-0178-40f0-969f-37e592132159', '6318bd0f-ae5d-46ee-ab9c-9f9d276cc977', '13a1f75f-ba98-4d6f-b106-c50141e3816d', 'Amelie Casillas', 'W', 'JV', 'F', 'C', '2025-11-04 00:55:01', NULL, '2', '0', NULL, NULL),
('54c3532e-3793-4cf0-91a1-cbfb5ff8cd34', 'fa473a27-989d-4f6a-ba6f-92ef36642364', '2e3d6978-27a3-480d-89db-642f6f9fef6e', 'Ariana Ramirez', 'W', 'VAR', 'F', NULL, '2025-11-03 22:41:40', NULL, NULL, '0', NULL, NULL),
('54e45797-bd07-47ef-adb3-80f7b5223cc9', '6318bd0f-ae5d-46ee-ab9c-9f9d276cc977', '2e3d6978-27a3-480d-89db-642f6f9fef6e', 'Ariana Ramirez', 'W', 'VAR', 'F', 'A', '2025-11-04 00:55:01', NULL, '4', '0', NULL, NULL),
('55999fec-a9e4-4c5d-b912-37c50052be74', 'fa473a27-989d-4f6a-ba6f-92ef36642364', 'ca21be3e-7303-4f03-b833-0f277815a98c', 'Ethan Johnson', 'T', 'JV', 'M', NULL, '2025-11-03 22:41:40', NULL, NULL, '0', NULL, NULL),
('5697de7b-0e89-49ba-9156-eefa1208620d', 'fa473a27-989d-4f6a-ba6f-92ef36642364', '0d5d3f91-d616-41ca-ab6e-dd08855b898a', 'Dominic Davis', 'T', 'VAR', 'M', NULL, '2025-11-03 22:41:40', NULL, NULL, '0', NULL, NULL),
('5801454d-3d11-419a-ba04-9d6f3aaf49c6', 'fa473a27-989d-4f6a-ba6f-92ef36642364', 'a27bd9e2-b07b-4455-a9a0-805a9f5252f7', 'Solana Tsai', 'T', 'JV', 'F', NULL, '2025-11-03 22:41:40', NULL, NULL, '0', NULL, NULL),
('58248b50-597a-4165-abc8-377ccf08d951', '6318bd0f-ae5d-46ee-ab9c-9f9d276cc977', 'ee2e8fac-800b-4d18-be32-c4326169b7af', 'Isabella Diaz', 'W', 'JV', 'F', 'B', '2025-11-04 00:55:01', NULL, '18', '0', NULL, NULL),
('59597f83-5f82-48e2-8962-a4705202b065', 'df29ec34-b9ac-4667-be49-86a118e4e73e', 'eaa7e802-64de-4a07-bb71-8b06f4fc9d5a', 'Cooper Colinsky', 'W', 'JV', 'M', 'B', '2025-10-29 18:02:55', NULL, '1', '0', NULL, NULL),
('59f1363f-ccc9-426f-934c-66727d0e4ee5', 'fa473a27-989d-4f6a-ba6f-92ef36642364', 'd6e17810-489a-49b2-8b5a-58a6fc59884c', 'Levi Meeker', 'W', 'JV', 'M', NULL, '2025-11-03 22:41:40', NULL, NULL, '0', NULL, NULL),
('5e611cba-ee66-4202-9e0a-17712b761d40', '6318bd0f-ae5d-46ee-ab9c-9f9d276cc977', 'a27bd9e2-b07b-4455-a9a0-805a9f5252f7', 'Solana Tsai', 'T', 'JV', 'F', 'B', '2025-11-04 00:55:01', NULL, '12', '0', NULL, NULL),
('603e5066-f478-499f-92d2-6555eeacaf6e', '6318bd0f-ae5d-46ee-ab9c-9f9d276cc977', 'f425ccf4-967c-4ae6-a3e7-f80eccab8989', 'Hawkeye Barton', 'UNK', 'VAR', 'M', 'D', '2025-11-04 00:55:01', NULL, '18', '0', NULL, NULL),
('60e057b1-7634-40b5-b132-077f65a95f4b', 'fa473a27-989d-4f6a-ba6f-92ef36642364', 'ac06a059-60c0-4633-ae60-0cb908bcf738', 'Caleb Croft', 'W', 'JV', 'M', NULL, '2025-11-03 22:41:40', NULL, NULL, '0', NULL, NULL),
('62272dbf-1b99-409f-b23f-34ab0dcae582', 'df29ec34-b9ac-4667-be49-86a118e4e73e', '13a1f75f-ba98-4d6f-b106-c50141e3816d', 'Amelie Casillas', 'W', 'JV', 'F', NULL, '2025-10-29 18:02:55', NULL, NULL, '0', NULL, NULL),
('6245c6b1-e195-4de6-a9d8-5ed2878b7682', 'df29ec34-b9ac-4667-be49-86a118e4e73e', 'c95f43d5-14ba-42c7-9c9b-83566efa0d75', 'Alaya (lay) Johnson', 'W', 'JV', 'F', 'A', '2025-10-29 18:02:55', NULL, '1', '0', NULL, NULL),
('66a4c6a7-07aa-41b3-8722-eb4c049e0741', 'df29ec34-b9ac-4667-be49-86a118e4e73e', 'e8fae866-e370-4ede-80dd-addc367c1b4f', 'Bryce Golliday', 'W', 'JV', 'M', NULL, '2025-10-29 18:02:55', NULL, NULL, '0', NULL, NULL);
INSERT INTO `round_archers` (`id`, `round_id`, `archer_id`, `archer_name`, `school`, `level`, `gender`, `target_assignment`, `created_at`, `target_size`, `bale_number`, `completed`, `verified_at`, `verified_by`) VALUES
('67f9a622-d62a-4ed7-b84f-c47a69e4f3be', '9319e5c5-1afb-4856-bb8c-b613105bfec0', 'feb34fa4-fdd5-4d79-a2b1-7182eebabb06', 'Joseph McCorkle', 'T', 'JV', 'M', 'B', '2025-11-04 19:12:01', NULL, '1', '0', NULL, NULL),
('689da129-ddce-468d-b10f-0cc24c736476', 'df29ec34-b9ac-4667-be49-86a118e4e73e', 'a383dc6e-e45c-4ef3-b7d4-0c52eaefe4bb', 'Lux Rojas', 'T', 'JV', 'F', NULL, '2025-10-29 18:02:55', NULL, NULL, '0', NULL, NULL),
('69cb5f2b-f96a-40c9-b0c6-003b83330c7c', 'df29ec34-b9ac-4667-be49-86a118e4e73e', '3f799c9b-6a9f-4c71-95e1-98d8305636e1', 'Leah Toji', 'W', 'JV', 'F', 'C', '2025-10-29 18:02:55', NULL, '1', '0', NULL, NULL),
('6d083e12-5a8d-48f5-8c8f-cf163d224064', '9319e5c5-1afb-4856-bb8c-b613105bfec0', '2ec9b469-d049-438c-a637-db610537ed47', 'Bryce Golliday', 'T', 'JV', 'M', 'C', '2025-11-04 19:36:47', NULL, '1', '0', NULL, NULL),
('708cd94e-ca55-4870-8cd0-2447d42b6d89', 'df29ec34-b9ac-4667-be49-86a118e4e73e', 'da48eac8-8c9a-468c-9569-01e66e1d3863', 'Natalia Luna', 'T', 'JV', 'F', 'D', '2025-10-29 18:02:55', NULL, '1', '0', NULL, NULL),
('71055dae-fd33-4c43-95b8-eb995f625d11', '9319e5c5-1afb-4856-bb8c-b613105bfec0', 'af4f8661-c0be-48d7-a150-c982afad4fe2', 'Malachi Lawson', 'T', 'JV', 'M', 'B', '2025-11-04 19:12:54', NULL, '1', '0', NULL, NULL),
('72b6dc9d-6ba4-4bd1-a6f1-dbb1f329a3cc', 'fa473a27-989d-4f6a-ba6f-92ef36642364', 'eda90ff5-9f82-4b21-a0ef-7c2d971b02df', 'Jasper Peterson', 'W', 'JV', 'M', NULL, '2025-11-03 22:41:40', NULL, NULL, '0', NULL, NULL),
('7421c48d-099e-46de-ae03-e772a1c893ee', '6318bd0f-ae5d-46ee-ab9c-9f9d276cc977', 'c162420c-16ab-4054-82b9-766962a63cd8', 'Elijah Fykes', 'W', 'JV', 'M', 'C', '2025-11-04 00:55:01', NULL, '14', '0', NULL, NULL),
('7535bdab-c145-4d52-a22a-8b0e45f86bb7', '6318bd0f-ae5d-46ee-ab9c-9f9d276cc977', '61cce540-e45e-4f4b-a68f-1de9ec1d845e', 'Sa’Rih Torrencebella_ngai', 'T', 'JV', 'F', 'B', '2025-11-04 00:55:01', NULL, '8', '0', NULL, NULL),
('75940f97-23af-4706-843b-053246428cca', '6318bd0f-ae5d-46ee-ab9c-9f9d276cc977', '4c77693a-292e-4b9d-bcfa-bd2c05b78f8e', 'Alina Vizcarra', 'W', 'VAR', 'F', 'A', '2025-11-04 00:55:01', NULL, '7', '0', NULL, NULL),
('77c90a30-7e6c-4239-92df-c9d5adfe642d', 'fa473a27-989d-4f6a-ba6f-92ef36642364', '4a09af1c-5052-4e2b-ac0e-6cdba37986e1', 'Alan Lopez', 'W', 'JV', 'M', NULL, '2025-11-03 22:41:40', NULL, NULL, '0', NULL, NULL),
('78d0caae-9aa2-4e03-ac7e-793f8ac15ceb', 'fa473a27-989d-4f6a-ba6f-92ef36642364', '3c5b458b-4d0e-4156-91ad-5b542e631e52', 'Ethan De La Torre', 'W', 'VAR', 'M', NULL, '2025-11-03 22:41:40', NULL, NULL, '0', NULL, NULL),
('796feddd-668a-4100-9eb9-1a06ecaf4d69', 'df29ec34-b9ac-4667-be49-86a118e4e73e', 'c60a1695-1660-4178-a442-63537c1529b6', 'Giselle Gomez', 'T', 'JV', 'F', 'A', '2025-10-29 18:02:55', NULL, '1', '0', NULL, NULL),
('7a47c380-20f2-4ffb-b1e1-0140cb2bbfee', 'fa473a27-989d-4f6a-ba6f-92ef36642364', '784cb2b8-3769-49e2-a4fe-06e53e7cf837', 'Cruz Briseno', 'T', 'JV', 'M', NULL, '2025-11-03 22:41:40', NULL, NULL, '0', NULL, NULL),
('7c70e035-3e7c-441a-b8ec-88d8a93cbfab', '6318bd0f-ae5d-46ee-ab9c-9f9d276cc977', 'edffea21-d5b9-44b6-85a5-e3e0f238c7b6', 'Melanie Jimenez', 'W', 'JV', 'F', 'A', '2025-11-04 00:55:01', NULL, '18', '0', NULL, NULL),
('7ef3a331-d9f4-4993-a32d-b3cb40b5580f', 'df29ec34-b9ac-4667-be49-86a118e4e73e', '9a163c17-230a-4839-a7f5-b52ae7876eb5', 'Haley Mills', 'T', 'JV', 'F', NULL, '2025-10-29 18:02:55', NULL, NULL, '0', NULL, NULL),
('7fef1295-834c-4ece-bc74-6fc39455a326', '6318bd0f-ae5d-46ee-ab9c-9f9d276cc977', '22709b60-3406-4f5a-983b-d4f58a4c8e82', 'Brian O\' Connor', 'W', 'JV', 'M', 'B', '2025-11-04 00:55:01', NULL, '3', '0', NULL, NULL),
('804485e6-57ad-41fc-ad64-d45dc1868fff', '6318bd0f-ae5d-46ee-ab9c-9f9d276cc977', 'b8afc11a-bb1c-4c5d-9225-a04c2ae857c9', 'Awishkar Shrestha', 'W', 'JV', 'M', 'A', '2025-11-04 00:55:01', NULL, '14', '0', NULL, NULL),
('8062b4ad-5044-4c7a-80ec-57796a812e88', 'df29ec34-b9ac-4667-be49-86a118e4e73e', '569fab48-bf83-4097-b176-1d3c4f42e740', 'Tica Facer', 'W', 'JV', 'F', 'C', '2025-10-30 10:28:01', NULL, '1', '0', NULL, NULL),
('8097a7a4-02b7-40f5-8be7-c32ec9af34be', 'df29ec34-b9ac-4667-be49-86a118e4e73e', '762d0b89-a052-48b0-8921-ed2f646c3735', 'Jaylene Velazquez', 'T', 'JV', 'F', NULL, '2025-10-29 18:02:55', NULL, NULL, '0', NULL, NULL),
('8699a944-5840-4b78-b546-1f8df6f6fa0d', 'df29ec34-b9ac-4667-be49-86a118e4e73e', 'b316adba-ff21-4ef7-a120-1087083415f8', 'Bella Ngai', 'W', 'JV', 'F', NULL, '2025-10-29 18:02:55', NULL, NULL, '0', NULL, NULL),
('8708fb6b-5bb4-4ed2-b90f-1bf3cf31d792', 'fa473a27-989d-4f6a-ba6f-92ef36642364', 'eaa7e802-64de-4a07-bb71-8b06f4fc9d5a', 'Cooper Colinsky', 'W', 'VAR', 'M', NULL, '2025-11-03 22:41:40', NULL, NULL, '0', NULL, NULL),
('87682acc-081a-4fd0-82f8-8ae6f6ed4e2c', 'df29ec34-b9ac-4667-be49-86a118e4e73e', '2e3d6978-27a3-480d-89db-642f6f9fef6e', 'Ariana Ramirez', 'W', 'JV', 'F', 'B', '2025-10-29 18:02:55', NULL, '1', '0', NULL, NULL),
('87aa57da-d446-469e-9414-6176e7bf3b89', 'df29ec34-b9ac-4667-be49-86a118e4e73e', '61cce540-e45e-4f4b-a68f-1de9ec1d845e', 'Sa’Rih Torrencebella_ngai', 'T', 'JV', 'F', 'C', '2025-10-29 18:02:55', NULL, '1', '0', NULL, NULL),
('883cd2d7-c75c-4b91-9055-b630fbdb062e', '9319e5c5-1afb-4856-bb8c-b613105bfec0', 'd29f88b9-caa9-4ec4-98c4-54233f495db7', 'Mikaylah Araujo', 'T', 'JV', 'F', 'C', '2025-11-04 19:14:32', NULL, '2', '0', NULL, NULL),
('88cdd990-4cb1-4aa2-8ba6-3c2515c6d8ea', 'fa473a27-989d-4f6a-ba6f-92ef36642364', 'd6a82854-08d8-4ebd-a33c-f26eafbb067a', 'Adjani De La Riva', 'W', 'JV', 'F', NULL, '2025-11-03 22:41:40', NULL, NULL, '0', NULL, NULL),
('8932cd23-00db-4d51-8346-05381984766f', 'df29ec34-b9ac-4667-be49-86a118e4e73e', '91ae090c-2299-4ee5-85e6-fd8efd7848e1', 'Luke Garr', 'T', 'JV', 'M', 'A', '2025-10-29 18:02:55', NULL, '1', '0', NULL, NULL),
('895a0719-10c7-4b3c-af98-531b9e49e82f', 'fa473a27-989d-4f6a-ba6f-92ef36642364', 'c95f43d5-14ba-42c7-9c9b-83566efa0d75', 'Alaya Johnson', 'W', 'JV', 'F', NULL, '2025-11-03 22:41:40', NULL, NULL, '0', NULL, NULL),
('8c04a995-ab90-4d74-891f-cb2f91c0a7a3', 'fa473a27-989d-4f6a-ba6f-92ef36642364', '1cc7db4d-f321-4fdb-a236-13668503b461', 'Dean Gomez', 'W', 'VAR', 'M', NULL, '2025-11-03 22:41:40', NULL, NULL, '0', NULL, NULL),
('8c0db7cf-4fc7-456a-8b9d-0b8140d01c3b', '9319e5c5-1afb-4856-bb8c-b613105bfec0', '0008b068-eaa4-44cc-be62-df67faa4232a', 'Eric Salas', 'T', 'JV', 'M', 'B', '2025-11-04 19:36:47', NULL, '1', '0', NULL, NULL),
('8d8812f3-e20f-4010-afa9-fb08f2203efc', 'df29ec34-b9ac-4667-be49-86a118e4e73e', '784cb2b8-3769-49e2-a4fe-06e53e7cf837', 'Cruz Briseno', 'T', 'JV', 'M', 'A', '2025-10-29 18:02:55', NULL, '1', '0', NULL, NULL),
('8ddfa0d9-30fe-4e31-abc5-08e415750576', '6318bd0f-ae5d-46ee-ab9c-9f9d276cc977', 'db2d299e-9760-44c0-9b57-f79a7de46f51', 'Joslyn Chua', 'W', 'JV', 'F', 'A', '2025-11-04 00:55:01', NULL, '17', '0', NULL, NULL),
('8de6c912-481d-46ff-ac16-870f75401abc', 'fa473a27-989d-4f6a-ba6f-92ef36642364', '80af14a8-b102-432b-ba1b-b89532dbd4e2', 'Samantha Rodriguez', 'T', 'JV', 'F', NULL, '2025-11-03 22:41:40', NULL, NULL, '0', NULL, NULL),
('8de97824-9a7d-400b-adc3-bc130e01441c', 'fa473a27-989d-4f6a-ba6f-92ef36642364', '57575dcf-61f4-4846-9539-152fa7fd4a11', 'Zoey Perez', 'W', 'JV', 'F', NULL, '2025-11-03 22:41:40', NULL, NULL, '0', NULL, NULL),
('8e4024e8-9a0c-4e2d-90e8-2edaab4b2c32', 'fa473a27-989d-4f6a-ba6f-92ef36642364', '2aae7c38-9378-4a6b-b909-d0e01b6bded0', 'Knox Mann Chavez', 'W', 'JV', 'F', NULL, '2025-11-03 22:41:40', NULL, NULL, '0', NULL, NULL),
('8eb7182a-3aec-4d46-924d-06834a810362', 'df29ec34-b9ac-4667-be49-86a118e4e73e', 'ca21be3e-7303-4f03-b833-0f277815a98c', 'Ethan Johnson', 'T', 'JV', 'M', 'A', '2025-10-29 18:02:55', NULL, '5', '0', NULL, NULL),
('8fecf26a-b768-43bd-a0d3-98801a22b13b', '6318bd0f-ae5d-46ee-ab9c-9f9d276cc977', 'd29f88b9-caa9-4ec4-98c4-54233f495db7', 'Mikaylah Araujo', 'T', 'JV', 'F', 'D', '2025-11-04 00:55:01', NULL, '15', '0', NULL, NULL),
('95d1a4a6-4ef8-47b8-9e1d-cf7983fa0a6d', '6318bd0f-ae5d-46ee-ab9c-9f9d276cc977', '551112f7-10b4-471c-90f3-50c4eae0d9eb', 'Katelyn Acosta De Lira', 'T', 'JV', 'F', 'B', '2025-11-04 00:55:01', NULL, '7', '0', NULL, NULL),
('95e183bd-5ed6-477f-97fd-ef1140fc1b32', '6318bd0f-ae5d-46ee-ab9c-9f9d276cc977', '57575dcf-61f4-4846-9539-152fa7fd4a11', 'Zoey Perez', 'W', 'JV', 'F', 'D', '2025-11-04 00:55:01', NULL, '7', '0', NULL, NULL),
('96fc3b97-62c6-437f-b602-ef5d5cd67d03', '6318bd0f-ae5d-46ee-ab9c-9f9d276cc977', 'af4f8661-c0be-48d7-a150-c982afad4fe2', 'Malachi Lawson', 'T', 'JV', 'M', 'B', '2025-11-04 00:55:01', NULL, '13', '0', NULL, NULL),
('97013014-e911-4b3f-b012-c9257976c778', '6318bd0f-ae5d-46ee-ab9c-9f9d276cc977', '000ef07e-7477-47e1-804c-9a9fbb63330a', 'Amelia Beall', 'T', 'JV', 'F', 'B', '2025-11-04 00:55:01', NULL, '1', '0', NULL, NULL),
('979809b8-ef4c-49bb-a9da-757f4dcb7489', 'df29ec34-b9ac-4667-be49-86a118e4e73e', 'edffea21-d5b9-44b6-85a5-e3e0f238c7b6', 'Melanie Jimenez', 'W', 'JV', 'F', NULL, '2025-10-29 18:02:55', NULL, NULL, '0', NULL, NULL),
('97be69fb-c9ba-4e16-ac69-feeca13f755a', 'df29ec34-b9ac-4667-be49-86a118e4e73e', 'a27bd9e2-b07b-4455-a9a0-805a9f5252f7', 'Solana Tsai', 'T', 'JV', 'F', 'C', '2025-10-29 18:02:55', NULL, '1', '0', NULL, NULL),
('98b1cc75-1ff4-414b-a98e-2c27a9405391', 'fa473a27-989d-4f6a-ba6f-92ef36642364', '000ef07e-7477-47e1-804c-9a9fbb63330a', 'Amelia Beall', 'T', 'JV', 'F', NULL, '2025-11-03 22:41:40', NULL, NULL, '0', NULL, NULL),
('9b340e33-ef9f-47dc-ac55-77e2bcdfa8f5', 'df29ec34-b9ac-4667-be49-86a118e4e73e', 'afd98f98-eff4-40fc-82bc-6e5aae351dd5', 'Ashriya Milton', 'W', 'JV', 'F', NULL, '2025-10-29 18:02:55', NULL, NULL, '0', NULL, NULL),
('9d8e1745-26b6-4a30-a7f6-c96810fbe14c', 'fa473a27-989d-4f6a-ba6f-92ef36642364', 'b316adba-ff21-4ef7-a120-1087083415f8', 'Bella Ngai', 'W', 'JV', 'F', NULL, '2025-11-03 22:41:40', NULL, NULL, '0', NULL, NULL),
('9dfdea49-f7d1-4e7f-a064-00d0b8773277', 'df29ec34-b9ac-4667-be49-86a118e4e73e', '8b2638d2-f727-48c0-a167-8f0689119ee6', 'Maggie Zakrzewski', 'W', 'JV', 'F', 'C', '2025-10-29 18:02:55', NULL, '1', '0', NULL, NULL),
('9ed79fc4-c7fd-4799-93c9-72405c67963a', 'df29ec34-b9ac-4667-be49-86a118e4e73e', '1cc7db4d-f321-4fdb-a236-13668503b461', 'Dean Gomez', 'W', 'JV', 'M', 'A', '2025-10-29 18:02:55', NULL, '1', '0', NULL, NULL),
('9efb0cc8-9533-47c1-bcc8-5250158c1e8c', '6318bd0f-ae5d-46ee-ab9c-9f9d276cc977', 'd6e17810-489a-49b2-8b5a-58a6fc59884c', 'Levi Meeker', 'W', 'JV', 'M', 'C', '2025-11-04 00:55:01', NULL, '16', '0', NULL, NULL),
('9f25ce9f-d560-4d96-ae67-29422d5203e6', '6318bd0f-ae5d-46ee-ab9c-9f9d276cc977', 'eda90ff5-9f82-4b21-a0ef-7c2d971b02df', 'Jasper Peterson', 'W', 'JV', 'M', 'D', '2025-11-04 00:55:01', NULL, '17', '0', NULL, NULL),
('9f3f98c8-b294-414b-870d-735a08329721', 'fa473a27-989d-4f6a-ba6f-92ef36642364', 'e743dfed-f6e8-493b-a3b5-cbf6079db6bd', 'Leo Hernandez', 'T', 'JV', 'M', NULL, '2025-11-03 22:41:40', NULL, NULL, '0', NULL, NULL),
('9ff26232-f51e-486c-9428-c981d42b5f7e', '6318bd0f-ae5d-46ee-ab9c-9f9d276cc977', 'eaa7e802-64de-4a07-bb71-8b06f4fc9d5a', 'Cooper Colinsky', 'W', 'VAR', 'M', 'C', '2025-11-04 00:55:01', NULL, '17', '0', NULL, NULL),
('a09e9583-018f-411e-93f0-77a054ff1434', '6318bd0f-ae5d-46ee-ab9c-9f9d276cc977', '91ae090c-2299-4ee5-85e6-fd8efd7848e1', 'Luke Garr', 'T', 'VAR', 'M', 'B', '2025-11-04 00:55:01', NULL, '11', '0', NULL, NULL),
('a13a4166-6dd3-431d-ad83-015e23b5a091', '9319e5c5-1afb-4856-bb8c-b613105bfec0', 'da48eac8-8c9a-468c-9569-01e66e1d3863', 'Natalia Luna', 'T', 'JV', 'F', 'B', '2025-11-04 19:14:58', NULL, '6', '0', NULL, NULL),
('a3c333f3-da92-4fac-a8ad-22ab0d703476', 'df29ec34-b9ac-4667-be49-86a118e4e73e', '01c1de8a-c2a4-4db4-8895-57391411a6f5', 'Eva Campos', 'T', 'JV', 'F', NULL, '2025-10-29 18:02:55', NULL, NULL, '0', NULL, NULL),
('a3f57111-7ea9-4126-96a3-2b56d7055ab7', 'df29ec34-b9ac-4667-be49-86a118e4e73e', '8ddc8d62-afbe-472e-a7bd-20a5ee3c9dd1', 'Caio Lalau', 'T', 'JV', 'M', NULL, '2025-10-29 18:02:55', NULL, NULL, '0', NULL, NULL),
('a42e7171-aa38-4675-b309-2b99a7470572', 'df29ec34-b9ac-4667-be49-86a118e4e73e', '6ce2b350-4c31-46f0-aa7c-68b7384dd4db', 'Landon Hines', 'T', 'JV', 'M', 'C', '2025-10-29 18:02:55', NULL, '7', '0', NULL, NULL),
('a735a7b1-958d-48b9-bae3-317328764aeb', '6318bd0f-ae5d-46ee-ab9c-9f9d276cc977', 'e743dfed-f6e8-493b-a3b5-cbf6079db6bd', 'Leo Hernandez', 'T', 'JV', 'M', 'B', '2025-11-04 00:55:01', NULL, '17', '0', NULL, NULL),
('a86533dd-2ff1-4f4c-a068-c3ecd0503234', 'df29ec34-b9ac-4667-be49-86a118e4e73e', 'd29f88b9-caa9-4ec4-98c4-54233f495db7', 'Mikaylah Araujo', 'T', 'JV', 'F', 'C', '2025-10-29 18:02:55', NULL, '1', '0', NULL, NULL),
('aa4e836a-0009-4ee4-8c70-3aecb4a2aa8c', 'fa473a27-989d-4f6a-ba6f-92ef36642364', '4c77693a-292e-4b9d-bcfa-bd2c05b78f8e', 'Alina Vizcarra', 'W', 'VAR', 'F', NULL, '2025-11-03 22:41:40', NULL, NULL, '0', NULL, NULL),
('aa69baf9-3b54-4d89-8d65-32dec430ad9a', 'fa473a27-989d-4f6a-ba6f-92ef36642364', 'd29f88b9-caa9-4ec4-98c4-54233f495db7', 'Mikaylah Araujo', 'T', 'JV', 'F', NULL, '2025-11-03 22:41:40', NULL, NULL, '0', NULL, NULL),
('aa70cb79-c08d-4402-8177-4c83e3ce1391', 'fa473a27-989d-4f6a-ba6f-92ef36642364', 'f97ac500-a101-40b4-b39e-eceab3962e57', 'Liana Bils', 'W', 'VAR', 'F', NULL, '2025-11-03 22:41:40', NULL, NULL, '0', NULL, NULL),
('aa94d989-8b31-4f03-bd61-980181772f6f', 'df29ec34-b9ac-4667-be49-86a118e4e73e', '43e53e92-2d7b-45df-a8fa-c938cdb0f21f', 'Ethan Hernandez', 'W', 'JV', 'M', 'C', '2025-10-29 18:02:55', NULL, '1', '0', NULL, NULL),
('ad73018a-78d4-4460-ab9c-5f3d9b68c15e', 'df29ec34-b9ac-4667-be49-86a118e4e73e', 'c162420c-16ab-4054-82b9-766962a63cd8', 'Elijah Fykes', 'W', 'JV', 'M', 'C', '2025-10-29 18:02:55', NULL, '1', '0', NULL, NULL),
('b0f7c85e-f182-40f2-bf1c-0e5b02a85c57', 'fa473a27-989d-4f6a-ba6f-92ef36642364', '01c1de8a-c2a4-4db4-8895-57391411a6f5', 'Eva Campos', 'T', 'JV', 'F', NULL, '2025-11-03 22:41:40', NULL, NULL, '0', NULL, NULL),
('b10e3df5-ed5e-4ac4-b183-591bf0f8ed0a', 'fa473a27-989d-4f6a-ba6f-92ef36642364', '8b2638d2-f727-48c0-a167-8f0689119ee6', 'Maggie Zakrzewski', 'W', 'JV', 'F', NULL, '2025-11-03 22:41:40', NULL, NULL, '0', NULL, NULL),
('b2a975fd-ba88-4c47-8025-313bded5e73b', 'fa473a27-989d-4f6a-ba6f-92ef36642364', 'f6c6da50-e204-4649-8ff1-d4eb9aaac9eb', 'Victoria Salcedo', 'W', 'JV', 'F', NULL, '2025-11-03 22:41:40', NULL, NULL, '0', NULL, NULL),
('b2ac2a1c-0894-42f0-a7fd-ad95be0575ab', 'df29ec34-b9ac-4667-be49-86a118e4e73e', 'eda90ff5-9f82-4b21-a0ef-7c2d971b02df', 'Jasper Peterson', 'W', 'JV', 'M', NULL, '2025-10-29 18:02:55', NULL, NULL, '0', NULL, NULL),
('b38e7e19-c620-4c43-aa7a-044420a66c38', '6318bd0f-ae5d-46ee-ab9c-9f9d276cc977', 'ca21be3e-7303-4f03-b833-0f277815a98c', 'Ethan Johnson', 'T', 'JV', 'M', 'C', '2025-11-04 00:55:01', NULL, '15', '0', NULL, NULL),
('b5273a51-ec54-47a1-9cdb-2b3e8a4309ba', '6318bd0f-ae5d-46ee-ab9c-9f9d276cc977', '30636eb5-cf82-481a-97a7-68fe50f85e25', 'Kasandra Hernandez', 'W', 'JV', 'F', 'C', '2025-11-04 00:55:01', NULL, '4', '0', NULL, NULL),
('b6fafddb-3ba2-45d9-a0af-7ccd02c99f75', '6318bd0f-ae5d-46ee-ab9c-9f9d276cc977', '0008b068-eaa4-44cc-be62-df67faa4232a', 'Eric Salas', 'T', 'JV', 'M', 'A', '2025-11-04 00:55:01', NULL, '1', '0', NULL, NULL),
('b9ab41a2-3023-47b4-a06b-9640336fa297', 'df29ec34-b9ac-4667-be49-86a118e4e73e', '5c55e08a-ab6c-4981-8a57-42fc787220ae', 'Shiri Mross', 'W', 'JV', 'F', 'B', '2025-10-29 18:02:55', NULL, '1', '0', NULL, NULL),
('ba074bf9-b350-41a7-a780-78304e97b54e', 'fa473a27-989d-4f6a-ba6f-92ef36642364', '762d0b89-a052-48b0-8921-ed2f646c3735', 'Jaylene Velazquez', 'T', 'JV', 'F', NULL, '2025-11-03 22:41:40', NULL, NULL, '0', NULL, NULL),
('ba7478f9-14be-4ccc-a034-b0eb8af5e17d', '9319e5c5-1afb-4856-bb8c-b613105bfec0', 'a27bd9e2-b07b-4455-a9a0-805a9f5252f7', 'Solana Tsai', 'T', 'JV', 'F', 'A', '2025-11-04 19:14:58', NULL, '6', '0', NULL, NULL),
('ba97f9ec-d5c6-4ced-8f16-25338e146b5e', '9319e5c5-1afb-4856-bb8c-b613105bfec0', '45e4984d-500a-4284-806d-f99da738a410', 'Alejandro Luna', 'T', 'VAR', 'M', 'C', '2025-11-04 19:12:54', NULL, '1', '0', NULL, NULL),
('bdc45c1d-7018-425d-b66a-c7f693bd750e', 'fa473a27-989d-4f6a-ba6f-92ef36642364', '13a1f75f-ba98-4d6f-b106-c50141e3816d', 'Amelie Casillas', 'W', 'JV', 'F', NULL, '2025-11-03 22:41:40', NULL, NULL, '0', NULL, NULL),
('c0938519-5217-457d-b4e3-46ceadcd6f78', 'df29ec34-b9ac-4667-be49-86a118e4e73e', '57575dcf-61f4-4846-9539-152fa7fd4a11', 'Zoey Perez', 'W', 'JV', 'F', NULL, '2025-10-29 18:02:55', NULL, NULL, '0', NULL, NULL),
('c0cd901b-164d-498c-a42d-61e5ae596bbc', 'fa473a27-989d-4f6a-ba6f-92ef36642364', '22709b60-3406-4f5a-983b-d4f58a4c8e82', 'Brian O\' Connor', 'W', 'JV', 'M', NULL, '2025-11-03 22:41:40', NULL, NULL, '0', NULL, NULL),
('c26ed66d-3b0b-493e-9b10-81ac30d606b2', '6318bd0f-ae5d-46ee-ab9c-9f9d276cc977', '6a424c72-b16d-4085-8d8b-992065dbb252', 'Vida Vargas', 'W', 'JV', 'F', 'B', '2025-11-04 00:55:01', NULL, '9', '0', NULL, NULL),
('c2e0ce6e-f330-483d-a41a-b4d38061975e', '6318bd0f-ae5d-46ee-ab9c-9f9d276cc977', '3d26b6f9-fa15-4c91-8ad8-647ca471df90', 'Jozelynne Rodasguillen', 'W', 'JV', 'F', 'B', '2025-11-04 00:55:01', NULL, '5', '0', NULL, NULL),
('c322cd8f-4e46-409c-994c-42d21cdffd9d', 'df29ec34-b9ac-4667-be49-86a118e4e73e', '3d26b6f9-fa15-4c91-8ad8-647ca471df90', 'Jozelynne Rodasguillen', 'W', 'JV', 'F', NULL, '2025-10-29 18:02:55', NULL, NULL, '0', NULL, NULL),
('c5f21b8f-3055-4ce0-b688-658988807f70', 'fa473a27-989d-4f6a-ba6f-92ef36642364', 'a6615802-49db-4c41-ba66-3c8f37808c1f', 'Natalia Montalvo', 'W', 'JV', 'F', NULL, '2025-11-03 22:41:40', NULL, NULL, '0', NULL, NULL),
('c765af68-f2a5-465c-aa1e-29d5432c68fb', 'df29ec34-b9ac-4667-be49-86a118e4e73e', '2aae7c38-9378-4a6b-b909-d0e01b6bded0', 'Knox Mann Chavez', 'W', 'JV', 'F', 'D', '2025-10-29 18:02:55', NULL, '9', '0', NULL, NULL),
('c79a1ee0-38e3-4e67-893f-433c8ab4773d', 'fa473a27-989d-4f6a-ba6f-92ef36642364', 'edffea21-d5b9-44b6-85a5-e3e0f238c7b6', 'Melanie Jimenez', 'W', 'JV', 'F', NULL, '2025-11-03 22:41:40', NULL, NULL, '0', NULL, NULL),
('c958a836-5f00-4763-bd05-86a8a13624d9', '6318bd0f-ae5d-46ee-ab9c-9f9d276cc977', '5c55e08a-ab6c-4981-8a57-42fc787220ae', 'Shiri Mross', 'W', 'JV', 'F', 'A', '2025-11-04 00:55:01', NULL, '8', '0', NULL, NULL),
('cd54f2c0-c167-48f4-97b8-e2994b04d318', 'df29ec34-b9ac-4667-be49-86a118e4e73e', '9878df28-7cbb-4090-b904-d78499f55fac', 'Eden Jonick', 'W', 'JV', 'F', 'C', '2025-10-29 18:02:55', NULL, '1', '0', NULL, NULL),
('cdfc52b9-9142-424f-90c0-10623b219ab9', 'df29ec34-b9ac-4667-be49-86a118e4e73e', 'ad0b29a7-024c-4973-a4cd-df7b9f1a4116', 'Verify Test', 'T', 'JV', 'M', 'A', '2025-11-04 14:36:24', NULL, '99', '0', NULL, NULL),
('cedb69fa-16cb-452d-b250-f4c1ef221079', '6318bd0f-ae5d-46ee-ab9c-9f9d276cc977', '80af14a8-b102-432b-ba1b-b89532dbd4e2', 'Samantha Rodriguez', 'T', 'JV', 'F', 'C', '2025-11-04 00:55:01', NULL, '10', '0', NULL, NULL),
('d19fc752-8e26-4063-a6ae-4d2e46fabc34', 'fa473a27-989d-4f6a-ba6f-92ef36642364', 'c162420c-16ab-4054-82b9-766962a63cd8', 'Elijah Fykes', 'W', 'JV', 'M', NULL, '2025-11-03 22:41:40', NULL, NULL, '0', NULL, NULL),
('d21cff37-43d1-40e9-8519-b7c29fd03a03', '6318bd0f-ae5d-46ee-ab9c-9f9d276cc977', 'a6615802-49db-4c41-ba66-3c8f37808c1f', 'Natalia Montalvo', 'W', 'JV', 'F', 'D', '2025-11-04 00:55:01', NULL, '12', '0', NULL, NULL),
('d30d222b-4b3c-443c-a7a7-5fce2a08e7d3', 'fa473a27-989d-4f6a-ba6f-92ef36642364', '9878df28-7cbb-4090-b904-d78499f55fac', 'Eden Jonick', 'W', 'JV', 'F', NULL, '2025-11-03 22:41:40', NULL, NULL, '0', NULL, NULL),
('d30da10c-3cd8-4d8f-8512-a044be4307e1', '9319e5c5-1afb-4856-bb8c-b613105bfec0', '3c7533af-eda1-48c7-b688-3279e75cc697', 'Kyan Shimazu', 'T', 'JV', 'M', 'C', '2025-11-04 19:12:01', NULL, '1', '0', NULL, NULL),
('d386d6ca-8885-437f-8655-8c322534ce35', '6318bd0f-ae5d-46ee-ab9c-9f9d276cc977', '569fab48-bf83-4097-b176-1d3c4f42e740', 'Tica Facer', 'W', 'JV', 'F', 'C', '2025-11-04 00:55:01', NULL, '7', '0', NULL, NULL),
('d483e911-0e83-4bd9-be6c-7bbf06023562', '9319e5c5-1afb-4856-bb8c-b613105bfec0', '551112f7-10b4-471c-90f3-50c4eae0d9eb', 'Katelyn Acosta De Lira', 'T', 'JV', 'F', 'C', '2025-11-04 19:14:58', NULL, '6', '0', NULL, NULL),
('d4b11b50-8ab9-4082-b9e1-54e30c9744f9', 'df29ec34-b9ac-4667-be49-86a118e4e73e', '30636eb5-cf82-481a-97a7-68fe50f85e25', 'Kasandra Hernandez', 'W', 'JV', 'F', 'A', '2025-10-29 18:02:55', NULL, '1', '0', NULL, NULL),
('d59f09ef-7cf9-4e2d-b15b-42f3edbbc562', '6318bd0f-ae5d-46ee-ab9c-9f9d276cc977', '6549db8f-77d9-4048-866c-4d3d7a1f9b2b', 'Danny Torres', 'W', 'JV', 'M', 'D', '2025-11-04 00:55:01', NULL, '8', '0', NULL, NULL),
('d5a3c9af-b306-4087-9cbd-7a5b1bb67593', '6318bd0f-ae5d-46ee-ab9c-9f9d276cc977', '0423dd98-dc2d-4a60-ac3b-c4b6ceea1c8c', 'Jasmin Aranda', 'T', 'JV', 'F', 'D', '2025-11-04 00:55:01', NULL, '1', '0', NULL, NULL),
('d5fcd599-db40-48a3-9db5-a5ba58ffacaa', 'df29ec34-b9ac-4667-be49-86a118e4e73e', '80af14a8-b102-432b-ba1b-b89532dbd4e2', 'Samantha Rodriguez', 'T', 'JV', 'F', NULL, '2025-10-29 18:02:55', NULL, NULL, '0', NULL, NULL),
('d7bb3c08-3e50-4103-9f5e-b19641df3665', 'fa473a27-989d-4f6a-ba6f-92ef36642364', '45e4984d-500a-4284-806d-f99da738a410', 'Alejandro Luna', 'T', 'VAR', 'M', NULL, '2025-11-03 22:41:40', NULL, NULL, '0', NULL, NULL),
('db1e32ac-b936-484d-8d97-118d026e5e60', 'df29ec34-b9ac-4667-be49-86a118e4e73e', '0423dd98-dc2d-4a60-ac3b-c4b6ceea1c8c', 'Jasmin Aranda', 'T', 'JV', 'F', NULL, '2025-10-29 18:02:55', NULL, NULL, '0', NULL, NULL);
INSERT INTO `round_archers` (`id`, `round_id`, `archer_id`, `archer_name`, `school`, `level`, `gender`, `target_assignment`, `created_at`, `target_size`, `bale_number`, `completed`, `verified_at`, `verified_by`) VALUES
('dba01f94-3f97-4890-8d6a-11d7a9869747', 'fa473a27-989d-4f6a-ba6f-92ef36642364', '9a163c17-230a-4839-a7f5-b52ae7876eb5', 'Haley Mills', 'T', 'JV', 'F', NULL, '2025-11-03 22:41:40', NULL, NULL, '0', NULL, NULL),
('dc002410-c037-4282-b167-fbf041ad1eb3', 'fa473a27-989d-4f6a-ba6f-92ef36642364', '3d26b6f9-fa15-4c91-8ad8-647ca471df90', 'Jozelynne Rodasguillen', 'W', 'JV', 'F', NULL, '2025-11-03 22:41:40', NULL, NULL, '0', NULL, NULL),
('dcfe3a30-18b8-4c54-92dc-87d31a1f8bc6', '6318bd0f-ae5d-46ee-ab9c-9f9d276cc977', '0d5d3f91-d616-41ca-ab6e-dd08855b898a', 'Dominic Davis', 'T', 'VAR', 'M', 'A', '2025-11-04 00:55:01', NULL, '1', '0', NULL, NULL),
('dd29fe78-0c03-452a-81d9-4dbbd2d95f03', 'df29ec34-b9ac-4667-be49-86a118e4e73e', '05c38abb-dff3-4325-9cd5-f2e03f13ba19', 'Ryder Singer', 'T', 'JV', 'M', 'A', '2025-10-29 18:02:55', NULL, '1', '0', NULL, NULL),
('ddd1218b-a364-4f4f-a8e1-70d705ebfb12', 'df29ec34-b9ac-4667-be49-86a118e4e73e', 'feb34fa4-fdd5-4d79-a2b1-7182eebabb06', 'Joseph McCorkle', 'T', 'JV', 'M', 'B', '2025-10-29 18:02:55', NULL, '5', '0', NULL, NULL),
('df27f981-93f9-4f91-8021-3e42bfa8c343', '6318bd0f-ae5d-46ee-ab9c-9f9d276cc977', '3c5b458b-4d0e-4156-91ad-5b542e631e52', 'Ethan De La Torre', 'W', 'VAR', 'M', 'D', '2025-11-04 00:55:01', NULL, '4', '0', NULL, NULL),
('e07681d6-5df7-45cf-8427-efa3452c1b85', 'fa473a27-989d-4f6a-ba6f-92ef36642364', '3c7533af-eda1-48c7-b688-3279e75cc697', 'Kyan Shimazu', 'T', 'JV', 'M', NULL, '2025-11-03 22:41:40', NULL, NULL, '0', NULL, NULL),
('e111e4d7-a1d0-412f-89f5-001580fa63ea', 'fa473a27-989d-4f6a-ba6f-92ef36642364', 'f59e1f78-c6d6-44d1-bc3a-70dc7c656d50', 'Verina Saeed', 'W', 'JV', 'F', NULL, '2025-11-03 22:41:40', NULL, NULL, '0', NULL, NULL),
('e41b6114-908f-4c30-adc0-b1409b1fc872', '6318bd0f-ae5d-46ee-ab9c-9f9d276cc977', 'c95f43d5-14ba-42c7-9c9b-83566efa0d75', 'Alaya Johnson', 'W', 'JV', 'F', 'B', '2025-11-04 00:55:01', NULL, '15', '0', NULL, NULL),
('e6ca2d86-14e7-4478-9f61-1508a6b8c22b', '6318bd0f-ae5d-46ee-ab9c-9f9d276cc977', 'b316adba-ff21-4ef7-a120-1087083415f8', 'Bella Ngai', 'W', 'JV', 'F', 'D', '2025-11-04 00:55:01', NULL, '13', '0', NULL, NULL),
('e70442ba-443a-48ad-a90b-019521741cc9', 'df29ec34-b9ac-4667-be49-86a118e4e73e', '4a09af1c-5052-4e2b-ac0e-6cdba37986e1', 'Alan Lopez', 'W', 'JV', 'M', 'B', '2025-10-29 18:02:55', NULL, '1', '0', NULL, NULL),
('e80f750e-42a2-460f-a1ab-ecfc82ac0aab', '6318bd0f-ae5d-46ee-ab9c-9f9d276cc977', '01c1de8a-c2a4-4db4-8895-57391411a6f5', 'Eva Campos', 'T', 'JV', 'F', 'C', '2025-11-04 00:55:01', NULL, '1', '0', NULL, NULL),
('e9e69659-d5bd-4771-ae5a-0002fb009113', 'fa473a27-989d-4f6a-ba6f-92ef36642364', '569fab48-bf83-4097-b176-1d3c4f42e740', 'Tica Facer', 'W', 'JV', 'F', NULL, '2025-11-03 22:41:40', NULL, NULL, '0', NULL, NULL),
('ea3b8182-fcb6-4141-bace-b5c8c1074c88', '6318bd0f-ae5d-46ee-ab9c-9f9d276cc977', '8b2638d2-f727-48c0-a167-8f0689119ee6', 'Maggie Zakrzewski', 'W', 'JV', 'F', 'D', '2025-11-04 00:55:01', NULL, '10', '0', NULL, NULL),
('ea85e874-b802-4b2f-94f0-72750680bc30', 'df29ec34-b9ac-4667-be49-86a118e4e73e', 'd50261c2-5185-4c00-ba74-37510c2c229a', 'Jennelle Parks', 'T', 'JV', 'F', 'A', '2025-10-29 18:02:55', NULL, '1', '0', NULL, NULL),
('eabe46a5-3225-4426-a5e5-a619333069fc', 'df29ec34-b9ac-4667-be49-86a118e4e73e', 'a50f1afe-fa09-4c7c-bfdf-0a871a1573d4', 'Alaya (lay) Johnson', 'W', 'JV', 'F', NULL, '2025-10-29 18:02:55', NULL, NULL, '0', NULL, NULL),
('eb923236-c14c-4727-b2a1-9b62b79b7022', '6318bd0f-ae5d-46ee-ab9c-9f9d276cc977', '8ddc8d62-afbe-472e-a7bd-20a5ee3c9dd1', 'Caio Lalau', 'T', 'JV', 'M', 'A', '2025-11-04 00:55:01', NULL, '11', '0', NULL, NULL),
('eb9cda55-11fb-4de2-8492-1829d7ed02f9', '6318bd0f-ae5d-46ee-ab9c-9f9d276cc977', '21a57105-37d8-47ef-a0b6-aff1aec46804', 'Chelsea Riddle', 'T', 'VAR', 'F', 'A', '2025-11-04 00:55:01', NULL, '3', '0', NULL, NULL),
('edbfb8fd-eb86-4fd2-b901-df1ec9655230', 'fa473a27-989d-4f6a-ba6f-92ef36642364', '6ce2b350-4c31-46f0-aa7c-68b7384dd4db', 'Landon Hines', 'T', 'JV', 'M', 'C', '2025-11-03 22:41:40', NULL, '1', '0', NULL, NULL),
('eec75ae3-ba05-4f6a-9dd5-307246d12411', '6318bd0f-ae5d-46ee-ab9c-9f9d276cc977', '632012a7-2645-481c-99cb-fae78be0a72f', 'Brandon Garcia', 'W', 'VAR', 'M', 'A', '2025-11-04 11:07:39', NULL, '1', '0', NULL, NULL),
('ef431750-7d43-4726-9734-aeb97c4e8cc4', 'df29ec34-b9ac-4667-be49-86a118e4e73e', '3c5b458b-4d0e-4156-91ad-5b542e631e52', 'Ethan De La Torre', 'W', 'JV', 'M', 'A', '2025-10-29 18:02:55', NULL, '1', '0', NULL, NULL),
('f0f647a1-30fc-4d55-9505-28de5388c493', 'df29ec34-b9ac-4667-be49-86a118e4e73e', '632012a7-2645-481c-99cb-fae78be0a72f', 'Brandon Garcia', 'W', 'VAR', 'M', 'A', '2025-11-04 11:05:05', NULL, '1', '0', NULL, NULL),
('f12f1281-e3a1-44b8-abbf-7fcdd8891f5b', '9319e5c5-1afb-4856-bb8c-b613105bfec0', '61cce540-e45e-4f4b-a68f-1de9ec1d845e', 'Sa’Rih Torrencebella_ngai', 'T', 'JV', 'F', 'A', '2025-11-04 19:12:54', NULL, '1', '0', NULL, NULL),
('f15a9efa-cac3-4795-a7a8-cb8f3a47248f', 'df29ec34-b9ac-4667-be49-86a118e4e73e', 'a6615802-49db-4c41-ba66-3c8f37808c1f', 'Natalia Montalvo', 'W', 'JV', 'F', NULL, '2025-10-29 18:02:55', NULL, NULL, '0', NULL, NULL),
('f3af384f-ebab-49bc-aa6f-2c1f72465ec2', 'df29ec34-b9ac-4667-be49-86a118e4e73e', '0008b068-eaa4-44cc-be62-df67faa4232a', 'Eric Salas', 'T', 'JV', 'M', 'A', '2025-10-29 18:02:55', NULL, '1', '0', NULL, NULL),
('f3d314fc-3960-443a-a0ad-d779c077d0ce', '6318bd0f-ae5d-46ee-ab9c-9f9d276cc977', 'f0501017-9d98-416e-b95a-bb43d57892a8', 'Ellyse Legaspi', 'W', 'VAR', 'F', 'C', '2025-11-04 00:55:01', NULL, '18', '0', NULL, NULL),
('f4328a06-6f07-4dc3-80c0-602fa05a2da8', 'fa473a27-989d-4f6a-ba6f-92ef36642364', 'afd98f98-eff4-40fc-82bc-6e5aae351dd5', 'Ashriya Milton', 'W', 'JV', 'F', NULL, '2025-11-03 22:41:40', NULL, NULL, '0', NULL, NULL),
('f5a23964-083e-441b-a3fa-c56e9c456459', 'df29ec34-b9ac-4667-be49-86a118e4e73e', '263fceea-9043-4077-a9f8-481295038c03', 'Becky Yang', 'W', 'JV', 'F', 'A', '2025-10-29 18:02:55', NULL, '1', '0', NULL, NULL),
('f8335ab7-e0e4-4d9f-90a7-3877d8083c39', 'df29ec34-b9ac-4667-be49-86a118e4e73e', 'ee2e8fac-800b-4d18-be32-c4326169b7af', 'Isabella Diaz', 'W', 'JV', 'F', 'B', '2025-10-30 10:28:01', NULL, '1', '0', NULL, NULL),
('f8733682-5ab9-4b4c-9ecd-27441041b71d', 'df29ec34-b9ac-4667-be49-86a118e4e73e', 'b8afc11a-bb1c-4c5d-9225-a04c2ae857c9', 'Awishkar Shrestha', 'W', 'JV', 'M', NULL, '2025-10-29 18:02:55', NULL, NULL, '0', NULL, NULL),
('f96fe439-dce0-4585-a304-3f0e3a55c363', '6318bd0f-ae5d-46ee-ab9c-9f9d276cc977', '4a09af1c-5052-4e2b-ac0e-6cdba37986e1', 'Alan Lopez', 'W', 'JV', 'M', 'D', '2025-11-04 00:55:01', NULL, '6', '0', NULL, NULL),
('fa2b3363-5be5-49d3-a7dc-7c393ef194fb', 'df29ec34-b9ac-4667-be49-86a118e4e73e', 'f6c6da50-e204-4649-8ff1-d4eb9aaac9eb', 'Victoria Salcedo', 'W', 'JV', 'F', 'B', '2025-10-29 18:02:55', NULL, '1', '0', NULL, NULL),
('fadda9ea-6a61-4338-aea8-ac0f84aa5a9b', '6318bd0f-ae5d-46ee-ab9c-9f9d276cc977', 'f6c6da50-e204-4649-8ff1-d4eb9aaac9eb', 'Victoria Salcedo', 'W', 'JV', 'F', 'B', '2025-11-04 00:55:01', NULL, '19', '0', NULL, NULL),
('fc50f140-95b2-4651-a03c-5fed2c105017', '6318bd0f-ae5d-46ee-ab9c-9f9d276cc977', '2ec9b469-d049-438c-a637-db610537ed47', 'Bryce Golliday', 'T', 'JV', 'M', 'B', '2025-11-04 00:55:01', NULL, '4', '0', NULL, NULL),
('fd087b20-f383-42cd-9291-a7cf8db6e5bd', 'df29ec34-b9ac-4667-be49-86a118e4e73e', 'db2d299e-9760-44c0-9b57-f79a7de46f51', 'Joslyn Chua', 'W', 'JV', 'F', 'B', '2025-10-29 18:02:55', NULL, '1', '0', NULL, NULL),
('fdf7a879-b0e1-40ec-8879-6bb4e88d53ae', 'fa473a27-989d-4f6a-ba6f-92ef36642364', 'c60a1695-1660-4178-a442-63537c1529b6', 'Giselle Gomez', 'T', 'JV', 'F', NULL, '2025-11-03 22:41:40', NULL, NULL, '0', NULL, NULL),
('fe05a733-75c2-4240-80fe-2a5a217bd736', '6318bd0f-ae5d-46ee-ab9c-9f9d276cc977', 'c60a1695-1660-4178-a442-63537c1529b6', 'Giselle Gomez', 'T', 'JV', 'F', 'A', '2025-11-04 00:55:01', NULL, '15', '0', NULL, NULL),
('fead5150-5ba5-41a7-ae85-bf236a1c45de', '6318bd0f-ae5d-46ee-ab9c-9f9d276cc977', 'afd98f98-eff4-40fc-82bc-6e5aae351dd5', 'Ashriya Milton', 'W', 'JV', 'F', 'C', '2025-11-04 00:55:01', NULL, '13', '0', NULL, NULL),
('fefbcf6d-244b-4238-aa09-5c578f790a4e', 'df29ec34-b9ac-4667-be49-86a118e4e73e', 'eda90ff5-9f82-4b21-a0ef-7c2d971b02df', 'Jasper Peterson', 'W', 'JV', 'M', 'A', '2025-10-30 10:28:01', NULL, '1', '0', NULL, NULL),
('ff6a79a0-2ab2-4b65-b2b1-e53bf20f3be6', 'fa473a27-989d-4f6a-ba6f-92ef36642364', '551112f7-10b4-471c-90f3-50c4eae0d9eb', 'Katelyn Acosta De Lira', 'T', 'JV', 'F', NULL, '2025-11-03 22:41:40', NULL, NULL, '0', NULL, NULL),
('ffbaafb0-4d2c-443a-8570-d977a57a3ba0', 'fa473a27-989d-4f6a-ba6f-92ef36642364', 'b8afc11a-bb1c-4c5d-9225-a04c2ae857c9', 'Awishkar Shrestha', 'W', 'JV', 'M', NULL, '2025-11-03 22:41:40', NULL, NULL, '0', NULL, NULL);
UNLOCK TABLES;

-- Table structure for `end_events`
DROP TABLE IF EXISTS `end_events`;
CREATE TABLE `end_events` (
  `id` char(36) NOT NULL DEFAULT uuid(),
  `round_id` char(36) NOT NULL,
  `round_archer_id` char(36) NOT NULL,
  `end_number` int(11) NOT NULL,
  `a1` varchar(3) DEFAULT NULL,
  `a2` varchar(3) DEFAULT NULL,
  `a3` varchar(3) DEFAULT NULL,
  `end_total` int(11) DEFAULT NULL,
  `running_total` int(11) DEFAULT NULL,
  `tens` int(11) DEFAULT NULL,
  `xs` int(11) DEFAULT NULL,
  `device_ts` datetime DEFAULT NULL,
  `server_ts` datetime NOT NULL DEFAULT current_timestamp(),
  PRIMARY KEY (`id`),
  UNIQUE KEY `uq_ra_end` (`round_archer_id`,`end_number`),
  KEY `idx_ev_round` (`round_id`,`end_number`),
  KEY `idx_ev_ts` (`server_ts`),
  KEY `idx_ev_round_ts` (`round_id`,`server_ts`),
  KEY `idx_end_round_archer` (`round_archer_id`,`end_number`),
  CONSTRAINT `fk_ev_ra` FOREIGN KEY (`round_archer_id`) REFERENCES `round_archers` (`id`) ON DELETE CASCADE,
  CONSTRAINT `fk_ev_round` FOREIGN KEY (`round_id`) REFERENCES `rounds` (`id`) ON DELETE CASCADE
) ENGINE=InnoDB DEFAULT CHARSET=utf8mb4 COLLATE=utf8mb4_general_ci;

-- Data for table `end_events` (709 rows)
LOCK TABLES `end_events` WRITE;
INSERT INTO `end_events` (`id`, `round_id`, `round_archer_id`, `end_number`, `a1`, `a2`, `a3`, `end_total`, `running_total`, `tens`, `xs`, `device_ts`, `server_ts`) VALUES
('00c7a787-b9c7-11f0-be1c-00163e2da1f1', 'df29ec34-b9ac-4667-be49-86a118e4e73e', 'ddd1218b-a364-4f4f-a8e1-70d705ebfb12', '3', '5', '5', '2', '12', '33', '0', '0', '2025-11-04 21:41:21', '2025-11-04 16:41:21'),
('00d9ff51-b9cb-11f0-be1c-00163e2da1f1', 'df29ec34-b9ac-4667-be49-86a118e4e73e', '26a72ea4-7804-4c24-abdc-0ff66df7da21', '1', 'M', 'M', 'M', '0', '0', '0', '0', '2025-11-04 22:09:59', '2025-11-04 17:10:00'),
('00f28f24-b529-11f0-aa36-00163e2da1f1', 'df29ec34-b9ac-4667-be49-86a118e4e73e', 'c765af68-f2a5-465c-aa1e-29d5432c68fb', '8', '6', '2', '1', '9', '39', '0', '0', '2025-10-30 00:40:17', '2025-10-29 20:40:17'),
('00f81b9d-b9ba-11f0-be1c-00163e2da1f1', 'df29ec34-b9ac-4667-be49-86a118e4e73e', '52ae84ea-4a64-448c-af8e-a657b9c4d881', '1', '10', '9', '9', '28', '28', '1', '0', '2025-11-04 20:08:22', '2025-11-04 15:08:22'),
('02c13104-b9e1-11f0-be1c-00163e2da1f1', '9319e5c5-1afb-4856-bb8c-b613105bfec0', 'd30da10c-3cd8-4d8f-8512-a044be4307e1', '3', '7', '6', '4', '17', '45', '0', '0', '2025-11-05 00:47:36', '2025-11-04 19:47:36'),
('02c16133-b9cb-11f0-be1c-00163e2da1f1', 'df29ec34-b9ac-4667-be49-86a118e4e73e', 'a86533dd-2ff1-4f4c-a068-c3ecd0503234', '1', 'M', 'M', 'M', '0', '0', '0', '0', '2025-11-04 22:10:02', '2025-11-04 17:10:02'),
('0359998f-b9e1-11f0-be1c-00163e2da1f1', '9319e5c5-1afb-4856-bb8c-b613105bfec0', 'ba7478f9-14be-4ccc-a034-b0eb8af5e17d', '3', '8', '6', 'M', '14', '37', '0', '0', '2025-11-05 00:47:32', '2025-11-04 19:47:32'),
('03e37347-b9e1-11f0-be1c-00163e2da1f1', '9319e5c5-1afb-4856-bb8c-b613105bfec0', 'f12f1281-e3a1-44b8-abbf-7fcdd8891f5b', '3', '8', '4', '1', '13', '40', '0', '0', '2025-11-05 00:47:54', '2025-11-04 19:47:54'),
('03f6d9db-b529-11f0-aa36-00163e2da1f1', 'df29ec34-b9ac-4667-be49-86a118e4e73e', '59597f83-5f82-48e2-8962-a4705202b065', '8', 'X', '9', '6', '25', '192', '1', '1', '2025-10-30 00:40:21', '2025-10-29 20:40:21'),
('0460952c-b9e3-11f0-be1c-00163e2da1f1', '9319e5c5-1afb-4856-bb8c-b613105bfec0', '157260b6-da44-4416-87cb-8c59f6781aa8', '5', 'X', '9', '6', '25', '112', '1', '1', '2025-11-05 01:01:55', '2025-11-04 20:01:55'),
('04a15bbf-b9e1-11f0-be1c-00163e2da1f1', 'fa473a27-989d-4f6a-ba6f-92ef36642364', '2dc10ac8-6af0-49b4-9a18-416669ef16d0', '3', '8', '7', '6', '21', '54', '0', '0', '2025-11-05 00:47:34', '2025-11-04 19:47:34'),
('04e4a052-b9c7-11f0-be1c-00163e2da1f1', 'df29ec34-b9ac-4667-be49-86a118e4e73e', '04ab8131-7490-4db5-b87e-79579e3a6764', '3', '8', '7', '6', '21', '43', '0', '0', '2025-11-04 21:41:28', '2025-11-04 16:41:29'),
('052552b3-b9cb-11f0-be1c-00163e2da1f1', 'df29ec34-b9ac-4667-be49-86a118e4e73e', '708cd94e-ca55-4870-8cd0-2447d42b6d89', '1', 'X', '4', '2', '16', '16', '1', '1', '2025-11-04 22:10:08', '2025-11-04 17:10:09'),
('05374067-b9cd-11f0-be1c-00163e2da1f1', 'df29ec34-b9ac-4667-be49-86a118e4e73e', 'dd29fe78-0c03-452a-81d9-4dbbd2d95f03', '7', '9', '6', 'M', '15', '127', '0', '0', '2025-11-04 22:24:26', '2025-11-04 17:24:27'),
('055f6080-b9ca-11f0-be1c-00163e2da1f1', 'df29ec34-b9ac-4667-be49-86a118e4e73e', '1e2987bb-7072-4672-9e70-4e99ea67f4e1', '8', '10', '7', '6', '23', '151', '1', '0', '2025-11-04 22:02:58', '2025-11-04 17:02:59'),
('067b3362-b9ba-11f0-be1c-00163e2da1f1', 'df29ec34-b9ac-4667-be49-86a118e4e73e', '52ae84ea-4a64-448c-af8e-a657b9c4d881', '2', '9', '8', '8', '25', '53', '0', '0', '2025-11-04 20:08:32', '2025-11-04 15:08:32'),
('083c3b08-b9ca-11f0-be1c-00163e2da1f1', 'df29ec34-b9ac-4667-be49-86a118e4e73e', '35cdc75d-9ec4-4f67-ac37-60ce62f9824b', '8', '5', '4', 'M', '9', '143', '0', '0', '2025-11-04 22:03:03', '2025-11-04 17:03:03'),
('08cbc617-b9e1-11f0-be1c-00163e2da1f1', '9319e5c5-1afb-4856-bb8c-b613105bfec0', '883cd2d7-c75c-4b91-9055-b630fbdb062e', '3', '4', '1', 'M', '5', '18', '0', '0', '2025-11-05 00:47:43', '2025-11-04 19:47:43'),
('0906e656-b529-11f0-aa36-00163e2da1f1', 'df29ec34-b9ac-4667-be49-86a118e4e73e', '69cb5f2b-f96a-40c9-b0c6-003b83330c7c', '8', '6', '4', '3', '13', '122', '0', '0', '2025-10-30 00:40:31', '2025-10-29 20:40:31'),
('093006dd-b9cd-11f0-be1c-00163e2da1f1', 'df29ec34-b9ac-4667-be49-86a118e4e73e', '3cd0e2cd-4350-4f5b-b31a-01efd04f3d20', '7', '9', '9', '6', '24', '167', '0', '0', '2025-11-04 22:24:32', '2025-11-04 17:24:33'),
('0975fabe-b9ce-11f0-be1c-00163e2da1f1', 'df29ec34-b9ac-4667-be49-86a118e4e73e', '97be69fb-c9ba-4e16-ac69-feeca13f755a', '2', '8', '3', 'M', '11', '29', '0', '0', '2025-11-04 22:31:43', '2025-11-04 17:31:43'),
('09874084-b9e1-11f0-be1c-00163e2da1f1', '9319e5c5-1afb-4856-bb8c-b613105bfec0', '11d26657-82a0-48dd-9479-876a32e29f4a', '3', '9', '9', '7', '25', '69', '0', '0', '2025-11-05 00:47:43', '2025-11-04 19:47:43'),
('0ab87870-b9cb-11f0-be1c-00163e2da1f1', 'df29ec34-b9ac-4667-be49-86a118e4e73e', '8932cd23-00db-4d51-8346-05381984766f', '2', '10', '9', '', '19', '41', '1', '0', '2025-11-04 22:10:17', '2025-11-04 17:10:18'),
('0b4fda89-b9ca-11f0-be1c-00163e2da1f1', 'df29ec34-b9ac-4667-be49-86a118e4e73e', 'a42e7171-aa38-4675-b309-2b99a7470572', '8', '8', '5', '4', '17', '98', '0', '0', '2025-11-04 22:03:07', '2025-11-04 17:03:07'),
('0c8ba93a-b9e1-11f0-be1c-00163e2da1f1', 'fa473a27-989d-4f6a-ba6f-92ef36642364', '042bded3-1cbe-4dcf-bdca-f8d4a698dc79', '3', '9', '8', '7', '24', '60', '0', '0', '2025-11-05 00:47:51', '2025-11-04 19:47:51'),
('0cc06055-b529-11f0-aa36-00163e2da1f1', 'df29ec34-b9ac-4667-be49-86a118e4e73e', '9dfdea49-f7d1-4e7f-a064-00d0b8773277', '8', '4', 'M', 'M', '4', '59', '0', '0', '2025-10-30 00:40:36', '2025-10-29 20:40:36'),
('0da70d20-b9cd-11f0-be1c-00163e2da1f1', 'df29ec34-b9ac-4667-be49-86a118e4e73e', '87aa57da-d446-469e-9414-6176e7bf3b89', '7', '7', 'M', 'M', '7', '39', '0', '0', '2025-11-04 22:24:40', '2025-11-04 17:24:41'),
('0dc1cb60-b9ca-11f0-be1c-00163e2da1f1', 'df29ec34-b9ac-4667-be49-86a118e4e73e', '2aee12c9-6318-4183-b1ea-b2570ad82714', '8', '7', '5', '', '12', '119', '0', '0', '2025-11-04 22:03:11', '2025-11-04 17:03:13'),
('0ebef15c-b9cb-11f0-be1c-00163e2da1f1', 'df29ec34-b9ac-4667-be49-86a118e4e73e', '26a72ea4-7804-4c24-abdc-0ff66df7da21', '2', '7', '2', 'M', '9', '9', '0', '0', '2025-11-04 22:10:23', '2025-11-04 17:10:24'),
('0ee0f6cf-b9ce-11f0-be1c-00163e2da1f1', 'df29ec34-b9ac-4667-be49-86a118e4e73e', '796feddd-668a-4100-9eb9-1a06ecaf4d69', '3', '6', '6', '', '12', '54', '0', '0', '2025-11-04 22:31:51', '2025-11-04 17:31:52'),
('0ef40925-b9e3-11f0-be1c-00163e2da1f1', '9319e5c5-1afb-4856-bb8c-b613105bfec0', '36c6f57b-d465-4e80-abca-e5a82b2d3b4f', '5', '6', '4', '4', '14', '54', '0', '0', '2025-11-05 01:02:11', '2025-11-04 20:02:11'),
('0f1552d5-b9ba-11f0-be1c-00163e2da1f1', 'df29ec34-b9ac-4667-be49-86a118e4e73e', '52ae84ea-4a64-448c-af8e-a657b9c4d881', '3', 'X', '9', '8', '27', '80', '1', '1', '2025-11-04 20:08:43', '2025-11-04 15:08:44'),
('1096b302-b9e2-11f0-be1c-00163e2da1f1', '9319e5c5-1afb-4856-bb8c-b613105bfec0', '480eb2a8-5ca1-4e34-af59-2fae01058356', '4', 'M', 'M', 'M', '0', '13', '0', '0', '2025-11-05 00:55:04', '2025-11-04 19:55:04'),
('10b68a5c-b9c7-11f0-be1c-00163e2da1f1', 'df29ec34-b9ac-4667-be49-86a118e4e73e', '52312ccb-6014-4b3d-83dd-0f8a77c30dae', '3', '3', '2', '2', '7', '42', '0', '0', '2025-11-04 21:41:49', '2025-11-04 16:41:49'),
('10f87d65-b528-11f0-aa36-00163e2da1f1', 'df29ec34-b9ac-4667-be49-86a118e4e73e', '3a6adb2d-c31c-4d51-86f0-a2510968bf67', '7', '9', '5', '2', '16', '122', '0', '0', '2025-10-30 00:33:36', '2025-10-29 20:33:34'),
('1105f2fa-b528-11f0-aa36-00163e2da1f1', 'df29ec34-b9ac-4667-be49-86a118e4e73e', '0f0bfb0b-59d1-4d5a-8a4e-f854522314af', '7', '9', '9', '7', '25', '159', '0', '0', '2025-10-30 00:33:35', '2025-10-29 20:33:35'),
('1130328c-b528-11f0-aa36-00163e2da1f1', 'df29ec34-b9ac-4667-be49-86a118e4e73e', '6245c6b1-e195-4de6-a9d8-5ed2878b7682', '7', '10', '5', '4', '19', '110', '1', '0', '2025-10-30 00:33:36', '2025-10-29 20:33:36'),
('11976937-b9e2-11f0-be1c-00163e2da1f1', 'fa473a27-989d-4f6a-ba6f-92ef36642364', '2dc10ac8-6af0-49b4-9a18-416669ef16d0', '4', 'X', '9', '5', '24', '78', '1', '1', '2025-11-05 00:55:13', '2025-11-04 19:55:13'),
('11a6ec15-b9cb-11f0-be1c-00163e2da1f1', 'df29ec34-b9ac-4667-be49-86a118e4e73e', 'a86533dd-2ff1-4f4c-a068-c3ecd0503234', '2', '7', 'M', 'M', '7', '7', '0', '0', '2025-11-04 22:10:28', '2025-11-04 17:10:28'),
('11d8398e-b528-11f0-aa36-00163e2da1f1', 'df29ec34-b9ac-4667-be49-86a118e4e73e', '9ed79fc4-c7fd-4799-93c9-72405c67963a', '7', '9', '9', '7', '25', '140', '0', '0', '2025-10-30 00:33:34', '2025-10-29 20:33:35'),
('1222cf67-b59d-11f0-aa36-00163e2da1f1', 'e9bcaf11-f39d-46b9-9766-4d369e6c652a', 'f8335ab7-e0e4-4d9f-90a7-3877d8083c39', '3', '9', '8', '4', '21', '64', '0', '0', '2025-10-30 14:31:08', '2025-10-30 10:31:08'),
('123ee686-b9cd-11f0-be1c-00163e2da1f1', 'df29ec34-b9ac-4667-be49-86a118e4e73e', '17aefd0b-d2b8-4e57-a41e-dda252b1756e', '7', '3', '2', 'M', '5', '34', '0', '0', '2025-11-04 22:24:48', '2025-11-04 17:24:48'),
('12837cff-b528-11f0-aa36-00163e2da1f1', 'df29ec34-b9ac-4667-be49-86a118e4e73e', 'ef431750-7d43-4726-9734-aeb97c4e8cc4', '7', '7', '6', '5', '18', '160', '0', '0', '2025-10-30 00:33:36', '2025-10-29 20:33:37'),
('1287bb24-b9ca-11f0-be1c-00163e2da1f1', 'df29ec34-b9ac-4667-be49-86a118e4e73e', '1e2987bb-7072-4672-9e70-4e99ea67f4e1', '9', '9', '6', '6', '21', '172', '0', '0', '2025-11-04 22:03:20', '2025-11-04 17:03:20'),
('12e7482c-b9e2-11f0-be1c-00163e2da1f1', '9319e5c5-1afb-4856-bb8c-b613105bfec0', 'd483e911-0e83-4bd9-be6c-7bbf06023562', '4', '9', '4', 'M', '13', '49', '0', '0', '2025-11-05 00:55:14', '2025-11-04 19:55:14'),
('13431c73-b9ce-11f0-be1c-00163e2da1f1', 'df29ec34-b9ac-4667-be49-86a118e4e73e', 'ea85e874-b802-4b2f-94f0-72750680bc30', '3', '9', '9', '7', '25', '73', '0', '0', '2025-11-04 22:35:37', '2025-11-04 17:35:38'),
('150c2ee8-b9cb-11f0-be1c-00163e2da1f1', 'df29ec34-b9ac-4667-be49-86a118e4e73e', '708cd94e-ca55-4870-8cd0-2447d42b6d89', '2', '7', '1', 'M', '8', '24', '0', '0', '2025-11-04 22:10:33', '2025-11-04 17:10:33'),
('154be7c6-b9e1-11f0-be1c-00163e2da1f1', '9319e5c5-1afb-4856-bb8c-b613105bfec0', '71055dae-fd33-4c43-95b8-eb995f625d11', '3', 'M', 'M', 'M', '0', '19', '0', '0', '2025-11-05 00:48:03', '2025-11-04 19:48:03'),
('156c5ed4-b9e2-11f0-be1c-00163e2da1f1', '9319e5c5-1afb-4856-bb8c-b613105bfec0', '11d26657-82a0-48dd-9479-876a32e29f4a', '4', 'X', '9', '7', '26', '95', '1', '1', '2025-11-05 00:56:15', '2025-11-04 19:56:15'),
('1594e578-b9ba-11f0-be1c-00163e2da1f1', 'df29ec34-b9ac-4667-be49-86a118e4e73e', '52ae84ea-4a64-448c-af8e-a657b9c4d881', '4', '8', '7', '9', '24', '104', '0', '0', '2025-11-04 20:08:58', '2025-11-04 15:08:58'),
('15cb8f89-b9ca-11f0-be1c-00163e2da1f1', 'df29ec34-b9ac-4667-be49-86a118e4e73e', '35cdc75d-9ec4-4f67-ac37-60ce62f9824b', '9', '8', '7', '4', '19', '162', '0', '0', '2025-11-04 22:03:26', '2025-11-04 17:03:26'),
('1623764f-b529-11f0-aa36-00163e2da1f1', 'df29ec34-b9ac-4667-be49-86a118e4e73e', '17d38c50-77d2-4b74-b2cc-4e2c9c82d4ca', '8', '9', '8', '5', '22', '79', '0', '0', '2025-10-30 00:40:52', '2025-10-29 20:40:53'),
('168a6c80-b9e2-11f0-be1c-00163e2da1f1', '9319e5c5-1afb-4856-bb8c-b613105bfec0', '17ce5d48-42a7-4eed-8e70-e1f2fd59e51d', '4', '10', '10', '8', '28', '112', '2', '0', '2025-11-05 00:55:16', '2025-11-04 19:55:16'),
('16aac5f3-b9ce-11f0-be1c-00163e2da1f1', 'df29ec34-b9ac-4667-be49-86a118e4e73e', '97be69fb-c9ba-4e16-ac69-feeca13f755a', '3', '8', '7', '3', '18', '47', '0', '0', '2025-11-04 22:32:05', '2025-11-04 17:32:05'),
('16e0e34d-b59d-11f0-aa36-00163e2da1f1', 'e9bcaf11-f39d-46b9-9766-4d369e6c652a', '8062b4ad-5044-4c7a-80ec-57796a812e88', '3', '9', '8', '8', '25', '76', '0', '0', '2025-10-30 14:31:15', '2025-10-30 10:31:15'),
('175378b8-b9e1-11f0-be1c-00163e2da1f1', '9319e5c5-1afb-4856-bb8c-b613105bfec0', '17ce5d48-42a7-4eed-8e70-e1f2fd59e51d', '3', '9', '9', '9', '27', '84', '0', '0', '2025-11-05 00:48:06', '2025-11-04 19:48:06'),
('18811b09-b9e2-11f0-be1c-00163e2da1f1', '9319e5c5-1afb-4856-bb8c-b613105bfec0', '2534f86e-297c-4e60-bff1-6f165a6ff2d7', '4', '8', '3', '1', '12', '64', '0', '0', '2025-11-05 00:55:21', '2025-11-04 19:55:21'),
('18ce804e-b528-11f0-aa36-00163e2da1f1', 'df29ec34-b9ac-4667-be49-86a118e4e73e', '2d699d5a-6889-4d10-9691-0ade66042d2d', '7', '9', '5', 'M', '14', '128', '0', '0', '2025-10-30 00:33:48', '2025-10-29 20:33:48'),
('1915d91d-b9cb-11f0-be1c-00163e2da1f1', 'df29ec34-b9ac-4667-be49-86a118e4e73e', '8932cd23-00db-4d51-8346-05381984766f', '3', '10', '9', '5', '24', '73', '1', '0', '2025-11-04 22:10:45', '2025-11-04 17:10:45'),
('1999e319-b9ca-11f0-be1c-00163e2da1f1', 'df29ec34-b9ac-4667-be49-86a118e4e73e', 'a42e7171-aa38-4675-b309-2b99a7470572', '9', '5', '4', '', '9', '107', '0', '0', '2025-11-04 22:03:29', '2025-11-04 17:03:31'),
('19dddabe-b527-11f0-aa36-00163e2da1f1', 'df29ec34-b9ac-4667-be49-86a118e4e73e', 'f5a23964-083e-441b-a3fa-c56e9c456459', '6', '8', '8', '6', '22', '141', '0', '0', '2025-10-30 00:27:10', '2025-10-29 20:27:10'),
('19f2e25e-b529-11f0-aa36-00163e2da1f1', 'df29ec34-b9ac-4667-be49-86a118e4e73e', 'cd54f2c0-c167-48f4-97b8-e2994b04d318', '8', '9', '7', '4', '20', '97', '0', '0', '2025-10-30 00:41:00', '2025-10-29 20:41:00'),
('19f8bb04-b528-11f0-aa36-00163e2da1f1', 'df29ec34-b9ac-4667-be49-86a118e4e73e', 'fd087b20-f383-42cd-9291-a7cf8db6e5bd', '7', '7', '6', '4', '17', '96', '0', '0', '2025-10-30 00:33:51', '2025-10-29 20:33:50'),
('1a89be4b-b528-11f0-aa36-00163e2da1f1', 'df29ec34-b9ac-4667-be49-86a118e4e73e', '04e26f81-7099-4397-8c8f-58f8dd867d5e', '7', '5', '4', '2', '11', '115', '0', '0', '2025-10-30 00:33:52', '2025-10-29 20:33:52'),
('1aad3bf7-b9cd-11f0-be1c-00163e2da1f1', 'df29ec34-b9ac-4667-be49-86a118e4e73e', 'dd29fe78-0c03-452a-81d9-4dbbd2d95f03', '8', '7', '7', 'M', '14', '141', '0', '0', '2025-11-04 22:25:02', '2025-11-04 17:25:02'),
('1aed94cf-b9e2-11f0-be1c-00163e2da1f1', 'fa473a27-989d-4f6a-ba6f-92ef36642364', '042bded3-1cbe-4dcf-bdca-f8d4a698dc79', '4', '7', '6', '5', '18', '78', '0', '0', '2025-11-05 00:55:21', '2025-11-04 19:55:21'),
('1b4f0dda-b9e1-11f0-be1c-00163e2da1f1', '9319e5c5-1afb-4856-bb8c-b613105bfec0', '157260b6-da44-4416-87cb-8c59f6781aa8', '3', '8', '8', '8', '24', '67', '0', '0', '2025-11-05 00:48:12', '2025-11-04 19:48:13'),
('1b5fa48f-b528-11f0-aa36-00163e2da1f1', 'df29ec34-b9ac-4667-be49-86a118e4e73e', '87682acc-081a-4fd0-82f8-8ae6f6ed4e2c', '7', '10', '9', '7', '26', '143', '1', '0', '2025-10-30 00:34:03', '2025-10-29 20:34:03'),
('1b8a920e-b9ce-11f0-be1c-00163e2da1f1', 'df29ec34-b9ac-4667-be49-86a118e4e73e', '796feddd-668a-4100-9eb9-1a06ecaf4d69', '4', '8', '8', '7', '23', '83', '0', '0', '2025-11-04 22:32:13', '2025-11-04 17:32:13'),
('1b8bf38b-b528-11f0-aa36-00163e2da1f1', 'df29ec34-b9ac-4667-be49-86a118e4e73e', '59597f83-5f82-48e2-8962-a4705202b065', '7', '8', '6', '6', '20', '167', '0', '0', '2025-10-30 00:33:51', '2025-10-29 20:33:51'),
('1bbecde2-b528-11f0-aa36-00163e2da1f1', 'df29ec34-b9ac-4667-be49-86a118e4e73e', '2f55237c-71c3-4767-95d6-5c3a64726d79', '7', '5', '4', 'M', '9', '46', '0', '0', '2025-10-30 00:33:53', '2025-10-29 20:33:53'),
('1ccb3129-b9ca-11f0-be1c-00163e2da1f1', 'df29ec34-b9ac-4667-be49-86a118e4e73e', '2aee12c9-6318-4183-b1ea-b2570ad82714', '9', '6', '2', 'M', '8', '132', '0', '0', '2025-11-04 22:03:38', '2025-11-04 17:03:38'),
('1cd70c9b-b9e1-11f0-be1c-00163e2da1f1', '9319e5c5-1afb-4856-bb8c-b613105bfec0', '2b522bca-4ec6-46d2-9fb3-833570d092d1', '3', '8', '8', '9', '25', '68', '0', '0', '2025-11-05 00:48:15', '2025-11-04 19:48:15'),
('1d43474a-b59d-11f0-aa36-00163e2da1f1', 'e9bcaf11-f39d-46b9-9766-4d369e6c652a', 'fefbcf6d-244b-4238-aa09-5c578f790a4e', '4', '5', '3', 'M', '8', '23', '0', '0', '2025-10-30 14:31:37', '2025-10-30 10:31:37'),
('1d609278-b9e2-11f0-be1c-00163e2da1f1', '9319e5c5-1afb-4856-bb8c-b613105bfec0', '67f9a622-d62a-4ed7-b84f-c47a69e4f3be', '4', '3', '1', 'M', '4', '39', '0', '0', '2025-11-05 00:55:30', '2025-11-04 19:55:30'),
('1deac011-b9ce-11f0-be1c-00163e2da1f1', 'df29ec34-b9ac-4667-be49-86a118e4e73e', 'ea85e874-b802-4b2f-94f0-72750680bc30', '4', '9', '7', '7', '23', '95', '0', '0', '2025-11-04 22:32:17', '2025-11-04 17:32:17'),
('1e9e3d0e-b9ba-11f0-be1c-00163e2da1f1', 'df29ec34-b9ac-4667-be49-86a118e4e73e', '52ae84ea-4a64-448c-af8e-a657b9c4d881', '5', '9', '7', '7', '23', '127', '0', '0', '2025-11-04 20:09:08', '2025-11-04 15:09:08'),
('1f112997-b9e1-11f0-be1c-00163e2da1f1', '9319e5c5-1afb-4856-bb8c-b613105bfec0', 'ba97f9ec-d5c6-4ced-8f16-25338e146b5e', '3', '8', '7', '7', '22', '56', '0', '0', '2025-11-05 00:48:19', '2025-11-04 19:48:19'),
('1f2742e4-b9e2-11f0-be1c-00163e2da1f1', 'fa473a27-989d-4f6a-ba6f-92ef36642364', 'edbfb8fd-eb86-4fd2-b901-df1ec9655230', '4', '5', '3', 'M', '8', '36', '0', '0', '2025-11-05 00:55:28', '2025-11-04 19:55:29'),
('1f68619d-b9e2-11f0-be1c-00163e2da1f1', '9319e5c5-1afb-4856-bb8c-b613105bfec0', 'ba7478f9-14be-4ccc-a034-b0eb8af5e17d', '4', '9', '2', '', '11', '48', '0', '0', '2025-11-05 00:55:36', '2025-11-04 19:55:36'),
('1f6bbcd9-b9cb-11f0-be1c-00163e2da1f1', 'df29ec34-b9ac-4667-be49-86a118e4e73e', '26a72ea4-7804-4c24-abdc-0ff66df7da21', '3', '5', 'M', 'M', '5', '14', '0', '0', '2025-11-04 22:10:51', '2025-11-04 17:10:51'),
('1fb0161f-b9e2-11f0-be1c-00163e2da1f1', '9319e5c5-1afb-4856-bb8c-b613105bfec0', '883cd2d7-c75c-4b91-9055-b630fbdb062e', '4', '3', '2', '2', '7', '25', '0', '0', '2025-11-05 00:55:30', '2025-11-04 19:55:30'),
('20537c52-b528-11f0-aa36-00163e2da1f1', 'df29ec34-b9ac-4667-be49-86a118e4e73e', 'b9ab41a2-3023-47b4-a06b-9640336fa297', '7', '9', '7', '1', '17', '113', '0', '0', '2025-10-30 00:34:02', '2025-10-29 20:34:02'),
('21547004-b528-11f0-aa36-00163e2da1f1', 'df29ec34-b9ac-4667-be49-86a118e4e73e', 'fa2b3363-5be5-49d3-a7dc-7c393ef194fb', '7', 'M', 'M', 'M', '0', '7', '0', '0', '2025-10-30 00:34:01', '2025-10-29 20:34:01'),
('218838a1-b9ce-11f0-be1c-00163e2da1f1', 'df29ec34-b9ac-4667-be49-86a118e4e73e', '97be69fb-c9ba-4e16-ac69-feeca13f755a', '4', '10', '8', '3', '21', '68', '1', '0', '2025-11-04 22:32:22', '2025-11-04 17:32:22'),
('21b48f2c-b9e2-11f0-be1c-00163e2da1f1', '9319e5c5-1afb-4856-bb8c-b613105bfec0', '8c0db7cf-4fc7-456a-8b9d-0b8140d01c3b', '4', '5', '7', '8', '20', '48', '0', '0', '2025-11-05 00:55:55', '2025-11-04 19:55:56'),
('21dcbfb8-b9ca-11f0-be1c-00163e2da1f1', 'df29ec34-b9ac-4667-be49-86a118e4e73e', '1e2987bb-7072-4672-9e70-4e99ea67f4e1', '10', '8', '7', '4', '19', '191', '0', '0', '2025-11-04 22:03:45', '2025-11-04 17:03:45'),
('22000d1c-b9cb-11f0-be1c-00163e2da1f1', 'df29ec34-b9ac-4667-be49-86a118e4e73e', 'a86533dd-2ff1-4f4c-a068-c3ecd0503234', '3', 'M', 'M', 'M', '0', '7', '0', '0', '2025-11-04 22:10:54', '2025-11-04 17:10:55'),
('2219ecdb-b9e1-11f0-be1c-00163e2da1f1', '9319e5c5-1afb-4856-bb8c-b613105bfec0', 'a13a4166-6dd3-431d-ad83-015e23b5a091', '3', '6', '5', 'M', '11', '26', '0', '0', '2025-11-05 00:48:24', '2025-11-04 19:48:24'),
('2221b00b-b528-11f0-aa36-00163e2da1f1', 'df29ec34-b9ac-4667-be49-86a118e4e73e', '9dfdea49-f7d1-4e7f-a064-00d0b8773277', '7', '5', '3', 'M', '8', '55', '0', '0', '2025-10-30 00:34:09', '2025-10-29 20:34:09'),
('224a1f94-b9cb-11f0-be1c-00163e2da1f1', 'df29ec34-b9ac-4667-be49-86a118e4e73e', '708cd94e-ca55-4870-8cd0-2447d42b6d89', '3', '8', '6', '', '14', '38', '0', '0', '2025-11-04 22:11:01', '2025-11-04 17:11:02'),
('2278f28f-b9cd-11f0-be1c-00163e2da1f1', 'df29ec34-b9ac-4667-be49-86a118e4e73e', '3cd0e2cd-4350-4f5b-b31a-01efd04f3d20', '8', '7', '7', '7', '21', '188', '0', '0', '2025-11-04 22:25:15', '2025-11-04 17:25:15'),
('22a02e4f-b9e1-11f0-be1c-00163e2da1f1', '9319e5c5-1afb-4856-bb8c-b613105bfec0', '36c6f57b-d465-4e80-abca-e5a82b2d3b4f', '3', '6', '5', '3', '14', '29', '0', '0', '2025-11-05 00:48:25', '2025-11-04 19:48:25'),
('231cf2fb-b528-11f0-aa36-00163e2da1f1', 'df29ec34-b9ac-4667-be49-86a118e4e73e', '69cb5f2b-f96a-40c9-b0c6-003b83330c7c', '7', '9', '6', '2', '17', '109', '0', '0', '2025-10-30 00:34:10', '2025-10-29 20:34:11'),
('233e78f3-b527-11f0-aa36-00163e2da1f1', 'df29ec34-b9ac-4667-be49-86a118e4e73e', 'ef431750-7d43-4726-9734-aeb97c4e8cc4', '6', '7', '6', '6', '19', '142', '0', '0', '2025-10-30 00:27:16', '2025-10-29 20:27:17'),
('235599c6-b527-11f0-aa36-00163e2da1f1', 'df29ec34-b9ac-4667-be49-86a118e4e73e', 'b9ab41a2-3023-47b4-a06b-9640336fa297', '6', '7', '7', '5', '19', '96', '0', '0', '2025-10-30 00:27:27', '2025-10-29 20:27:27'),
('23757a0d-b528-11f0-aa36-00163e2da1f1', 'df29ec34-b9ac-4667-be49-86a118e4e73e', '34a0318e-0084-4148-999c-295531d38444', '7', '9', '3', 'M', '12', '117', '0', '0', '2025-10-30 00:34:06', '2025-10-29 20:34:05'),
('23b1d214-b9ba-11f0-be1c-00163e2da1f1', 'df29ec34-b9ac-4667-be49-86a118e4e73e', '52ae84ea-4a64-448c-af8e-a657b9c4d881', '6', 'X', '9', '7', '26', '153', '1', '1', '2025-11-04 20:09:22', '2025-11-04 15:09:22'),
('23ea7853-b528-11f0-aa36-00163e2da1f1', 'df29ec34-b9ac-4667-be49-86a118e4e73e', 'cd54f2c0-c167-48f4-97b8-e2994b04d318', '7', '6', '6', '5', '17', '77', '0', '0', '2025-10-30 00:34:06', '2025-10-29 20:34:06'),
('25948969-b9ca-11f0-be1c-00163e2da1f1', 'df29ec34-b9ac-4667-be49-86a118e4e73e', '35cdc75d-9ec4-4f67-ac37-60ce62f9824b', '10', '8', '7', '6', '21', '183', '0', '0', '2025-11-04 22:05:11', '2025-11-04 17:05:12');
INSERT INTO `end_events` (`id`, `round_id`, `round_archer_id`, `end_number`, `a1`, `a2`, `a3`, `end_total`, `running_total`, `tens`, `xs`, `device_ts`, `server_ts`) VALUES
('25b1887e-b9e2-11f0-be1c-00163e2da1f1', '9319e5c5-1afb-4856-bb8c-b613105bfec0', 'f12f1281-e3a1-44b8-abbf-7fcdd8891f5b', '4', '6', '4', 'M', '10', '50', '0', '0', '2025-11-05 00:56:03', '2025-11-04 19:56:03'),
('2672b5ce-b9e1-11f0-be1c-00163e2da1f1', '9319e5c5-1afb-4856-bb8c-b613105bfec0', '8c0db7cf-4fc7-456a-8b9d-0b8140d01c3b', '3', '3', 'M', 'M', '3', '28', '0', '0', '2025-11-05 00:48:31', '2025-11-04 19:48:31'),
('267573dd-b528-11f0-aa36-00163e2da1f1', 'df29ec34-b9ac-4667-be49-86a118e4e73e', 'aa94d989-8b31-4f03-bd61-980181772f6f', '7', '10', '7', '4', '21', '74', '1', '0', '2025-10-30 00:34:20', '2025-10-29 20:34:20'),
('26a25f35-b9cd-11f0-be1c-00163e2da1f1', 'df29ec34-b9ac-4667-be49-86a118e4e73e', '87aa57da-d446-469e-9414-6176e7bf3b89', '8', '8', '1', 'M', '9', '48', '0', '0', '2025-11-04 22:28:10', '2025-11-04 17:28:11'),
('26c0baf7-b527-11f0-aa36-00163e2da1f1', 'df29ec34-b9ac-4667-be49-86a118e4e73e', '9ed79fc4-c7fd-4799-93c9-72405c67963a', '6', '6', '5', '3', '14', '115', '0', '0', '2025-10-30 00:27:01', '2025-10-29 20:27:01'),
('2723b40b-b9ce-11f0-be1c-00163e2da1f1', 'df29ec34-b9ac-4667-be49-86a118e4e73e', '796feddd-668a-4100-9eb9-1a06ecaf4d69', '5', '8', '8', '7', '23', '106', '0', '0', '2025-11-04 22:32:32', '2025-11-04 17:32:33'),
('277d5850-b9e2-11f0-be1c-00163e2da1f1', '9319e5c5-1afb-4856-bb8c-b613105bfec0', 'd30da10c-3cd8-4d8f-8512-a044be4307e1', '4', '6', '6', 'M', '12', '57', '0', '0', '2025-11-05 00:55:43', '2025-11-04 19:55:43'),
('27cf780b-b527-11f0-aa36-00163e2da1f1', 'df29ec34-b9ac-4667-be49-86a118e4e73e', '0f0bfb0b-59d1-4d5a-8a4e-f854522314af', '6', '9', '8', '6', '23', '134', '0', '0', '2025-10-30 00:27:05', '2025-10-29 20:27:05'),
('28ea3e93-b59d-11f0-aa36-00163e2da1f1', 'e9bcaf11-f39d-46b9-9766-4d369e6c652a', 'f8335ab7-e0e4-4d9f-90a7-3877d8083c39', '4', '8', '7', '6', '21', '85', '0', '0', '2025-10-30 14:31:45', '2025-10-30 10:31:46'),
('2a43e999-b9cb-11f0-be1c-00163e2da1f1', 'df29ec34-b9ac-4667-be49-86a118e4e73e', '8932cd23-00db-4d51-8346-05381984766f', '4', '10', '8', '7', '25', '98', '1', '0', '2025-11-04 22:11:09', '2025-11-04 17:11:09'),
('2a96fdf5-b527-11f0-aa36-00163e2da1f1', 'df29ec34-b9ac-4667-be49-86a118e4e73e', '2f55237c-71c3-4767-95d6-5c3a64726d79', '6', '4', '3', 'M', '7', '37', '0', '0', '2025-10-30 00:27:07', '2025-10-29 20:27:07'),
('2acbc32e-b9e2-11f0-be1c-00163e2da1f1', '9319e5c5-1afb-4856-bb8c-b613105bfec0', '2b522bca-4ec6-46d2-9fb3-833570d092d1', '4', '10', '9', '8', '27', '95', '1', '0', '2025-11-05 00:55:49', '2025-11-04 19:55:49'),
('2af98452-b9ca-11f0-be1c-00163e2da1f1', 'df29ec34-b9ac-4667-be49-86a118e4e73e', 'a42e7171-aa38-4675-b309-2b99a7470572', '10', '9', '5', '4', '18', '125', '0', '0', '2025-11-04 22:04:01', '2025-11-04 17:04:02'),
('2b49776e-b9e2-11f0-be1c-00163e2da1f1', '9319e5c5-1afb-4856-bb8c-b613105bfec0', 'a13a4166-6dd3-431d-ad83-015e23b5a091', '4', '6', '4', '3', '13', '39', '0', '0', '2025-11-05 00:56:05', '2025-11-04 19:56:05'),
('2bf0a7f6-b9ba-11f0-be1c-00163e2da1f1', 'df29ec34-b9ac-4667-be49-86a118e4e73e', '52ae84ea-4a64-448c-af8e-a657b9c4d881', '7', 'X', '10', '10', '30', '183', '3', '1', '2025-11-04 20:09:31', '2025-11-04 15:09:31'),
('2c3fdd23-b9cd-11f0-be1c-00163e2da1f1', 'df29ec34-b9ac-4667-be49-86a118e4e73e', '17aefd0b-d2b8-4e57-a41e-dda252b1756e', '8', '9', '1', 'M', '10', '44', '0', '0', '2025-11-04 22:25:32', '2025-11-04 17:25:32'),
('2ca2779a-b528-11f0-aa36-00163e2da1f1', 'df29ec34-b9ac-4667-be49-86a118e4e73e', 'ad73018a-78d4-4460-ab9c-5f3d9b68c15e', '7', '5', '5', 'M', '10', '47', '0', '0', '2025-10-30 00:34:20', '2025-10-29 20:34:20'),
('2d6bb993-b9cb-11f0-be1c-00163e2da1f1', 'df29ec34-b9ac-4667-be49-86a118e4e73e', '26a72ea4-7804-4c24-abdc-0ff66df7da21', '4', '7', 'M', 'M', '7', '21', '0', '0', '2025-11-04 22:17:14', '2025-11-04 17:17:15'),
('2d7dbd38-b9ce-11f0-be1c-00163e2da1f1', 'df29ec34-b9ac-4667-be49-86a118e4e73e', 'ea85e874-b802-4b2f-94f0-72750680bc30', '5', '9', '7', '7', '23', '118', '0', '0', '2025-11-04 22:32:43', '2025-11-04 17:32:43'),
('2da1620b-b527-11f0-aa36-00163e2da1f1', 'df29ec34-b9ac-4667-be49-86a118e4e73e', '87682acc-081a-4fd0-82f8-8ae6f6ed4e2c', '6', '9', '7', '7', '23', '117', '0', '0', '2025-10-30 00:27:52', '2025-10-29 20:27:52'),
('2dd23404-b59d-11f0-aa36-00163e2da1f1', 'e9bcaf11-f39d-46b9-9766-4d369e6c652a', '8062b4ad-5044-4c7a-80ec-57796a812e88', '4', '9', '8', '7', '24', '100', '0', '0', '2025-10-30 14:31:54', '2025-10-30 10:31:54'),
('2e7e11df-b9e1-11f0-be1c-00163e2da1f1', '9319e5c5-1afb-4856-bb8c-b613105bfec0', '6d083e12-5a8d-48f5-8c8f-cf163d224064', '3', '8', '6', '5', '19', '52', '0', '0', '2025-11-05 00:48:47', '2025-11-04 19:48:47'),
('2eff92e6-b9ca-11f0-be1c-00163e2da1f1', 'df29ec34-b9ac-4667-be49-86a118e4e73e', '2aee12c9-6318-4183-b1ea-b2570ad82714', '10', '4', '2', '1', '7', '139', '0', '0', '2025-11-04 22:04:09', '2025-11-04 17:04:09'),
('2f4b8163-b528-11f0-aa36-00163e2da1f1', 'df29ec34-b9ac-4667-be49-86a118e4e73e', '17d38c50-77d2-4b74-b2cc-4e2c9c82d4ca', '7', '5', '2', 'M', '7', '57', '0', '0', '2025-10-30 00:34:25', '2025-10-29 20:34:25'),
('30966815-b527-11f0-aa36-00163e2da1f1', 'df29ec34-b9ac-4667-be49-86a118e4e73e', '04e26f81-7099-4397-8c8f-58f8dd867d5e', '6', '9', '7', '4', '20', '104', '0', '0', '2025-10-30 00:27:19', '2025-10-29 20:27:19'),
('31080417-b9ba-11f0-be1c-00163e2da1f1', 'df29ec34-b9ac-4667-be49-86a118e4e73e', '52ae84ea-4a64-448c-af8e-a657b9c4d881', '8', '9', '9', '8', '26', '209', '0', '0', '2025-11-04 20:09:39', '2025-11-04 15:09:39'),
('31280ba4-b527-11f0-aa36-00163e2da1f1', 'df29ec34-b9ac-4667-be49-86a118e4e73e', 'fa2b3363-5be5-49d3-a7dc-7c393ef194fb', '6', 'M', 'M', 'M', '0', '7', '0', '0', '2025-10-30 00:27:19', '2025-10-29 20:27:19'),
('322c4c0c-b9ce-11f0-be1c-00163e2da1f1', 'df29ec34-b9ac-4667-be49-86a118e4e73e', '97be69fb-c9ba-4e16-ac69-feeca13f755a', '5', '9', '6', '2', '17', '85', '0', '0', '2025-11-04 22:32:51', '2025-11-04 17:32:52'),
('3231ec69-b9c7-11f0-be1c-00163e2da1f1', 'df29ec34-b9ac-4667-be49-86a118e4e73e', '8eb7182a-3aec-4d46-924d-06834a810362', '4', '8', 'M', 'M', '8', '16', '0', '0', '2025-11-04 21:42:44', '2025-11-04 16:42:45'),
('33161d80-b527-11f0-aa36-00163e2da1f1', 'df29ec34-b9ac-4667-be49-86a118e4e73e', '59597f83-5f82-48e2-8962-a4705202b065', '6', '10', '10', '8', '28', '147', '2', '0', '2025-10-30 00:27:21', '2025-10-29 20:27:21'),
('33595074-b9cb-11f0-be1c-00163e2da1f1', 'df29ec34-b9ac-4667-be49-86a118e4e73e', 'a86533dd-2ff1-4f4c-a068-c3ecd0503234', '4', '6', 'M', 'M', '6', '13', '0', '0', '2025-11-04 22:16:21', '2025-11-04 17:16:21'),
('33f3f6b2-b528-11f0-aa36-00163e2da1f1', 'df29ec34-b9ac-4667-be49-86a118e4e73e', 'c765af68-f2a5-465c-aa1e-29d5432c68fb', '7', '10', '5', 'M', '15', '30', '1', '0', '2025-10-30 00:34:33', '2025-10-29 20:34:33'),
('342e6e06-b9cd-11f0-be1c-00163e2da1f1', 'df29ec34-b9ac-4667-be49-86a118e4e73e', 'dd29fe78-0c03-452a-81d9-4dbbd2d95f03', '9', '8', '6', '4', '18', '159', '0', '0', '2025-11-04 22:25:45', '2025-11-04 17:25:45'),
('3492dfaa-b9ba-11f0-be1c-00163e2da1f1', 'df29ec34-b9ac-4667-be49-86a118e4e73e', '52ae84ea-4a64-448c-af8e-a657b9c4d881', '9', '9', '8', '7', '24', '233', '0', '0', '2025-11-04 20:09:45', '2025-11-04 15:09:45'),
('34a11ea8-b528-11f0-aa36-00163e2da1f1', 'df29ec34-b9ac-4667-be49-86a118e4e73e', '3a98c834-8475-41df-bf4d-86b43dcf508e', '7', '10', '9', '4', '23', '174', '1', '0', '2025-10-30 00:34:35', '2025-10-29 20:34:35'),
('361d2447-b527-11f0-aa36-00163e2da1f1', 'df29ec34-b9ac-4667-be49-86a118e4e73e', '34a0318e-0084-4148-999c-295531d38444', '6', '9', '6', '4', '19', '105', '0', '0', '2025-10-30 00:27:28', '2025-10-29 20:27:27'),
('368bc2d7-b9cb-11f0-be1c-00163e2da1f1', 'df29ec34-b9ac-4667-be49-86a118e4e73e', '708cd94e-ca55-4870-8cd0-2447d42b6d89', '4', '8', '6', '3', '17', '58', '0', '0', '2025-11-04 22:11:30', '2025-11-04 17:11:30'),
('3799c9c5-b527-11f0-aa36-00163e2da1f1', 'df29ec34-b9ac-4667-be49-86a118e4e73e', '69cb5f2b-f96a-40c9-b0c6-003b83330c7c', '6', '10', '10', '2', '22', '92', '2', '0', '2025-10-30 00:27:32', '2025-10-29 20:27:32'),
('37e95362-b9cd-11f0-be1c-00163e2da1f1', 'df29ec34-b9ac-4667-be49-86a118e4e73e', '3cd0e2cd-4350-4f5b-b31a-01efd04f3d20', '9', '10', '9', '6', '25', '213', '1', '0', '2025-11-04 22:25:51', '2025-11-04 17:25:51'),
('380ba940-b9c7-11f0-be1c-00163e2da1f1', 'df29ec34-b9ac-4667-be49-86a118e4e73e', 'ddd1218b-a364-4f4f-a8e1-70d705ebfb12', '4', '5', '3', 'M', '8', '41', '0', '0', '2025-11-04 21:42:54', '2025-11-04 16:42:54'),
('382b3cca-b527-11f0-aa36-00163e2da1f1', 'df29ec34-b9ac-4667-be49-86a118e4e73e', '6245c6b1-e195-4de6-a9d8-5ed2878b7682', '6', '7', '6', '1', '14', '91', '0', '0', '2025-10-30 00:27:30', '2025-10-29 20:27:30'),
('3830bc47-b527-11f0-aa36-00163e2da1f1', 'df29ec34-b9ac-4667-be49-86a118e4e73e', '3a98c834-8475-41df-bf4d-86b43dcf508e', '6', '9', '9', '9', '27', '151', '0', '0', '2025-10-30 00:27:30', '2025-10-29 20:27:30'),
('38c2bbda-b9ba-11f0-be1c-00163e2da1f1', 'df29ec34-b9ac-4667-be49-86a118e4e73e', '52ae84ea-4a64-448c-af8e-a657b9c4d881', '10', '9', '9', '9', '27', '260', '0', '0', '2025-11-04 20:09:52', '2025-11-04 15:09:52'),
('38e07169-b9ce-11f0-be1c-00163e2da1f1', 'df29ec34-b9ac-4667-be49-86a118e4e73e', '796feddd-668a-4100-9eb9-1a06ecaf4d69', '6', '10', '9', '7', '26', '132', '1', '0', '2025-11-04 22:33:02', '2025-11-04 17:33:02'),
('3a9af634-b9cd-11f0-be1c-00163e2da1f1', 'df29ec34-b9ac-4667-be49-86a118e4e73e', '87aa57da-d446-469e-9414-6176e7bf3b89', '9', '3', 'M', 'M', '3', '57', '0', '0', '2025-11-04 22:25:56', '2025-11-04 17:25:56'),
('3b57ae89-b9e2-11f0-be1c-00163e2da1f1', '9319e5c5-1afb-4856-bb8c-b613105bfec0', '6d083e12-5a8d-48f5-8c8f-cf163d224064', '4', '7', '6', '5', '18', '70', '0', '0', '2025-11-05 00:56:18', '2025-11-04 19:56:18'),
('3b7d6362-b9cb-11f0-be1c-00163e2da1f1', 'df29ec34-b9ac-4667-be49-86a118e4e73e', '8932cd23-00db-4d51-8346-05381984766f', '5', '9', '8', '7', '24', '122', '0', '0', '2025-11-04 22:11:38', '2025-11-04 17:11:38'),
('3ce5dacc-b527-11f0-aa36-00163e2da1f1', 'df29ec34-b9ac-4667-be49-86a118e4e73e', '9dfdea49-f7d1-4e7f-a064-00d0b8773277', '6', '3', '3', 'M', '6', '47', '0', '0', '2025-10-30 00:27:38', '2025-10-29 20:27:38'),
('3d55ea75-b9c7-11f0-be1c-00163e2da1f1', 'df29ec34-b9ac-4667-be49-86a118e4e73e', '04ab8131-7490-4db5-b87e-79579e3a6764', '4', '7', '3', 'M', '10', '53', '0', '0', '2025-11-04 21:43:04', '2025-11-04 16:43:04'),
('3d89d82d-b527-11f0-aa36-00163e2da1f1', 'df29ec34-b9ac-4667-be49-86a118e4e73e', '3a6adb2d-c31c-4d51-86f0-a2510968bf67', '6', '6', '2', '2', '10', '106', '0', '0', '2025-10-30 00:27:41', '2025-10-29 20:27:39'),
('3eb7724d-b527-11f0-aa36-00163e2da1f1', 'df29ec34-b9ac-4667-be49-86a118e4e73e', '2d699d5a-6889-4d10-9691-0ade66042d2d', '6', '10', '8', '3', '21', '114', '1', '0', '2025-10-30 00:27:44', '2025-10-29 20:27:44'),
('3ef8e4bc-b527-11f0-aa36-00163e2da1f1', 'df29ec34-b9ac-4667-be49-86a118e4e73e', 'ad73018a-78d4-4460-ab9c-5f3d9b68c15e', '6', '4', '1', 'M', '5', '37', '0', '0', '2025-10-30 00:27:41', '2025-10-29 20:27:41'),
('3f0a2296-b9cd-11f0-be1c-00163e2da1f1', 'df29ec34-b9ac-4667-be49-86a118e4e73e', '17aefd0b-d2b8-4e57-a41e-dda252b1756e', '9', 'M', 'M', 'M', '0', '44', '0', '0', '2025-11-04 22:26:02', '2025-11-04 17:26:03'),
('3f5f8331-b9cb-11f0-be1c-00163e2da1f1', 'df29ec34-b9ac-4667-be49-86a118e4e73e', '26a72ea4-7804-4c24-abdc-0ff66df7da21', '5', 'M', 'M', 'M', '0', '19', '0', '0', '2025-11-04 22:11:44', '2025-11-04 17:11:44'),
('40baed28-b526-11f0-aa36-00163e2da1f1', 'df29ec34-b9ac-4667-be49-86a118e4e73e', 'aa94d989-8b31-4f03-bd61-980181772f6f', '5', '6', 'M', 'M', '6', '40', '0', '0', '2025-10-30 00:20:47', '2025-10-29 20:20:47'),
('4127051d-b9e0-11f0-be1c-00163e2da1f1', '9319e5c5-1afb-4856-bb8c-b613105bfec0', '2534f86e-297c-4e60-bff1-6f165a6ff2d7', '2', '8', '7', '2', '17', '33', '0', '0', '2025-11-05 00:42:09', '2025-11-04 19:42:09'),
('4192044b-b527-11f0-aa36-00163e2da1f1', 'df29ec34-b9ac-4667-be49-86a118e4e73e', '17d38c50-77d2-4b74-b2cc-4e2c9c82d4ca', '6', '6', 'M', 'M', '6', '50', '0', '0', '2025-10-30 00:27:45', '2025-10-29 20:27:46'),
('42573611-b9cb-11f0-be1c-00163e2da1f1', 'df29ec34-b9ac-4667-be49-86a118e4e73e', 'a86533dd-2ff1-4f4c-a068-c3ecd0503234', '5', '8', '3', 'M', '11', '24', '0', '0', '2025-11-04 22:11:50', '2025-11-04 17:11:50'),
('42c23239-b9c7-11f0-be1c-00163e2da1f1', 'df29ec34-b9ac-4667-be49-86a118e4e73e', '52312ccb-6014-4b3d-83dd-0f8a77c30dae', '4', '4', '3', 'M', '7', '49', '0', '0', '2025-11-04 21:43:12', '2025-11-04 16:43:13'),
('436b7ad0-b526-11f0-aa36-00163e2da1f1', 'df29ec34-b9ac-4667-be49-86a118e4e73e', '9ed79fc4-c7fd-4799-93c9-72405c67963a', '5', '9', '', '', '9', '85', '0', '0', '2025-10-30 00:20:38', '2025-10-29 20:20:39'),
('4384606e-b526-11f0-aa36-00163e2da1f1', 'df29ec34-b9ac-4667-be49-86a118e4e73e', 'ef431750-7d43-4726-9734-aeb97c4e8cc4', '5', 'X', '9', '7', '26', '123', '1', '1', '2025-10-30 00:20:39', '2025-10-29 20:20:39'),
('44f107c9-b9cd-11f0-be1c-00163e2da1f1', 'df29ec34-b9ac-4667-be49-86a118e4e73e', 'dd29fe78-0c03-452a-81d9-4dbbd2d95f03', '10', '8', '7', '6', '21', '180', '0', '0', '2025-11-04 22:26:13', '2025-11-04 17:26:14'),
('45910e9a-b9e0-11f0-be1c-00163e2da1f1', '9319e5c5-1afb-4856-bb8c-b613105bfec0', 'f12f1281-e3a1-44b8-abbf-7fcdd8891f5b', '2', '9', '3', 'M', '12', '27', '0', '0', '2025-11-05 00:42:15', '2025-11-04 19:42:15'),
('45aa4875-b526-11f0-aa36-00163e2da1f1', 'df29ec34-b9ac-4667-be49-86a118e4e73e', '0f0bfb0b-59d1-4d5a-8a4e-f854522314af', '5', '9', '9', '7', '25', '111', '0', '0', '2025-10-30 00:20:43', '2025-10-29 20:20:44'),
('45b240d0-b9ce-11f0-be1c-00163e2da1f1', 'df29ec34-b9ac-4667-be49-86a118e4e73e', 'ea85e874-b802-4b2f-94f0-72750680bc30', '6', '9', '9', '8', '26', '144', '0', '0', '2025-11-04 22:33:24', '2025-11-04 17:33:24'),
('462b8ae2-b9e2-11f0-be1c-00163e2da1f1', '9319e5c5-1afb-4856-bb8c-b613105bfec0', '157260b6-da44-4416-87cb-8c59f6781aa8', '4', '7', '7', '6', '20', '87', '0', '0', '2025-11-05 00:56:34', '2025-11-04 19:56:34'),
('463a4943-b9e0-11f0-be1c-00163e2da1f1', 'fa473a27-989d-4f6a-ba6f-92ef36642364', '2dc10ac8-6af0-49b4-9a18-416669ef16d0', '2', '6', '6', '5', '17', '33', '0', '0', '2025-11-05 00:42:18', '2025-11-04 19:42:18'),
('46983f3d-b9cb-11f0-be1c-00163e2da1f1', 'df29ec34-b9ac-4667-be49-86a118e4e73e', '708cd94e-ca55-4870-8cd0-2447d42b6d89', '5', '7', '6', '5', '18', '76', '0', '0', '2025-11-04 22:11:57', '2025-11-04 17:11:57'),
('46a86567-b527-11f0-aa36-00163e2da1f1', 'df29ec34-b9ac-4667-be49-86a118e4e73e', 'c765af68-f2a5-465c-aa1e-29d5432c68fb', '6', '3', 'M', 'M', '3', '15', '0', '0', '2025-10-30 00:27:54', '2025-10-29 20:27:54'),
('47ed7de0-b9c7-11f0-be1c-00163e2da1f1', 'df29ec34-b9ac-4667-be49-86a118e4e73e', '8eb7182a-3aec-4d46-924d-06834a810362', '5', '5', '1', 'M', '6', '22', '0', '0', '2025-11-04 21:43:21', '2025-11-04 16:43:21'),
('486d54e2-b526-11f0-aa36-00163e2da1f1', 'df29ec34-b9ac-4667-be49-86a118e4e73e', '2f55237c-71c3-4767-95d6-5c3a64726d79', '5', '8', '7', 'M', '15', '30', '0', '0', '2025-10-30 00:20:48', '2025-10-29 20:20:48'),
('48b83a78-b526-11f0-aa36-00163e2da1f1', 'df29ec34-b9ac-4667-be49-86a118e4e73e', '3a6adb2d-c31c-4d51-86f0-a2510968bf67', '5', '9', '7', '5', '21', '96', '0', '0', '2025-10-30 00:28:40', '2025-10-29 20:28:39'),
('48c467af-b526-11f0-aa36-00163e2da1f1', 'df29ec34-b9ac-4667-be49-86a118e4e73e', '59597f83-5f82-48e2-8962-a4705202b065', '5', '10', '8', '7', '25', '119', '1', '0', '2025-10-30 00:20:58', '2025-10-29 20:20:59'),
('48cd7695-b526-11f0-aa36-00163e2da1f1', 'df29ec34-b9ac-4667-be49-86a118e4e73e', '6245c6b1-e195-4de6-a9d8-5ed2878b7682', '5', '7', '6', '4', '17', '77', '0', '0', '2025-10-30 00:20:48', '2025-10-29 20:20:48'),
('48f7de7c-b59d-11f0-aa36-00163e2da1f1', 'e9bcaf11-f39d-46b9-9766-4d369e6c652a', 'fefbcf6d-244b-4238-aa09-5c578f790a4e', '5', '2', 'M', 'M', '2', '25', '0', '0', '2025-10-30 14:32:39', '2025-10-30 10:32:39'),
('4934729e-b9e7-11f0-be1c-00163e2da1f1', '9319e5c5-1afb-4856-bb8c-b613105bfec0', '2534f86e-297c-4e60-bff1-6f165a6ff2d7', '10', '10', '8', '5', '23', '155', '1', '0', '2025-11-05 01:32:31', '2025-11-04 20:32:31'),
('4934e29a-b9e0-11f0-be1c-00163e2da1f1', '9319e5c5-1afb-4856-bb8c-b613105bfec0', '480eb2a8-5ca1-4e34-af59-2fae01058356', '2', '8', 'M', 'M', '8', '8', '0', '0', '2025-11-05 00:42:20', '2025-11-04 19:42:21'),
('49a97b35-b527-11f0-aa36-00163e2da1f1', 'df29ec34-b9ac-4667-be49-86a118e4e73e', 'fd087b20-f383-42cd-9291-a7cf8db6e5bd', '6', '5', 'M', 'M', '5', '79', '0', '0', '2025-10-30 00:28:00', '2025-10-29 20:27:59'),
('49c2b52b-b526-11f0-aa36-00163e2da1f1', 'df29ec34-b9ac-4667-be49-86a118e4e73e', 'f5a23964-083e-441b-a3fa-c56e9c456459', '5', '9', '8', '8', '25', '119', '0', '0', '2025-10-30 00:21:02', '2025-10-29 20:21:02'),
('4b3eb9de-b9c7-11f0-be1c-00163e2da1f1', 'df29ec34-b9ac-4667-be49-86a118e4e73e', 'ddd1218b-a364-4f4f-a8e1-70d705ebfb12', '5', '8', '4', '3', '15', '56', '0', '0', '2025-11-04 21:43:27', '2025-11-04 16:43:27'),
('4b6bf63a-b9cd-11f0-be1c-00163e2da1f1', 'df29ec34-b9ac-4667-be49-86a118e4e73e', '3cd0e2cd-4350-4f5b-b31a-01efd04f3d20', '10', '9', '9', '8', '26', '239', '0', '0', '2025-11-04 22:26:24', '2025-11-04 17:26:25'),
('4ca3e67f-b9e0-11f0-be1c-00163e2da1f1', '9319e5c5-1afb-4856-bb8c-b613105bfec0', '11d26657-82a0-48dd-9479-876a32e29f4a', '2', '10', '10', '9', '29', '44', '2', '0', '2025-11-05 00:42:26', '2025-11-04 19:42:27'),
('4d144c93-b9ce-11f0-be1c-00163e2da1f1', 'df29ec34-b9ac-4667-be49-86a118e4e73e', '97be69fb-c9ba-4e16-ac69-feeca13f755a', '6', '5', '2', 'M', '7', '92', '0', '0', '2025-11-04 22:33:36', '2025-11-04 17:33:37'),
('4d252b61-b9e0-11f0-be1c-00163e2da1f1', 'fa473a27-989d-4f6a-ba6f-92ef36642364', '042bded3-1cbe-4dcf-bdca-f8d4a698dc79', '2', '8', '3', '3', '14', '36', '0', '0', '2025-11-05 00:42:39', '2025-11-04 19:42:39'),
('4d3a21d9-b59d-11f0-aa36-00163e2da1f1', 'e9bcaf11-f39d-46b9-9766-4d369e6c652a', 'f8335ab7-e0e4-4d9f-90a7-3877d8083c39', '5', '6', '4', '2', '12', '97', '0', '0', '2025-10-30 14:32:46', '2025-10-30 10:32:47'),
('4dee1125-b526-11f0-aa36-00163e2da1f1', 'df29ec34-b9ac-4667-be49-86a118e4e73e', '04e26f81-7099-4397-8c8f-58f8dd867d5e', '5', '8', '7', '3', '18', '84', '0', '0', '2025-10-30 00:20:57', '2025-10-29 20:20:57'),
('4e025e0b-b527-11f0-aa36-00163e2da1f1', 'df29ec34-b9ac-4667-be49-86a118e4e73e', 'aa94d989-8b31-4f03-bd61-980181772f6f', '6', '7', '3', '3', '13', '53', '0', '0', '2025-10-30 00:28:08', '2025-10-29 20:28:08'),
('4e472987-b9e7-11f0-be1c-00163e2da1f1', 'fa473a27-989d-4f6a-ba6f-92ef36642364', 'edbfb8fd-eb86-4fd2-b901-df1ec9655230', '10', '5', '3', 'M', '8', '98', '0', '0', '2025-11-05 01:37:08', '2025-11-04 20:37:08'),
('4e719ac4-b9cb-11f0-be1c-00163e2da1f1', 'df29ec34-b9ac-4667-be49-86a118e4e73e', '8932cd23-00db-4d51-8346-05381984766f', '6', '8', '8', '8', '24', '146', '0', '0', '2025-11-04 22:12:09', '2025-11-04 17:12:09'),
('4f0c24d6-b9e7-11f0-be1c-00163e2da1f1', '9319e5c5-1afb-4856-bb8c-b613105bfec0', 'ba7478f9-14be-4ccc-a034-b0eb8af5e17d', '10', '10', '5', '3', '18', '120', '1', '0', '2025-11-05 01:32:44', '2025-11-04 20:32:44'),
('4f13176e-b9cd-11f0-be1c-00163e2da1f1', 'df29ec34-b9ac-4667-be49-86a118e4e73e', '87aa57da-d446-469e-9414-6176e7bf3b89', '10', '6', '6', '4', '16', '73', '0', '0', '2025-11-04 22:26:30', '2025-11-04 17:26:30'),
('4f47dd26-b9e2-11f0-be1c-00163e2da1f1', '9319e5c5-1afb-4856-bb8c-b613105bfec0', '36c6f57b-d465-4e80-abca-e5a82b2d3b4f', '4', '8', '3', 'M', '11', '40', '0', '0', '2025-11-05 00:56:50', '2025-11-04 19:56:50'),
('4f62077e-b9e0-11f0-be1c-00163e2da1f1', '9319e5c5-1afb-4856-bb8c-b613105bfec0', '71055dae-fd33-4c43-95b8-eb995f625d11', '2', '3', '4', 'M', '7', '19', '0', '0', '2025-11-05 00:42:30', '2025-11-04 19:42:31'),
('4f86c1e4-b9e2-11f0-be1c-00163e2da1f1', '9319e5c5-1afb-4856-bb8c-b613105bfec0', '71055dae-fd33-4c43-95b8-eb995f625d11', '4', 'M', 'M', 'M', '0', '19', '0', '0', '2025-11-05 00:57:01', '2025-11-04 19:57:01'),
('4fac824c-b9e0-11f0-be1c-00163e2da1f1', '9319e5c5-1afb-4856-bb8c-b613105bfec0', 'ba7478f9-14be-4ccc-a034-b0eb8af5e17d', '2', '6', '3', '3', '12', '23', '0', '0', '2025-11-05 00:42:31', '2025-11-04 19:42:31'),
('500b8f32-b526-11f0-aa36-00163e2da1f1', 'df29ec34-b9ac-4667-be49-86a118e4e73e', 'b9ab41a2-3023-47b4-a06b-9640336fa297', '5', '8', '7', '4', '19', '77', '0', '0', '2025-10-30 00:21:00', '2025-10-29 20:21:00'),
('502159c9-b9c7-11f0-be1c-00163e2da1f1', 'df29ec34-b9ac-4667-be49-86a118e4e73e', '04ab8131-7490-4db5-b87e-79579e3a6764', '5', '7', '4', '3', '14', '67', '0', '0', '2025-11-04 21:43:34', '2025-11-04 16:43:34'),
('5096f347-b9e7-11f0-be1c-00163e2da1f1', '9319e5c5-1afb-4856-bb8c-b613105bfec0', 'f12f1281-e3a1-44b8-abbf-7fcdd8891f5b', '10', '2', 'M', 'M', '2', '74', '0', '0', '2025-11-05 01:32:38', '2025-11-04 20:32:39'),
('50d5b98d-b9cb-11f0-be1c-00163e2da1f1', 'df29ec34-b9ac-4667-be49-86a118e4e73e', '26a72ea4-7804-4c24-abdc-0ff66df7da21', '6', 'M', 'M', 'M', '0', '19', '0', '0', '2025-11-04 22:12:13', '2025-11-04 17:12:13'),
('5119815d-b9e7-11f0-be1c-00163e2da1f1', 'fa473a27-989d-4f6a-ba6f-92ef36642364', '2dc10ac8-6af0-49b4-9a18-416669ef16d0', '10', '9', '9', '7', '25', '212', '0', '0', '2025-11-05 01:37:08', '2025-11-04 20:37:08');
INSERT INTO `end_events` (`id`, `round_id`, `round_archer_id`, `end_number`, `a1`, `a2`, `a3`, `end_total`, `running_total`, `tens`, `xs`, `device_ts`, `server_ts`) VALUES
('519d02e0-b9e2-11f0-be1c-00163e2da1f1', '9319e5c5-1afb-4856-bb8c-b613105bfec0', 'ba97f9ec-d5c6-4ced-8f16-25338e146b5e', '4', '8', '8', '5', '21', '77', '0', '0', '2025-11-05 00:57:04', '2025-11-04 19:57:05'),
('51bbb5ea-b9e0-11f0-be1c-00163e2da1f1', '9319e5c5-1afb-4856-bb8c-b613105bfec0', '883cd2d7-c75c-4b91-9055-b630fbdb062e', '2', '4', '1', '1', '6', '13', '0', '0', '2025-11-05 00:42:34', '2025-11-04 19:42:35'),
('51d38120-b526-11f0-aa36-00163e2da1f1', 'df29ec34-b9ac-4667-be49-86a118e4e73e', 'fa2b3363-5be5-49d3-a7dc-7c393ef194fb', '5', 'M', 'M', 'M', '0', '7', '0', '0', '2025-10-30 00:21:26', '2025-10-29 20:21:26'),
('521d36b8-b9cd-11f0-be1c-00163e2da1f1', 'df29ec34-b9ac-4667-be49-86a118e4e73e', '17aefd0b-d2b8-4e57-a41e-dda252b1756e', '10', '5', '1', 'M', '6', '50', '0', '0', '2025-11-04 22:26:36', '2025-11-04 17:26:36'),
('524f8744-b9e0-11f0-be1c-00163e2da1f1', '9319e5c5-1afb-4856-bb8c-b613105bfec0', '67f9a622-d62a-4ed7-b84f-c47a69e4f3be', '2', '8', '6', '3', '17', '34', '0', '0', '2025-11-05 00:42:39', '2025-11-04 19:42:39'),
('52a4daea-b526-11f0-aa36-00163e2da1f1', 'df29ec34-b9ac-4667-be49-86a118e4e73e', '2d699d5a-6889-4d10-9691-0ade66042d2d', '5', '8', '7', '7', '22', '93', '0', '0', '2025-10-30 00:21:08', '2025-10-29 20:21:08'),
('530b32c8-b9ce-11f0-be1c-00163e2da1f1', 'df29ec34-b9ac-4667-be49-86a118e4e73e', '796feddd-668a-4100-9eb9-1a06ecaf4d69', '7', '9', '8', '7', '24', '156', '0', '0', '2025-11-04 22:33:46', '2025-11-04 17:33:46'),
('5372f26a-b526-11f0-aa36-00163e2da1f1', 'df29ec34-b9ac-4667-be49-86a118e4e73e', 'fd087b20-f383-42cd-9291-a7cf8db6e5bd', '5', '6', '6', '5', '17', '74', '0', '0', '2025-10-30 00:28:40', '2025-10-29 20:28:39'),
('53c28734-b9cb-11f0-be1c-00163e2da1f1', 'df29ec34-b9ac-4667-be49-86a118e4e73e', 'a86533dd-2ff1-4f4c-a068-c3ecd0503234', '6', '8', '4', 'M', '12', '36', '0', '0', '2025-11-04 22:12:19', '2025-11-04 17:12:20'),
('540d3bae-b9e7-11f0-be1c-00163e2da1f1', '9319e5c5-1afb-4856-bb8c-b613105bfec0', '67f9a622-d62a-4ed7-b84f-c47a69e4f3be', '10', '6', '6', 'M', '12', '124', '0', '0', '2025-11-05 01:32:44', '2025-11-04 20:32:45'),
('54ab3401-b9e7-11f0-be1c-00163e2da1f1', '9319e5c5-1afb-4856-bb8c-b613105bfec0', '17ce5d48-42a7-4eed-8e70-e1f2fd59e51d', '10', '9', '7', '7', '23', '260', '0', '0', '2025-11-05 01:37:30', '2025-11-04 20:37:30'),
('54ae3dc4-b9c7-11f0-be1c-00163e2da1f1', 'df29ec34-b9ac-4667-be49-86a118e4e73e', '52312ccb-6014-4b3d-83dd-0f8a77c30dae', '5', '10', '3', 'M', '13', '62', '1', '0', '2025-11-04 21:43:43', '2025-11-04 16:43:43'),
('554287fb-b526-11f0-aa36-00163e2da1f1', 'df29ec34-b9ac-4667-be49-86a118e4e73e', '87682acc-081a-4fd0-82f8-8ae6f6ed4e2c', '5', '6', '3', 'M', '9', '94', '0', '0', '2025-10-30 00:21:18', '2025-10-29 20:21:18'),
('55762382-b9e0-11f0-be1c-00163e2da1f1', '9319e5c5-1afb-4856-bb8c-b613105bfec0', 'ba97f9ec-d5c6-4ced-8f16-25338e146b5e', '2', '8', '6', '5', '19', '34', '0', '0', '2025-11-05 00:42:43', '2025-11-04 19:42:44'),
('55ccaef2-b526-11f0-aa36-00163e2da1f1', 'df29ec34-b9ac-4667-be49-86a118e4e73e', '9dfdea49-f7d1-4e7f-a064-00d0b8773277', '5', '1', 'M', 'M', '1', '41', '0', '0', '2025-10-30 00:21:10', '2025-10-29 20:21:10'),
('55d7c584-b526-11f0-aa36-00163e2da1f1', 'df29ec34-b9ac-4667-be49-86a118e4e73e', 'ad73018a-78d4-4460-ab9c-5f3d9b68c15e', '5', '2', '2', 'M', '4', '32', '0', '0', '2025-10-30 00:21:10', '2025-10-29 20:21:10'),
('5661f523-b526-11f0-aa36-00163e2da1f1', 'df29ec34-b9ac-4667-be49-86a118e4e73e', '69cb5f2b-f96a-40c9-b0c6-003b83330c7c', '5', '6', '3', '2', '11', '70', '0', '0', '2025-10-30 00:21:12', '2025-10-29 20:21:12'),
('56739a47-b9e0-11f0-be1c-00163e2da1f1', '9319e5c5-1afb-4856-bb8c-b613105bfec0', '157260b6-da44-4416-87cb-8c59f6781aa8', '2', '8', '8', '5', '21', '43', '0', '0', '2025-11-05 00:42:43', '2025-11-04 19:42:43'),
('56fb4fde-b9e7-11f0-be1c-00163e2da1f1', '9319e5c5-1afb-4856-bb8c-b613105bfec0', 'd30da10c-3cd8-4d8f-8512-a044be4307e1', '10', '9', '9', '4', '22', '163', '0', '0', '2025-11-05 01:32:49', '2025-11-04 20:32:50'),
('570e27cb-b9ce-11f0-be1c-00163e2da1f1', 'df29ec34-b9ac-4667-be49-86a118e4e73e', 'ea85e874-b802-4b2f-94f0-72750680bc30', '7', '9', '9', '8', '26', '171', '0', '0', '2025-11-04 22:48:41', '2025-11-04 17:48:42'),
('571c1841-b59d-11f0-aa36-00163e2da1f1', 'e9bcaf11-f39d-46b9-9766-4d369e6c652a', '8062b4ad-5044-4c7a-80ec-57796a812e88', '5', '9', '7', 'M', '16', '116', '0', '0', '2025-10-30 14:33:03', '2025-10-30 10:33:03'),
('5740c20d-b527-11f0-aa36-00163e2da1f1', 'df29ec34-b9ac-4667-be49-86a118e4e73e', 'cd54f2c0-c167-48f4-97b8-e2994b04d318', '6', '6', '4', 'M', '10', '60', '0', '0', '2025-10-30 00:28:23', '2025-10-29 20:28:23'),
('585cd31f-b9e0-11f0-be1c-00163e2da1f1', '9319e5c5-1afb-4856-bb8c-b613105bfec0', 'd30da10c-3cd8-4d8f-8512-a044be4307e1', '2', '7', '5', '1', '13', '28', '0', '0', '2025-11-05 00:42:50', '2025-11-04 19:42:50'),
('589896f1-b9e0-11f0-be1c-00163e2da1f1', 'fa473a27-989d-4f6a-ba6f-92ef36642364', 'edbfb8fd-eb86-4fd2-b901-df1ec9655230', '2', '8', '4', 'M', '12', '19', '0', '0', '2025-11-05 00:42:49', '2025-11-04 19:42:49'),
('59551d20-b526-11f0-aa36-00163e2da1f1', 'df29ec34-b9ac-4667-be49-86a118e4e73e', '34a0318e-0084-4148-999c-295531d38444', '5', '8', '8', '3', '19', '86', '0', '0', '2025-10-30 00:28:40', '2025-10-29 20:28:39'),
('5963bbe5-b9c7-11f0-be1c-00163e2da1f1', 'df29ec34-b9ac-4667-be49-86a118e4e73e', '8eb7182a-3aec-4d46-924d-06834a810362', '6', '7', '4', 'M', '11', '33', '0', '0', '2025-11-04 21:43:52', '2025-11-04 16:43:53'),
('59b33406-b9e5-11f0-be1c-00163e2da1f1', '9319e5c5-1afb-4856-bb8c-b613105bfec0', '2534f86e-297c-4e60-bff1-6f165a6ff2d7', '8', '8', 'M', 'M', '8', '123', '0', '0', '2025-11-05 01:18:42', '2025-11-04 20:18:42'),
('5a040b1d-b526-11f0-aa36-00163e2da1f1', 'df29ec34-b9ac-4667-be49-86a118e4e73e', '3a98c834-8475-41df-bf4d-86b43dcf508e', '5', '9', '9', '9', '27', '124', '0', '0', '2025-10-30 00:21:39', '2025-10-29 20:21:40'),
('5a4fb289-b9cb-11f0-be1c-00163e2da1f1', 'df29ec34-b9ac-4667-be49-86a118e4e73e', '708cd94e-ca55-4870-8cd0-2447d42b6d89', '6', '7', '7', '5', '19', '95', '0', '0', '2025-11-04 22:12:30', '2025-11-04 17:12:30'),
('5a8822fc-b9df-11f0-be1c-00163e2da1f1', '9319e5c5-1afb-4856-bb8c-b613105bfec0', '2534f86e-297c-4e60-bff1-6f165a6ff2d7', '1', '10', '4', '2', '16', '16', '1', '0', '2025-11-05 00:35:46', '2025-11-04 19:35:46'),
('5b6633ed-b9ce-11f0-be1c-00163e2da1f1', 'df29ec34-b9ac-4667-be49-86a118e4e73e', '97be69fb-c9ba-4e16-ac69-feeca13f755a', '7', '6', '4', '3', '13', '105', '0', '0', '2025-11-04 22:33:59', '2025-11-04 17:34:00'),
('5bc7d335-b9e0-11f0-be1c-00163e2da1f1', '9319e5c5-1afb-4856-bb8c-b613105bfec0', '36c6f57b-d465-4e80-abca-e5a82b2d3b4f', '2', '6', '2', '1', '9', '15', '0', '0', '2025-11-05 00:42:52', '2025-11-04 19:42:52'),
('5c1ac662-b526-11f0-aa36-00163e2da1f1', 'df29ec34-b9ac-4667-be49-86a118e4e73e', 'c765af68-f2a5-465c-aa1e-29d5432c68fb', '5', '4', 'M', 'M', '4', '12', '0', '0', '2025-10-30 00:21:21', '2025-10-29 20:21:21'),
('5c473fdb-b526-11f0-aa36-00163e2da1f1', 'df29ec34-b9ac-4667-be49-86a118e4e73e', '17d38c50-77d2-4b74-b2cc-4e2c9c82d4ca', '5', '7', '4', 'M', '11', '44', '0', '0', '2025-10-30 00:21:21', '2025-10-29 20:21:21'),
('5c7f49c1-b526-11f0-aa36-00163e2da1f1', 'df29ec34-b9ac-4667-be49-86a118e4e73e', 'cd54f2c0-c167-48f4-97b8-e2994b04d318', '5', '4', '2', '1', '7', '50', '0', '0', '2025-10-30 00:21:26', '2025-10-29 20:21:26'),
('5f08c39f-b9c7-11f0-be1c-00163e2da1f1', 'df29ec34-b9ac-4667-be49-86a118e4e73e', 'ddd1218b-a364-4f4f-a8e1-70d705ebfb12', '6', '10', '6', '6', '22', '78', '1', '0', '2025-11-04 21:44:00', '2025-11-04 16:44:01'),
('5f71c505-b525-11f0-aa36-00163e2da1f1', 'df29ec34-b9ac-4667-be49-86a118e4e73e', '0f0bfb0b-59d1-4d5a-8a4e-f854522314af', '4', '8', '8', '4', '20', '86', '0', '0', '2025-10-30 00:14:25', '2025-10-29 20:14:25'),
('5fe9d20f-b59d-11f0-aa36-00163e2da1f1', 'e9bcaf11-f39d-46b9-9766-4d369e6c652a', 'fefbcf6d-244b-4238-aa09-5c578f790a4e', '6', '6', 'M', 'M', '6', '31', '0', '0', '2025-10-30 14:33:18', '2025-10-30 10:33:18'),
('60289a25-b9e7-11f0-be1c-00163e2da1f1', '9319e5c5-1afb-4856-bb8c-b613105bfec0', '71055dae-fd33-4c43-95b8-eb995f625d11', '10', '1', 'M', 'M', '1', '42', '0', '0', '2025-11-05 01:33:05', '2025-11-04 20:33:05'),
('604956e6-b9e5-11f0-be1c-00163e2da1f1', '9319e5c5-1afb-4856-bb8c-b613105bfec0', '67f9a622-d62a-4ed7-b84f-c47a69e4f3be', '8', '7', '3', '2', '12', '101', '0', '0', '2025-11-05 01:18:49', '2025-11-04 20:18:50'),
('607d63e2-b525-11f0-aa36-00163e2da1f1', 'df29ec34-b9ac-4667-be49-86a118e4e73e', 'f5a23964-083e-441b-a3fa-c56e9c456459', '4', '8', '6', '6', '20', '94', '0', '0', '2025-10-30 00:14:19', '2025-10-29 20:14:19'),
('615446f2-b9e7-11f0-be1c-00163e2da1f1', 'fa473a27-989d-4f6a-ba6f-92ef36642364', '042bded3-1cbe-4dcf-bdca-f8d4a698dc79', '10', '7', '7', '5', '19', '204', '0', '0', '2025-11-05 01:37:08', '2025-11-04 20:37:08'),
('61704c8a-b9e0-11f0-be1c-00163e2da1f1', '9319e5c5-1afb-4856-bb8c-b613105bfec0', 'a13a4166-6dd3-431d-ad83-015e23b5a091', '2', '1', 'M', 'M', '1', '15', '0', '0', '2025-11-05 00:43:01', '2025-11-04 19:43:01'),
('618dd8ff-b9cb-11f0-be1c-00163e2da1f1', 'df29ec34-b9ac-4667-be49-86a118e4e73e', '8932cd23-00db-4d51-8346-05381984766f', '7', '10', '10', '9', '29', '175', '2', '0', '2025-11-04 22:12:41', '2025-11-04 17:12:41'),
('62142070-b525-11f0-aa36-00163e2da1f1', 'df29ec34-b9ac-4667-be49-86a118e4e73e', '9ed79fc4-c7fd-4799-93c9-72405c67963a', '4', '7', '5', 'M', '12', '76', '0', '0', '2025-10-30 00:14:22', '2025-10-29 20:14:22'),
('625cde07-b525-11f0-aa36-00163e2da1f1', 'df29ec34-b9ac-4667-be49-86a118e4e73e', '87682acc-081a-4fd0-82f8-8ae6f6ed4e2c', '4', '6', '5', '5', '16', '85', '0', '0', '2025-10-30 00:14:43', '2025-10-29 20:14:43'),
('62be8d67-b59d-11f0-aa36-00163e2da1f1', 'e9bcaf11-f39d-46b9-9766-4d369e6c652a', 'f8335ab7-e0e4-4d9f-90a7-3877d8083c39', '6', '9', '7', '5', '21', '118', '0', '0', '2025-10-30 14:33:23', '2025-10-30 10:33:23'),
('62c5bd17-b9e7-11f0-be1c-00163e2da1f1', '9319e5c5-1afb-4856-bb8c-b613105bfec0', '11d26657-82a0-48dd-9479-876a32e29f4a', '10', 'X', '7', '7', '24', '241', '1', '1', '2025-11-05 01:33:09', '2025-11-04 20:33:09'),
('62e30440-b9e5-11f0-be1c-00163e2da1f1', '9319e5c5-1afb-4856-bb8c-b613105bfec0', 'ba7478f9-14be-4ccc-a034-b0eb8af5e17d', '8', '5', '3', '2', '10', '97', '0', '0', '2025-11-05 01:18:54', '2025-11-04 20:18:54'),
('63c7b4a9-b9c7-11f0-be1c-00163e2da1f1', 'df29ec34-b9ac-4667-be49-86a118e4e73e', '04ab8131-7490-4db5-b87e-79579e3a6764', '6', '8', '5', '3', '16', '83', '0', '0', '2025-11-04 21:44:08', '2025-11-04 16:44:09'),
('63d47f89-b9df-11f0-be1c-00163e2da1f1', '9319e5c5-1afb-4856-bb8c-b613105bfec0', 'ba7478f9-14be-4ccc-a034-b0eb8af5e17d', '1', '7', '4', 'M', '11', '11', '0', '0', '2025-11-05 00:35:55', '2025-11-04 19:35:55'),
('63edfbef-b9e7-11f0-be1c-00163e2da1f1', '9319e5c5-1afb-4856-bb8c-b613105bfec0', '8c0db7cf-4fc7-456a-8b9d-0b8140d01c3b', '10', '8', '6', '1', '15', '123', '0', '0', '2025-11-05 01:37:30', '2025-11-04 20:37:30'),
('6491ef6a-b9df-11f0-be1c-00163e2da1f1', 'fa473a27-989d-4f6a-ba6f-92ef36642364', '2dc10ac8-6af0-49b4-9a18-416669ef16d0', '1', '6', '6', '4', '16', '16', '0', '0', '2025-11-05 00:35:56', '2025-11-04 19:35:56'),
('64f0a686-b9e5-11f0-be1c-00163e2da1f1', '9319e5c5-1afb-4856-bb8c-b613105bfec0', '17ce5d48-42a7-4eed-8e70-e1f2fd59e51d', '8', '9', '6', '5', '20', '209', '0', '0', '2025-11-05 01:18:55', '2025-11-04 20:18:55'),
('65278c7f-b9ce-11f0-be1c-00163e2da1f1', 'df29ec34-b9ac-4667-be49-86a118e4e73e', '796feddd-668a-4100-9eb9-1a06ecaf4d69', '8', '7', '5', '4', '16', '172', '0', '0', '2025-11-04 22:34:16', '2025-11-04 17:34:17'),
('65a8210f-b9e7-11f0-be1c-00163e2da1f1', '9319e5c5-1afb-4856-bb8c-b613105bfec0', 'ba97f9ec-d5c6-4ced-8f16-25338e146b5e', '10', '8', '8', '6', '22', '205', '0', '0', '2025-11-05 01:33:15', '2025-11-04 20:33:15'),
('65deb3dd-b9df-11f0-be1c-00163e2da1f1', '9319e5c5-1afb-4856-bb8c-b613105bfec0', '67f9a622-d62a-4ed7-b84f-c47a69e4f3be', '1', '8', '5', '4', '17', '17', '0', '0', '2025-11-05 00:36:13', '2025-11-04 19:36:13'),
('663618d8-b525-11f0-aa36-00163e2da1f1', 'df29ec34-b9ac-4667-be49-86a118e4e73e', 'ef431750-7d43-4726-9734-aeb97c4e8cc4', '4', 'X', '8', '8', '26', '97', '1', '1', '2025-10-30 00:14:28', '2025-10-29 20:14:28'),
('663d38df-b9cb-11f0-be1c-00163e2da1f1', 'df29ec34-b9ac-4667-be49-86a118e4e73e', '26a72ea4-7804-4c24-abdc-0ff66df7da21', '7', '3', '2', '', '5', '24', '0', '0', '2025-11-04 22:12:49', '2025-11-04 17:12:50'),
('670683ad-b59d-11f0-aa36-00163e2da1f1', 'e9bcaf11-f39d-46b9-9766-4d369e6c652a', '8062b4ad-5044-4c7a-80ec-57796a812e88', '6', '10', '8', '8', '26', '142', '1', '0', '2025-10-30 14:33:30', '2025-10-30 10:33:30'),
('6718e38f-b998-11f0-be1c-00163e2da1f1', '6318bd0f-ae5d-46ee-ab9c-9f9d276cc977', 'f0f647a1-30fc-4d55-9505-28de5388c493', '1', '7', '10', '9', '26', '26', '1', '0', '2025-11-04 17:50:04', '2025-11-04 12:50:04'),
('67368d04-b9e7-11f0-be1c-00163e2da1f1', '9319e5c5-1afb-4856-bb8c-b613105bfec0', '480eb2a8-5ca1-4e34-af59-2fae01058356', '10', '5', 'M', 'M', '5', '43', '0', '0', '2025-11-05 01:33:17', '2025-11-04 20:33:17'),
('67f2dbf4-b525-11f0-aa36-00163e2da1f1', 'df29ec34-b9ac-4667-be49-86a118e4e73e', '6245c6b1-e195-4de6-a9d8-5ed2878b7682', '4', '8', '7', '6', '21', '60', '0', '0', '2025-10-30 00:14:32', '2025-10-29 20:14:32'),
('680d7812-b9df-11f0-be1c-00163e2da1f1', '9319e5c5-1afb-4856-bb8c-b613105bfec0', 'f12f1281-e3a1-44b8-abbf-7fcdd8891f5b', '1', '7', '4', '4', '15', '15', '0', '0', '2025-11-05 00:36:18', '2025-11-04 19:36:18'),
('6871dcca-b9ce-11f0-be1c-00163e2da1f1', 'df29ec34-b9ac-4667-be49-86a118e4e73e', 'ea85e874-b802-4b2f-94f0-72750680bc30', '8', '10', '7', '4', '21', '191', '1', '0', '2025-11-04 22:34:22', '2025-11-04 17:34:22'),
('696e3548-b525-11f0-aa36-00163e2da1f1', 'df29ec34-b9ac-4667-be49-86a118e4e73e', '2f55237c-71c3-4767-95d6-5c3a64726d79', '4', '5', '3', 'M', '8', '15', '0', '0', '2025-10-30 00:14:35', '2025-10-29 20:14:35'),
('6a30d667-b9cb-11f0-be1c-00163e2da1f1', 'df29ec34-b9ac-4667-be49-86a118e4e73e', 'a86533dd-2ff1-4f4c-a068-c3ecd0503234', '7', '6', 'M', 'M', '6', '42', '0', '0', '2025-11-04 22:12:57', '2025-11-04 17:12:57'),
('6b116b8d-b9e0-11f0-be1c-00163e2da1f1', '9319e5c5-1afb-4856-bb8c-b613105bfec0', 'd483e911-0e83-4bd9-be6c-7bbf06023562', '2', '5', '5', 'M', '10', '17', '0', '0', '2025-11-05 00:43:17', '2025-11-04 19:43:17'),
('6b78c538-b525-11f0-aa36-00163e2da1f1', 'df29ec34-b9ac-4667-be49-86a118e4e73e', '04e26f81-7099-4397-8c8f-58f8dd867d5e', '4', '7', '3', 'M', '10', '66', '0', '0', '2025-10-30 00:14:38', '2025-10-29 20:14:38'),
('6b808c48-b998-11f0-be1c-00163e2da1f1', '6318bd0f-ae5d-46ee-ab9c-9f9d276cc977', 'f0f647a1-30fc-4d55-9505-28de5388c493', '2', '10', '10', '', '20', '46', '2', '0', '2025-11-04 17:50:14', '2025-11-04 12:50:15'),
('6b8bd876-b9e0-11f0-be1c-00163e2da1f1', '9319e5c5-1afb-4856-bb8c-b613105bfec0', '2b522bca-4ec6-46d2-9fb3-833570d092d1', '2', '9', '8', '7', '24', '43', '0', '0', '2025-11-05 00:43:18', '2025-11-04 19:43:19'),
('6bee23d4-b9df-11f0-be1c-00163e2da1f1', '9319e5c5-1afb-4856-bb8c-b613105bfec0', '480eb2a8-5ca1-4e34-af59-2fae01058356', '1', 'M', 'M', 'M', '0', '0', '0', '0', '2025-11-05 00:36:09', '2025-11-04 19:36:09'),
('6bfa6942-b9b9-11f0-be1c-00163e2da1f1', 'df29ec34-b9ac-4667-be49-86a118e4e73e', '8d8812f3-e20f-4010-afa9-fb08f2203efc', '1', 'M', 'M', 'M', '0', '0', '0', '0', '2025-11-04 20:07:36', '2025-11-04 15:07:36'),
('6c3b6615-b9e7-11f0-be1c-00163e2da1f1', '9319e5c5-1afb-4856-bb8c-b613105bfec0', 'a13a4166-6dd3-431d-ad83-015e23b5a091', '10', '5', '5', '3', '13', '103', '0', '0', '2025-11-05 01:33:27', '2025-11-04 20:33:27'),
('6cc13bc4-b9c7-11f0-be1c-00163e2da1f1', 'df29ec34-b9ac-4667-be49-86a118e4e73e', '52312ccb-6014-4b3d-83dd-0f8a77c30dae', '6', '7', '5', '3', '15', '77', '0', '0', '2025-11-04 21:44:23', '2025-11-04 16:44:24'),
('6ce8c7ad-b525-11f0-aa36-00163e2da1f1', 'df29ec34-b9ac-4667-be49-86a118e4e73e', '59597f83-5f82-48e2-8962-a4705202b065', '4', 'X', '9', '8', '27', '94', '1', '1', '2025-10-30 00:15:01', '2025-10-29 20:15:01'),
('6d2d1937-b9ce-11f0-be1c-00163e2da1f1', 'df29ec34-b9ac-4667-be49-86a118e4e73e', '97be69fb-c9ba-4e16-ac69-feeca13f755a', '8', '8', '7', '5', '20', '125', '0', '0', '2025-11-04 22:34:32', '2025-11-04 17:34:32'),
('6daf836a-b59d-11f0-aa36-00163e2da1f1', 'e9bcaf11-f39d-46b9-9766-4d369e6c652a', 'fefbcf6d-244b-4238-aa09-5c578f790a4e', '7', 'M', 'M', 'M', '0', '31', '0', '0', '2025-10-30 14:33:41', '2025-10-30 10:33:41'),
('6e20374d-b9e0-11f0-be1c-00163e2da1f1', '9319e5c5-1afb-4856-bb8c-b613105bfec0', '17ce5d48-42a7-4eed-8e70-e1f2fd59e51d', '2', '9', '9', '9', '27', '57', '0', '0', '2025-11-05 00:43:26', '2025-11-04 19:43:26'),
('6e7113d1-b9e5-11f0-be1c-00163e2da1f1', '9319e5c5-1afb-4856-bb8c-b613105bfec0', 'd30da10c-3cd8-4d8f-8512-a044be4307e1', '8', '7', '5', 'M', '12', '129', '0', '0', '2025-11-05 01:19:12', '2025-11-04 20:19:13'),
('6eaf4393-b9e5-11f0-be1c-00163e2da1f1', 'fa473a27-989d-4f6a-ba6f-92ef36642364', '2dc10ac8-6af0-49b4-9a18-416669ef16d0', '8', '8', '6', '5', '19', '171', '0', '0', '2025-11-05 01:19:19', '2025-11-04 20:19:19'),
('6ed118b9-b9e5-11f0-be1c-00163e2da1f1', '9319e5c5-1afb-4856-bb8c-b613105bfec0', '11d26657-82a0-48dd-9479-876a32e29f4a', '8', '10', '9', '8', '27', '191', '1', '0', '2025-11-05 01:19:11', '2025-11-04 20:19:11'),
('6f2880c1-b9e6-11f0-be1c-00163e2da1f1', '9319e5c5-1afb-4856-bb8c-b613105bfec0', 'ba7478f9-14be-4ccc-a034-b0eb8af5e17d', '9', '4', '1', 'M', '5', '102', '0', '0', '2025-11-05 01:26:37', '2025-11-04 20:26:37'),
('6f423ec0-b9cb-11f0-be1c-00163e2da1f1', 'df29ec34-b9ac-4667-be49-86a118e4e73e', '708cd94e-ca55-4870-8cd0-2447d42b6d89', '7', '9', '8', '6', '23', '118', '0', '0', '2025-11-04 22:13:05', '2025-11-04 17:13:05'),
('6f564db5-b9b9-11f0-be1c-00163e2da1f1', 'df29ec34-b9ac-4667-be49-86a118e4e73e', '8d8812f3-e20f-4010-afa9-fb08f2203efc', '2', 'M', 'M', 'M', '0', '0', '0', '0', '2025-11-04 20:07:43', '2025-11-04 15:07:43'),
('6f732e2b-b524-11f0-aa36-00163e2da1f1', 'df29ec34-b9ac-4667-be49-86a118e4e73e', 'ef431750-7d43-4726-9734-aeb97c4e8cc4', '3', '9', '8', '8', '25', '71', '0', '0', '2025-10-30 00:07:34', '2025-10-29 20:07:34'),
('6fac3b34-b998-11f0-be1c-00163e2da1f1', '6318bd0f-ae5d-46ee-ab9c-9f9d276cc977', 'f0f647a1-30fc-4d55-9505-28de5388c493', '3', '8', '7', '5', '20', '68', '0', '0', '2025-11-04 16:08:06', '2025-11-04 11:08:06'),
('6fc21fd1-b9df-11f0-be1c-00163e2da1f1', '9319e5c5-1afb-4856-bb8c-b613105bfec0', 'a13a4166-6dd3-431d-ad83-015e23b5a091', '1', '8', '4', '2', '14', '14', '0', '0', '2025-11-05 00:36:15', '2025-11-04 19:36:15'),
('6fe00174-b999-11f0-be1c-00163e2da1f1', '6318bd0f-ae5d-46ee-ab9c-9f9d276cc977', 'dcfe3a30-18b8-4c54-92dc-87d31a1f8bc6', '1', '8', '8', '8', '24', '24', '0', '0', '2025-11-04 19:53:18', '2025-11-04 14:53:18'),
('7033aae2-b524-11f0-aa36-00163e2da1f1', 'df29ec34-b9ac-4667-be49-86a118e4e73e', '9ed79fc4-c7fd-4799-93c9-72405c67963a', '3', '7', '6', 'M', '13', '64', '0', '0', '2025-10-30 00:07:41', '2025-10-29 20:07:41'),
('70dbdc8b-b525-11f0-aa36-00163e2da1f1', 'df29ec34-b9ac-4667-be49-86a118e4e73e', '2d699d5a-6889-4d10-9691-0ade66042d2d', '4', '6', '6', '5', '17', '71', '0', '0', '2025-10-30 00:15:00', '2025-10-29 20:15:00'),
('70f6f535-b59d-11f0-aa36-00163e2da1f1', 'e9bcaf11-f39d-46b9-9766-4d369e6c652a', 'f8335ab7-e0e4-4d9f-90a7-3877d8083c39', '7', '10', '7', '6', '23', '141', '1', '0', '2025-10-30 14:37:34', '2025-10-30 10:37:34'),
('7122f5f1-b9df-11f0-be1c-00163e2da1f1', 'fa473a27-989d-4f6a-ba6f-92ef36642364', '042bded3-1cbe-4dcf-bdca-f8d4a698dc79', '1', '9', '7', '6', '22', '22', '0', '0', '2025-11-05 00:36:23', '2025-11-04 19:36:23'),
('720bece1-b9c7-11f0-be1c-00163e2da1f1', 'df29ec34-b9ac-4667-be49-86a118e4e73e', '8eb7182a-3aec-4d46-924d-06834a810362', '7', '8', '7', 'M', '15', '48', '0', '0', '2025-11-04 21:44:32', '2025-11-04 16:44:32'),
('7222b900-b525-11f0-aa36-00163e2da1f1', 'df29ec34-b9ac-4667-be49-86a118e4e73e', 'fa2b3363-5be5-49d3-a7dc-7c393ef194fb', '4', 'M', 'M', '', '0', '7', '0', '0', '2025-10-30 00:14:46', '2025-10-29 20:14:48'),
('7241c3ac-b522-11f0-aa36-00163e2da1f1', 'df29ec34-b9ac-4667-be49-86a118e4e73e', 'ef431750-7d43-4726-9734-aeb97c4e8cc4', '1', '9', '8', '7', '24', '24', '0', '0', '2025-10-29 23:53:20', '2025-10-29 19:53:20'),
('72c59fdd-b9ce-11f0-be1c-00163e2da1f1', 'df29ec34-b9ac-4667-be49-86a118e4e73e', '796feddd-668a-4100-9eb9-1a06ecaf4d69', '9', '10', '9', '6', '25', '197', '1', '0', '2025-11-04 22:34:39', '2025-11-04 17:34:40'),
('72ee2d8b-b9e6-11f0-be1c-00163e2da1f1', '9319e5c5-1afb-4856-bb8c-b613105bfec0', 'a13a4166-6dd3-431d-ad83-015e23b5a091', '9', '6', '6', 'M', '12', '90', '0', '0', '2025-11-05 01:26:59', '2025-11-04 20:26:59'),
('73124342-b525-11f0-aa36-00163e2da1f1', 'df29ec34-b9ac-4667-be49-86a118e4e73e', 'aa94d989-8b31-4f03-bd61-980181772f6f', '4', 'M', 'M', 'M', '0', '34', '0', '0', '2025-10-30 00:14:51', '2025-10-29 20:14:51'),
('733b8385-b9e5-11f0-be1c-00163e2da1f1', '9319e5c5-1afb-4856-bb8c-b613105bfec0', 'a13a4166-6dd3-431d-ad83-015e23b5a091', '8', '10', '6', '2', '18', '78', '1', '0', '2025-11-05 01:19:28', '2025-11-04 20:19:28');
INSERT INTO `end_events` (`id`, `round_id`, `round_archer_id`, `end_number`, `a1`, `a2`, `a3`, `end_total`, `running_total`, `tens`, `xs`, `device_ts`, `server_ts`) VALUES
('73846004-b9e7-11f0-be1c-00163e2da1f1', '9319e5c5-1afb-4856-bb8c-b613105bfec0', '6d083e12-5a8d-48f5-8c8f-cf163d224064', '10', '7', '6', '5', '18', '167', '0', '0', '2025-11-05 01:37:30', '2025-11-04 20:37:30'),
('73be50e2-b9e6-11f0-be1c-00163e2da1f1', '9319e5c5-1afb-4856-bb8c-b613105bfec0', '2534f86e-297c-4e60-bff1-6f165a6ff2d7', '9', '5', '4', 'M', '9', '132', '0', '0', '2025-11-05 01:26:30', '2025-11-04 20:26:31'),
('73ece851-b524-11f0-aa36-00163e2da1f1', 'df29ec34-b9ac-4667-be49-86a118e4e73e', '2f55237c-71c3-4767-95d6-5c3a64726d79', '3', 'M', 'M', 'M', '0', '7', '0', '0', '2025-10-30 00:07:41', '2025-10-29 20:07:41'),
('7426b403-b524-11f0-aa36-00163e2da1f1', 'df29ec34-b9ac-4667-be49-86a118e4e73e', '0f0bfb0b-59d1-4d5a-8a4e-f854522314af', '3', '8', '8', '6', '22', '66', '0', '0', '2025-10-30 00:07:42', '2025-10-29 20:07:42'),
('742dd172-b999-11f0-be1c-00163e2da1f1', '6318bd0f-ae5d-46ee-ab9c-9f9d276cc977', 'dcfe3a30-18b8-4c54-92dc-87d31a1f8bc6', '2', '8', '8', '8', '24', '48', '0', '0', '2025-11-04 19:53:32', '2025-11-04 14:53:32'),
('7473a9f2-b9cb-11f0-be1c-00163e2da1f1', 'df29ec34-b9ac-4667-be49-86a118e4e73e', '8932cd23-00db-4d51-8346-05381984766f', '8', '9', '9', '7', '25', '200', '0', '0', '2025-11-04 22:13:13', '2025-11-04 17:13:13'),
('747d1a01-b59d-11f0-aa36-00163e2da1f1', 'e9bcaf11-f39d-46b9-9766-4d369e6c652a', '8062b4ad-5044-4c7a-80ec-57796a812e88', '7', '10', '9', '9', '28', '170', '1', '0', '2025-10-30 14:37:49', '2025-10-30 10:37:49'),
('75885388-b9df-11f0-be1c-00163e2da1f1', '9319e5c5-1afb-4856-bb8c-b613105bfec0', 'd30da10c-3cd8-4d8f-8512-a044be4307e1', '1', '8', '7', 'M', '15', '15', '0', '0', '2025-11-05 00:36:30', '2025-11-04 19:36:30'),
('759cee31-b9ce-11f0-be1c-00163e2da1f1', 'df29ec34-b9ac-4667-be49-86a118e4e73e', 'ea85e874-b802-4b2f-94f0-72750680bc30', '9', '9', '7', '4', '20', '211', '0', '0', '2025-11-04 22:34:44', '2025-11-04 17:34:45'),
('75e35c65-b527-11f0-aa36-00163e2da1f1', 'df29ec34-b9ac-4667-be49-86a118e4e73e', 'f5a23964-083e-441b-a3fa-c56e9c456459', '7', '10', '8', '', '18', '159', '1', '0', '2025-10-30 00:33:46', '2025-10-29 20:33:46'),
('7632ae32-b524-11f0-aa36-00163e2da1f1', 'df29ec34-b9ac-4667-be49-86a118e4e73e', 'f5a23964-083e-441b-a3fa-c56e9c456459', '3', 'X', '9', '6', '25', '74', '1', '1', '2025-10-30 00:08:04', '2025-10-29 20:08:04'),
('769ed29d-b525-11f0-aa36-00163e2da1f1', 'df29ec34-b9ac-4667-be49-86a118e4e73e', '69cb5f2b-f96a-40c9-b0c6-003b83330c7c', '4', '4', '2', 'M', '6', '59', '0', '0', '2025-10-30 00:14:56', '2025-10-29 20:14:56'),
('76bc2a54-b525-11f0-aa36-00163e2da1f1', 'df29ec34-b9ac-4667-be49-86a118e4e73e', 'b9ab41a2-3023-47b4-a06b-9640336fa297', '4', '1', '1', '1', '3', '58', '0', '0', '2025-10-30 00:14:55', '2025-10-29 20:14:55'),
('76c21f5e-b998-11f0-be1c-00163e2da1f1', '6318bd0f-ae5d-46ee-ab9c-9f9d276cc977', 'f0f647a1-30fc-4d55-9505-28de5388c493', '4', '9', '8', '8', '25', '93', '0', '0', '2025-11-04 16:08:14', '2025-11-04 11:08:14'),
('774a5635-b9df-11f0-be1c-00163e2da1f1', '9319e5c5-1afb-4856-bb8c-b613105bfec0', 'd483e911-0e83-4bd9-be6c-7bbf06023562', '1', '7', 'M', 'M', '7', '7', '0', '0', '2025-11-05 00:36:29', '2025-11-04 19:36:29'),
('774e7dd2-b524-11f0-aa36-00163e2da1f1', 'df29ec34-b9ac-4667-be49-86a118e4e73e', 'fa2b3363-5be5-49d3-a7dc-7c393ef194fb', '3', 'M', 'M', 'M', '0', '7', '0', '0', '2025-10-30 00:07:47', '2025-10-29 20:07:47'),
('777350a7-b9cb-11f0-be1c-00163e2da1f1', 'df29ec34-b9ac-4667-be49-86a118e4e73e', '26a72ea4-7804-4c24-abdc-0ff66df7da21', '8', '4', 'M', 'M', '4', '28', '0', '0', '2025-11-04 22:13:19', '2025-11-04 17:13:19'),
('777b99d7-b9e5-11f0-be1c-00163e2da1f1', 'fa473a27-989d-4f6a-ba6f-92ef36642364', '042bded3-1cbe-4dcf-bdca-f8d4a698dc79', '8', '9', '8', '6', '23', '168', '0', '0', '2025-11-05 01:19:41', '2025-11-04 20:19:41'),
('77800aa7-b9df-11f0-be1c-00163e2da1f1', '9319e5c5-1afb-4856-bb8c-b613105bfec0', '71055dae-fd33-4c43-95b8-eb995f625d11', '1', '9', '3', 'M', '12', '12', '0', '0', '2025-11-05 00:36:42', '2025-11-04 19:36:43'),
('7798e13d-b9df-11f0-be1c-00163e2da1f1', 'fa473a27-989d-4f6a-ba6f-92ef36642364', 'edbfb8fd-eb86-4fd2-b901-df1ec9655230', '1', '4', '2', '1', '7', '7', '0', '0', '2025-11-05 00:36:33', '2025-11-04 19:36:33'),
('77bedee6-b9e6-11f0-be1c-00163e2da1f1', 'fa473a27-989d-4f6a-ba6f-92ef36642364', '2dc10ac8-6af0-49b4-9a18-416669ef16d0', '9', '7', '5', '4', '16', '187', '0', '0', '2025-11-05 01:26:37', '2025-11-04 20:26:37'),
('7884e76b-b9ce-11f0-be1c-00163e2da1f1', 'df29ec34-b9ac-4667-be49-86a118e4e73e', '97be69fb-c9ba-4e16-ac69-feeca13f755a', '9', '8', '8', '6', '22', '147', '0', '0', '2025-11-04 22:34:49', '2025-11-04 17:34:50'),
('7958cf1a-b9e7-11f0-be1c-00163e2da1f1', '9319e5c5-1afb-4856-bb8c-b613105bfec0', '157260b6-da44-4416-87cb-8c59f6781aa8', '10', '9', '8', '3', '20', '219', '0', '0', '2025-11-05 01:33:47', '2025-11-04 20:33:47'),
('79787754-b524-11f0-aa36-00163e2da1f1', 'df29ec34-b9ac-4667-be49-86a118e4e73e', '59597f83-5f82-48e2-8962-a4705202b065', '3', '9', '9', '7', '25', '67', '0', '0', '2025-10-30 00:07:51', '2025-10-29 20:07:51'),
('79817935-b524-11f0-aa36-00163e2da1f1', 'df29ec34-b9ac-4667-be49-86a118e4e73e', '3a6adb2d-c31c-4d51-86f0-a2510968bf67', '3', '9', '9', '3', '21', '54', '0', '0', '2025-10-30 00:14:39', '2025-10-29 20:14:38'),
('7a35079a-b9df-11f0-be1c-00163e2da1f1', '9319e5c5-1afb-4856-bb8c-b613105bfec0', '883cd2d7-c75c-4b91-9055-b630fbdb062e', '1', '6', '1', 'M', '7', '7', '0', '0', '2025-11-05 00:36:33', '2025-11-04 19:36:33'),
('7a35295e-b522-11f0-aa36-00163e2da1f1', 'df29ec34-b9ac-4667-be49-86a118e4e73e', 'd4b11b50-8ab9-4082-b9e1-54e30c9744f9', '1', 'M', 'M', 'M', '0', '0', '0', '0', '2025-10-29 23:53:33', '2025-10-29 19:53:33'),
('7a80394a-b9cb-11f0-be1c-00163e2da1f1', 'df29ec34-b9ac-4667-be49-86a118e4e73e', 'a86533dd-2ff1-4f4c-a068-c3ecd0503234', '8', '6', '5', 'M', '11', '53', '0', '0', '2025-11-04 22:13:24', '2025-11-04 17:13:25'),
('7b0300bb-b998-11f0-be1c-00163e2da1f1', '6318bd0f-ae5d-46ee-ab9c-9f9d276cc977', 'f0f647a1-30fc-4d55-9505-28de5388c493', '5', '10', '9', '9', '28', '121', '1', '0', '2025-11-04 16:08:21', '2025-11-04 11:08:21'),
('7b3f849a-b525-11f0-aa36-00163e2da1f1', 'df29ec34-b9ac-4667-be49-86a118e4e73e', 'ad73018a-78d4-4460-ab9c-5f3d9b68c15e', '4', 'X', '1', 'M', '11', '28', '1', '1', '2025-10-30 00:15:04', '2025-10-29 20:15:04'),
('7b433cec-b59d-11f0-aa36-00163e2da1f1', 'e9bcaf11-f39d-46b9-9766-4d369e6c652a', 'fefbcf6d-244b-4238-aa09-5c578f790a4e', '8', 'M', 'M', 'M', '0', '31', '0', '0', '2025-10-30 14:34:27', '2025-10-30 10:34:27'),
('7b7a9e9c-b525-11f0-aa36-00163e2da1f1', 'df29ec34-b9ac-4667-be49-86a118e4e73e', 'cd54f2c0-c167-48f4-97b8-e2994b04d318', '4', '9', 'M', 'M', '9', '43', '0', '0', '2025-10-30 00:15:05', '2025-10-29 20:15:05'),
('7bbf0f11-b9e6-11f0-be1c-00163e2da1f1', '9319e5c5-1afb-4856-bb8c-b613105bfec0', '67f9a622-d62a-4ed7-b84f-c47a69e4f3be', '9', '7', '4', 'M', '11', '112', '0', '0', '2025-11-05 01:26:41', '2025-11-04 20:26:42'),
('7bccf4ea-b9e0-11f0-be1c-00163e2da1f1', '9319e5c5-1afb-4856-bb8c-b613105bfec0', '8c0db7cf-4fc7-456a-8b9d-0b8140d01c3b', '2', '1', '6', '5', '12', '25', '0', '0', '2025-11-05 00:43:49', '2025-11-04 19:43:49'),
('7bd0bd73-b522-11f0-aa36-00163e2da1f1', 'df29ec34-b9ac-4667-be49-86a118e4e73e', '9ed79fc4-c7fd-4799-93c9-72405c67963a', '1', '9', '8', '7', '24', '24', '0', '0', '2025-10-29 23:53:50', '2025-10-29 19:53:50'),
('7bea5f88-b524-11f0-aa36-00163e2da1f1', 'df29ec34-b9ac-4667-be49-86a118e4e73e', '04e26f81-7099-4397-8c8f-58f8dd867d5e', '3', '7', '6', '3', '16', '56', '0', '0', '2025-10-30 00:07:57', '2025-10-29 20:07:57'),
('7cae9cb4-b522-11f0-aa36-00163e2da1f1', 'df29ec34-b9ac-4667-be49-86a118e4e73e', 'b9ab41a2-3023-47b4-a06b-9640336fa297', '1', 'X', '9', '7', '26', '26', '1', '1', '2025-10-29 23:54:13', '2025-10-29 19:54:13'),
('7cafaee5-b9c7-11f0-be1c-00163e2da1f1', 'df29ec34-b9ac-4667-be49-86a118e4e73e', 'ddd1218b-a364-4f4f-a8e1-70d705ebfb12', '7', '6', '5', '1', '12', '90', '0', '0', '2025-11-04 21:44:50', '2025-11-04 16:44:51'),
('7ced6049-b9e4-11f0-be1c-00163e2da1f1', '9319e5c5-1afb-4856-bb8c-b613105bfec0', 'f12f1281-e3a1-44b8-abbf-7fcdd8891f5b', '7', '1', 'M', 'M', '1', '61', '0', '0', '2025-11-05 01:12:24', '2025-11-04 20:12:24'),
('7d096d9d-b524-11f0-aa36-00163e2da1f1', 'df29ec34-b9ac-4667-be49-86a118e4e73e', 'b9ab41a2-3023-47b4-a06b-9640336fa297', '3', '4', '4', '3', '11', '55', '0', '0', '2025-10-30 00:07:57', '2025-10-29 20:07:57'),
('7d110b98-b9ce-11f0-be1c-00163e2da1f1', 'df29ec34-b9ac-4667-be49-86a118e4e73e', '796feddd-668a-4100-9eb9-1a06ecaf4d69', '10', '9', '8', '6', '23', '220', '0', '0', '2025-11-04 22:34:56', '2025-11-04 17:34:57'),
('7d38a37c-b9e6-11f0-be1c-00163e2da1f1', 'fa473a27-989d-4f6a-ba6f-92ef36642364', '042bded3-1cbe-4dcf-bdca-f8d4a698dc79', '9', '8', '5', '4', '17', '185', '0', '0', '2025-11-05 01:26:52', '2025-11-04 20:26:52'),
('7d5a648e-b9e6-11f0-be1c-00163e2da1f1', '9319e5c5-1afb-4856-bb8c-b613105bfec0', '480eb2a8-5ca1-4e34-af59-2fae01058356', '9', '2', 'M', '2', '4', '40', '0', '0', '2025-11-05 01:39:55', '2025-11-04 20:39:55'),
('7d95368e-b9e7-11f0-be1c-00163e2da1f1', '9319e5c5-1afb-4856-bb8c-b613105bfec0', '36c6f57b-d465-4e80-abca-e5a82b2d3b4f', '10', '6', '3', 'M', '9', '124', '0', '0', '2025-11-05 01:33:55', '2025-11-04 20:33:55'),
('7dcc3cae-b525-11f0-aa36-00163e2da1f1', 'df29ec34-b9ac-4667-be49-86a118e4e73e', '3a98c834-8475-41df-bf4d-86b43dcf508e', '4', 'X', '9', '8', '27', '97', '1', '1', '2025-10-30 00:15:08', '2025-10-29 20:15:08'),
('7df05191-b9cb-11f0-be1c-00163e2da1f1', 'df29ec34-b9ac-4667-be49-86a118e4e73e', '708cd94e-ca55-4870-8cd0-2447d42b6d89', '8', '8', '7', '2', '17', '135', '0', '0', '2025-11-04 22:13:30', '2025-11-04 17:13:30'),
('7e36104e-b59d-11f0-aa36-00163e2da1f1', 'e9bcaf11-f39d-46b9-9766-4d369e6c652a', 'f8335ab7-e0e4-4d9f-90a7-3877d8083c39', '8', '8', '8', '6', '22', '162', '0', '0', '2025-10-30 14:34:35', '2025-10-30 10:34:35'),
('7eb1a2b2-b9c9-11f0-be1c-00163e2da1f1', 'df29ec34-b9ac-4667-be49-86a118e4e73e', '1e2987bb-7072-4672-9e70-4e99ea67f4e1', '1', '8', '7', '4', '19', '19', '0', '0', '2025-11-04 21:59:12', '2025-11-04 16:59:12'),
('7f558d58-b9e4-11f0-be1c-00163e2da1f1', '9319e5c5-1afb-4856-bb8c-b613105bfec0', 'ba7478f9-14be-4ccc-a034-b0eb8af5e17d', '7', '10', '7', '5', '22', '87', '1', '0', '2025-11-05 01:12:42', '2025-11-04 20:12:42'),
('7f611c33-b9e6-11f0-be1c-00163e2da1f1', '9319e5c5-1afb-4856-bb8c-b613105bfec0', '17ce5d48-42a7-4eed-8e70-e1f2fd59e51d', '9', '10', '9', '9', '28', '237', '1', '0', '2025-11-05 01:26:48', '2025-11-04 20:26:49'),
('7f8d03aa-b9e4-11f0-be1c-00163e2da1f1', 'fa473a27-989d-4f6a-ba6f-92ef36642364', '2dc10ac8-6af0-49b4-9a18-416669ef16d0', '7', '9', '8', '7', '24', '152', '0', '0', '2025-11-05 01:12:32', '2025-11-04 20:12:32'),
('7f925334-b9e6-11f0-be1c-00163e2da1f1', '9319e5c5-1afb-4856-bb8c-b613105bfec0', '11d26657-82a0-48dd-9479-876a32e29f4a', '9', '9', '9', '8', '26', '217', '0', '0', '2025-11-05 01:26:48', '2025-11-04 20:26:48'),
('7faa4dda-b998-11f0-be1c-00163e2da1f1', '6318bd0f-ae5d-46ee-ab9c-9f9d276cc977', 'f0f647a1-30fc-4d55-9505-28de5388c493', '6', '9', '8', '8', '25', '146', '0', '0', '2025-11-04 16:08:29', '2025-11-04 11:08:30'),
('801d2197-b522-11f0-aa36-00163e2da1f1', 'df29ec34-b9ac-4667-be49-86a118e4e73e', '3a6adb2d-c31c-4d51-86f0-a2510968bf67', '1', '8', '6', '4', '18', '18', '0', '0', '2025-10-29 23:54:22', '2025-10-29 19:54:21'),
('80245eea-b524-11f0-aa36-00163e2da1f1', 'df29ec34-b9ac-4667-be49-86a118e4e73e', '3a98c834-8475-41df-bf4d-86b43dcf508e', '3', '9', '9', '6', '24', '70', '0', '0', '2025-10-30 00:08:02', '2025-10-29 20:08:02'),
('8029db99-b524-11f0-aa36-00163e2da1f1', 'df29ec34-b9ac-4667-be49-86a118e4e73e', '9dfdea49-f7d1-4e7f-a064-00d0b8773277', '3', '4', '1', 'M', '5', '35', '0', '0', '2025-10-30 00:08:02', '2025-10-29 20:08:02'),
('806062b2-b9ce-11f0-be1c-00163e2da1f1', 'df29ec34-b9ac-4667-be49-86a118e4e73e', 'ea85e874-b802-4b2f-94f0-72750680bc30', '10', '9', '7', '7', '23', '234', '0', '0', '2025-11-04 22:35:00', '2025-11-04 17:35:01'),
('80735101-b9e4-11f0-be1c-00163e2da1f1', '9319e5c5-1afb-4856-bb8c-b613105bfec0', '2534f86e-297c-4e60-bff1-6f165a6ff2d7', '7', '8', '7', 'M', '15', '115', '0', '0', '2025-11-05 01:12:30', '2025-11-04 20:12:31'),
('80b0651f-b9df-11f0-be1c-00163e2da1f1', '9319e5c5-1afb-4856-bb8c-b613105bfec0', '11d26657-82a0-48dd-9479-876a32e29f4a', '1', '9', '5', '1', '15', '15', '0', '0', '2025-11-05 00:38:50', '2025-11-04 19:38:51'),
('80e13600-b9e4-11f0-be1c-00163e2da1f1', '9319e5c5-1afb-4856-bb8c-b613105bfec0', '11d26657-82a0-48dd-9479-876a32e29f4a', '7', '10', '8', 'M', '18', '164', '1', '0', '2025-11-05 01:12:41', '2025-11-04 20:12:41'),
('80e40308-b524-11f0-aa36-00163e2da1f1', 'df29ec34-b9ac-4667-be49-86a118e4e73e', '6245c6b1-e195-4de6-a9d8-5ed2878b7682', '3', '7', '5', '4', '16', '39', '0', '0', '2025-10-30 00:08:05', '2025-10-29 20:08:05'),
('80ed9f1f-b9c7-11f0-be1c-00163e2da1f1', 'df29ec34-b9ac-4667-be49-86a118e4e73e', '04ab8131-7490-4db5-b87e-79579e3a6764', '7', '6', '5', '2', '13', '96', '0', '0', '2025-11-04 21:44:57', '2025-11-04 16:44:57'),
('80edd6d0-b522-11f0-aa36-00163e2da1f1', 'df29ec34-b9ac-4667-be49-86a118e4e73e', '6245c6b1-e195-4de6-a9d8-5ed2878b7682', '1', '7', '4', '3', '14', '14', '0', '0', '2025-10-29 23:54:13', '2025-10-29 19:54:13'),
('81499b61-b9e6-11f0-be1c-00163e2da1f1', '9319e5c5-1afb-4856-bb8c-b613105bfec0', 'd30da10c-3cd8-4d8f-8512-a044be4307e1', '9', '8', '2', '2', '12', '141', '0', '0', '2025-11-05 01:26:51', '2025-11-04 20:26:52'),
('8181da5d-b9ce-11f0-be1c-00163e2da1f1', 'df29ec34-b9ac-4667-be49-86a118e4e73e', '97be69fb-c9ba-4e16-ac69-feeca13f755a', '10', '7', '6', '4', '17', '164', '0', '0', '2025-11-04 22:35:05', '2025-11-04 17:35:06'),
('81aeb4ba-b59d-11f0-aa36-00163e2da1f1', 'e9bcaf11-f39d-46b9-9766-4d369e6c652a', '8062b4ad-5044-4c7a-80ec-57796a812e88', '8', '9', '8', '5', '22', '186', '0', '0', '2025-10-30 14:34:45', '2025-10-30 10:34:45'),
('81b80b58-b9e5-11f0-be1c-00163e2da1f1', '9319e5c5-1afb-4856-bb8c-b613105bfec0', '480eb2a8-5ca1-4e34-af59-2fae01058356', '8', '9', '2', 'M', '11', '36', '0', '0', '2025-11-05 01:20:09', '2025-11-04 20:20:09'),
('8215e555-b525-11f0-aa36-00163e2da1f1', 'df29ec34-b9ac-4667-be49-86a118e4e73e', '9dfdea49-f7d1-4e7f-a064-00d0b8773277', '4', '5', 'M', 'M', '5', '40', '0', '0', '2025-10-30 00:15:15', '2025-10-29 20:15:15'),
('8233a2ae-b9e5-11f0-be1c-00163e2da1f1', '9319e5c5-1afb-4856-bb8c-b613105bfec0', 'd483e911-0e83-4bd9-be6c-7bbf06023562', '8', '8', '3', 'M', '11', '89', '0', '0', '2025-11-05 01:19:51', '2025-11-04 20:19:51'),
('82447fa6-b9cb-11f0-be1c-00163e2da1f1', 'df29ec34-b9ac-4667-be49-86a118e4e73e', '8932cd23-00db-4d51-8346-05381984766f', '9', '9', '8', '7', '24', '224', '0', '0', '2025-11-04 22:13:37', '2025-11-04 17:13:37'),
('825f6cbb-b9e4-11f0-be1c-00163e2da1f1', '9319e5c5-1afb-4856-bb8c-b613105bfec0', '67f9a622-d62a-4ed7-b84f-c47a69e4f3be', '7', '7', '7', '7', '21', '89', '0', '0', '2025-11-05 01:12:34', '2025-11-04 20:12:34'),
('837a8e25-b9e4-11f0-be1c-00163e2da1f1', '9319e5c5-1afb-4856-bb8c-b613105bfec0', '71055dae-fd33-4c43-95b8-eb995f625d11', '7', '1', '1', 'M', '2', '38', '0', '0', '2025-11-05 01:12:37', '2025-11-04 20:12:37'),
('838fcbeb-b524-11f0-aa36-00163e2da1f1', 'df29ec34-b9ac-4667-be49-86a118e4e73e', '87682acc-081a-4fd0-82f8-8ae6f6ed4e2c', '3', '10', '10', '9', '29', '69', '2', '0', '2025-10-30 00:09:03', '2025-10-29 20:09:03'),
('8418635f-b9c9-11f0-be1c-00163e2da1f1', 'df29ec34-b9ac-4667-be49-86a118e4e73e', '35cdc75d-9ec4-4f67-ac37-60ce62f9824b', '1', '9', '7', '7', '23', '23', '0', '0', '2025-11-04 21:59:20', '2025-11-04 16:59:20'),
('847e5199-b998-11f0-be1c-00163e2da1f1', '6318bd0f-ae5d-46ee-ab9c-9f9d276cc977', 'f0f647a1-30fc-4d55-9505-28de5388c493', '7', '10', '9', '8', '27', '173', '1', '0', '2025-11-04 16:08:37', '2025-11-04 11:08:37'),
('84958580-b9e6-11f0-be1c-00163e2da1f1', '9319e5c5-1afb-4856-bb8c-b613105bfec0', 'd483e911-0e83-4bd9-be6c-7bbf06023562', '9', '7', 'M', 'M', '7', '96', '0', '0', '2025-11-05 01:28:01', '2025-11-04 20:28:01'),
('84d937e3-b523-11f0-aa36-00163e2da1f1', 'df29ec34-b9ac-4667-be49-86a118e4e73e', 'ef431750-7d43-4726-9734-aeb97c4e8cc4', '2', '8', '7', '7', '22', '46', '0', '0', '2025-10-30 00:01:00', '2025-10-29 20:01:01'),
('84ec3871-b524-11f0-aa36-00163e2da1f1', 'df29ec34-b9ac-4667-be49-86a118e4e73e', '69cb5f2b-f96a-40c9-b0c6-003b83330c7c', '3', '7', '6', '3', '16', '53', '0', '0', '2025-10-30 00:09:00', '2025-10-29 20:09:00'),
('84f52031-b9df-11f0-be1c-00163e2da1f1', '9319e5c5-1afb-4856-bb8c-b613105bfec0', 'ba97f9ec-d5c6-4ced-8f16-25338e146b5e', '1', '6', '5', '4', '15', '15', '0', '0', '2025-11-05 00:36:52', '2025-11-04 19:36:52'),
('8518c117-b9cb-11f0-be1c-00163e2da1f1', 'df29ec34-b9ac-4667-be49-86a118e4e73e', '26a72ea4-7804-4c24-abdc-0ff66df7da21', '9', '1', '1', '1', '3', '33', '0', '0', '2025-11-04 22:18:15', '2025-11-04 17:18:16'),
('8583c547-b9e7-11f0-be1c-00163e2da1f1', '9319e5c5-1afb-4856-bb8c-b613105bfec0', '883cd2d7-c75c-4b91-9055-b630fbdb062e', '10', 'X', '1', 'M', '11', '97', '1', '1', '2025-11-05 01:34:25', '2025-11-04 20:34:25'),
('85ea93a1-b9e5-11f0-be1c-00163e2da1f1', '9319e5c5-1afb-4856-bb8c-b613105bfec0', '8c0db7cf-4fc7-456a-8b9d-0b8140d01c3b', '8', '8', '3', '1', '12', '94', '0', '0', '2025-11-05 01:19:54', '2025-11-04 20:19:55'),
('86442701-b9c9-11f0-be1c-00163e2da1f1', 'df29ec34-b9ac-4667-be49-86a118e4e73e', 'a42e7171-aa38-4675-b309-2b99a7470572', '1', '2', '3', '5', '10', '10', '0', '0', '2025-11-04 21:59:25', '2025-11-04 16:59:26'),
('866621be-b9e5-11f0-be1c-00163e2da1f1', 'fa473a27-989d-4f6a-ba6f-92ef36642364', 'edbfb8fd-eb86-4fd2-b901-df1ec9655230', '8', '6', '5', '4', '15', '82', '0', '0', '2025-11-05 01:19:51', '2025-11-04 20:19:51'),
('8674097d-b524-11f0-aa36-00163e2da1f1', 'df29ec34-b9ac-4667-be49-86a118e4e73e', '17d38c50-77d2-4b74-b2cc-4e2c9c82d4ca', '3', '5', '5', 'M', '10', '23', '0', '0', '2025-10-30 00:08:13', '2025-10-29 20:08:13'),
('873b09b0-b522-11f0-aa36-00163e2da1f1', 'df29ec34-b9ac-4667-be49-86a118e4e73e', 'e70442ba-443a-48ad-a90b-019521741cc9', '1', 'M', 'M', 'M', '0', '0', '0', '0', '2025-10-29 23:53:55', '2025-10-29 19:53:55'),
('877cfce2-b9e4-11f0-be1c-00163e2da1f1', '9319e5c5-1afb-4856-bb8c-b613105bfec0', '480eb2a8-5ca1-4e34-af59-2fae01058356', '7', '7', 'M', 'M', '7', '25', '0', '0', '2025-11-05 01:12:43', '2025-11-04 20:12:43'),
('879491be-b9e6-11f0-be1c-00163e2da1f1', 'fa473a27-989d-4f6a-ba6f-92ef36642364', 'edbfb8fd-eb86-4fd2-b901-df1ec9655230', '9', '7', '1', 'M', '8', '90', '0', '0', '2025-11-05 01:27:03', '2025-11-04 20:27:04'),
('87ba7225-b9e6-11f0-be1c-00163e2da1f1', '9319e5c5-1afb-4856-bb8c-b613105bfec0', '157260b6-da44-4416-87cb-8c59f6781aa8', '9', 'X', '10', '8', '28', '199', '2', '1', '2025-11-05 01:27:10', '2025-11-04 20:27:10'),
('87c43b38-b524-11f0-aa36-00163e2da1f1', 'df29ec34-b9ac-4667-be49-86a118e4e73e', 'ad73018a-78d4-4460-ab9c-5f3d9b68c15e', '3', '3', 'M', 'M', '3', '17', '0', '0', '2025-10-30 00:08:15', '2025-10-29 20:08:15'),
('881b8177-b523-11f0-aa36-00163e2da1f1', 'df29ec34-b9ac-4667-be49-86a118e4e73e', '2f55237c-71c3-4767-95d6-5c3a64726d79', '2', '1', 'M', '', '1', '7', '0', '0', '2025-10-30 00:01:05', '2025-10-29 20:01:06'),
('88759e69-b523-11f0-aa36-00163e2da1f1', 'df29ec34-b9ac-4667-be49-86a118e4e73e', '6245c6b1-e195-4de6-a9d8-5ed2878b7682', '2', '5', '3', '1', '9', '23', '0', '0', '2025-10-30 00:01:09', '2025-10-29 20:01:09'),
('88a35fac-b523-11f0-aa36-00163e2da1f1', 'df29ec34-b9ac-4667-be49-86a118e4e73e', '0f0bfb0b-59d1-4d5a-8a4e-f854522314af', '2', '9', '5', '5', '19', '44', '0', '0', '2025-10-30 00:01:07', '2025-10-29 20:01:07'),
('88dc159e-b998-11f0-be1c-00163e2da1f1', '6318bd0f-ae5d-46ee-ab9c-9f9d276cc977', 'f0f647a1-30fc-4d55-9505-28de5388c493', '8', '9', '9', '4', '22', '195', '0', '0', '2025-11-04 16:08:44', '2025-11-04 11:08:45'),
('88ecd244-b9e7-11f0-be1c-00163e2da1f1', '9319e5c5-1afb-4856-bb8c-b613105bfec0', 'd483e911-0e83-4bd9-be6c-7bbf06023562', '10', '7', '7', '4', '18', '114', '0', '0', '2025-11-05 01:34:17', '2025-11-04 20:34:18'),
('88f81b64-b525-11f0-aa36-00163e2da1f1', 'df29ec34-b9ac-4667-be49-86a118e4e73e', 'c765af68-f2a5-465c-aa1e-29d5432c68fb', '4', 'M', 'M', 'M', '0', '8', '0', '0', '2025-10-30 00:15:26', '2025-10-29 20:15:26'),
('89074c08-b9e6-11f0-be1c-00163e2da1f1', '9319e5c5-1afb-4856-bb8c-b613105bfec0', 'f12f1281-e3a1-44b8-abbf-7fcdd8891f5b', '9', '3', 'M', '', '3', '72', '0', '0', '2025-11-05 01:27:03', '2025-11-04 20:27:04'),
('890c9318-b9e5-11f0-be1c-00163e2da1f1', '9319e5c5-1afb-4856-bb8c-b613105bfec0', '157260b6-da44-4416-87cb-8c59f6781aa8', '8', '7', '5', '4', '16', '171', '0', '0', '2025-11-05 01:19:56', '2025-11-04 20:19:56'),
('892c3537-b9e4-11f0-be1c-00163e2da1f1', '9319e5c5-1afb-4856-bb8c-b613105bfec0', 'd30da10c-3cd8-4d8f-8512-a044be4307e1', '7', '9', '6', '6', '21', '117', '0', '0', '2025-11-05 01:12:47', '2025-11-04 20:12:47'),
('895bb67c-b9c7-11f0-be1c-00163e2da1f1', 'df29ec34-b9ac-4667-be49-86a118e4e73e', '52312ccb-6014-4b3d-83dd-0f8a77c30dae', '7', '8', '2', 'M', '10', '87', '0', '0', '2025-11-04 21:45:11', '2025-11-04 16:45:12');
INSERT INTO `end_events` (`id`, `round_id`, `round_archer_id`, `end_number`, `a1`, `a2`, `a3`, `end_total`, `running_total`, `tens`, `xs`, `device_ts`, `server_ts`) VALUES
('89c0360b-b9e0-11f0-be1c-00163e2da1f1', '9319e5c5-1afb-4856-bb8c-b613105bfec0', '6d083e12-5a8d-48f5-8c8f-cf163d224064', '2', '8', '6', '6', '20', '33', '0', '0', '2025-11-05 00:44:10', '2025-11-04 19:44:10'),
('89eee9cf-b9c9-11f0-be1c-00163e2da1f1', 'df29ec34-b9ac-4667-be49-86a118e4e73e', '2aee12c9-6318-4183-b1ea-b2570ad82714', '1', '5', '5', '1', '11', '11', '0', '0', '2025-11-04 21:59:31', '2025-11-04 16:59:31'),
('89f7cb30-b9df-11f0-be1c-00163e2da1f1', '9319e5c5-1afb-4856-bb8c-b613105bfec0', '17ce5d48-42a7-4eed-8e70-e1f2fd59e51d', '1', '10', '10', '10', '30', '30', '3', '0', '2025-11-05 00:37:03', '2025-11-04 19:37:03'),
('89f98d77-b9df-11f0-be1c-00163e2da1f1', '9319e5c5-1afb-4856-bb8c-b613105bfec0', '157260b6-da44-4416-87cb-8c59f6781aa8', '1', '9', '7', '6', '22', '22', '0', '0', '2025-11-05 00:38:59', '2025-11-04 19:39:00'),
('8a01a836-b525-11f0-aa36-00163e2da1f1', 'df29ec34-b9ac-4667-be49-86a118e4e73e', '17d38c50-77d2-4b74-b2cc-4e2c9c82d4ca', '4', '10', 'M', 'M', '10', '33', '1', '0', '2025-10-30 00:15:28', '2025-10-29 20:15:28'),
('8a0d3405-b9cb-11f0-be1c-00163e2da1f1', 'df29ec34-b9ac-4667-be49-86a118e4e73e', 'a86533dd-2ff1-4f4c-a068-c3ecd0503234', '9', '7', '4', '1', '12', '65', '0', '0', '2025-11-04 22:13:50', '2025-11-04 17:13:51'),
('8a2ae61d-b9df-11f0-be1c-00163e2da1f1', '9319e5c5-1afb-4856-bb8c-b613105bfec0', '2b522bca-4ec6-46d2-9fb3-833570d092d1', '1', '7', '6', '6', '19', '19', '0', '0', '2025-11-05 00:37:00', '2025-11-04 19:37:00'),
('8b815511-b9e6-11f0-be1c-00163e2da1f1', '9319e5c5-1afb-4856-bb8c-b613105bfec0', '883cd2d7-c75c-4b91-9055-b630fbdb062e', '9', '8', '6', '3', '17', '86', '0', '0', '2025-11-05 01:27:10', '2025-11-04 20:27:10'),
('8bd2f791-b9e6-11f0-be1c-00163e2da1f1', '9319e5c5-1afb-4856-bb8c-b613105bfec0', '8c0db7cf-4fc7-456a-8b9d-0b8140d01c3b', '9', '9', '3', '2', '14', '108', '0', '0', '2025-11-05 01:27:11', '2025-11-04 20:27:11'),
('8c1d690c-b523-11f0-aa36-00163e2da1f1', 'df29ec34-b9ac-4667-be49-86a118e4e73e', '3a6adb2d-c31c-4d51-86f0-a2510968bf67', '2', '7', '5', '3', '15', '33', '0', '0', '2025-10-30 00:01:18', '2025-10-29 20:01:17'),
('8c266777-b525-11f0-aa36-00163e2da1f1', 'df29ec34-b9ac-4667-be49-86a118e4e73e', '3a6adb2d-c31c-4d51-86f0-a2510968bf67', '4', '10', '7', '4', '21', '75', '1', '0', '2025-10-30 00:15:35', '2025-10-29 20:15:34'),
('8cb9317e-b9e4-11f0-be1c-00163e2da1f1', '9319e5c5-1afb-4856-bb8c-b613105bfec0', 'ba97f9ec-d5c6-4ced-8f16-25338e146b5e', '7', '9', '4', 'M', '13', '137', '0', '0', '2025-11-05 01:12:52', '2025-11-04 20:12:52'),
('8d2f78bc-b9e6-11f0-be1c-00163e2da1f1', '9319e5c5-1afb-4856-bb8c-b613105bfec0', '71055dae-fd33-4c43-95b8-eb995f625d11', '9', 'M', 'M', 'M', '0', '41', '0', '0', '2025-11-05 01:27:11', '2025-11-04 20:27:11'),
('8d79b16e-b524-11f0-aa36-00163e2da1f1', 'df29ec34-b9ac-4667-be49-86a118e4e73e', 'fd087b20-f383-42cd-9291-a7cf8db6e5bd', '3', '6', '3', 'M', '9', '48', '0', '0', '2025-10-30 00:14:39', '2025-10-29 20:14:38'),
('8daf0741-b523-11f0-aa36-00163e2da1f1', 'df29ec34-b9ac-4667-be49-86a118e4e73e', '9ed79fc4-c7fd-4799-93c9-72405c67963a', '2', '9', '9', '9', '27', '51', '0', '0', '2025-10-30 00:01:16', '2025-10-29 20:01:16'),
('8df57788-b523-11f0-aa36-00163e2da1f1', 'df29ec34-b9ac-4667-be49-86a118e4e73e', 'f5a23964-083e-441b-a3fa-c56e9c456459', '2', '9', '8', '7', '24', '49', '0', '0', '2025-10-30 00:01:40', '2025-10-29 20:01:40'),
('8e9f3922-b9c7-11f0-be1c-00163e2da1f1', 'df29ec34-b9ac-4667-be49-86a118e4e73e', '8eb7182a-3aec-4d46-924d-06834a810362', '8', '3', 'M', 'M', '3', '51', '0', '0', '2025-11-04 21:45:19', '2025-11-04 16:45:20'),
('8ef35167-b998-11f0-be1c-00163e2da1f1', '6318bd0f-ae5d-46ee-ab9c-9f9d276cc977', 'f0f647a1-30fc-4d55-9505-28de5388c493', '9', '10', '8', '8', '26', '221', '1', '0', '2025-11-04 16:08:54', '2025-11-04 11:08:54'),
('8fd9aedc-b9e4-11f0-be1c-00163e2da1f1', '9319e5c5-1afb-4856-bb8c-b613105bfec0', '157260b6-da44-4416-87cb-8c59f6781aa8', '7', '9', '6', '6', '21', '155', '0', '0', '2025-11-05 01:12:56', '2025-11-04 20:12:57'),
('904456cc-b524-11f0-aa36-00163e2da1f1', 'df29ec34-b9ac-4667-be49-86a118e4e73e', 'c765af68-f2a5-465c-aa1e-29d5432c68fb', '3', '4', 'M', 'M', '4', '8', '0', '0', '2025-10-30 00:08:29', '2025-10-29 20:08:29'),
('90a061ff-b9e1-11f0-be1c-00163e2da1f1', '9319e5c5-1afb-4856-bb8c-b613105bfec0', 'd483e911-0e83-4bd9-be6c-7bbf06023562', '3', '9', '6', '4', '19', '36', '0', '0', '2025-11-05 00:51:29', '2025-11-04 19:51:29'),
('90a9b893-b9cb-11f0-be1c-00163e2da1f1', 'df29ec34-b9ac-4667-be49-86a118e4e73e', '708cd94e-ca55-4870-8cd0-2447d42b6d89', '9', '7', '4', 'M', '11', '146', '0', '0', '2025-11-04 22:14:01', '2025-11-04 17:14:01'),
('90cbf5ae-b9e4-11f0-be1c-00163e2da1f1', 'fa473a27-989d-4f6a-ba6f-92ef36642364', '042bded3-1cbe-4dcf-bdca-f8d4a698dc79', '7', 'X', '9', '7', '26', '145', '1', '1', '2025-11-05 01:13:06', '2025-11-04 20:13:06'),
('90efd297-b524-11f0-aa36-00163e2da1f1', 'df29ec34-b9ac-4667-be49-86a118e4e73e', '2d699d5a-6889-4d10-9691-0ade66042d2d', '3', '9', '8', '4', '21', '54', '0', '0', '2025-10-30 00:08:32', '2025-10-29 20:08:32'),
('90f23915-b9e6-11f0-be1c-00163e2da1f1', '9319e5c5-1afb-4856-bb8c-b613105bfec0', '36c6f57b-d465-4e80-abca-e5a82b2d3b4f', '9', '8', '3', '2', '13', '115', '0', '0', '2025-11-05 01:27:18', '2025-11-04 20:27:19'),
('91280d34-b523-11f0-aa36-00163e2da1f1', 'df29ec34-b9ac-4667-be49-86a118e4e73e', '87682acc-081a-4fd0-82f8-8ae6f6ed4e2c', '2', '9', '7', '1', '17', '40', '0', '0', '2025-10-30 00:01:54', '2025-10-29 20:01:54'),
('9237e01a-b9c7-11f0-be1c-00163e2da1f1', 'df29ec34-b9ac-4667-be49-86a118e4e73e', 'ddd1218b-a364-4f4f-a8e1-70d705ebfb12', '8', '8', '6', '4', '18', '108', '0', '0', '2025-11-04 21:45:25', '2025-11-04 16:45:25'),
('92797f57-b9c9-11f0-be1c-00163e2da1f1', 'df29ec34-b9ac-4667-be49-86a118e4e73e', '1e2987bb-7072-4672-9e70-4e99ea67f4e1', '2', '8', '7', '7', '22', '41', '0', '0', '2025-11-04 21:59:45', '2025-11-04 16:59:45'),
('92879c3a-b522-11f0-aa36-00163e2da1f1', 'df29ec34-b9ac-4667-be49-86a118e4e73e', '2f55237c-71c3-4767-95d6-5c3a64726d79', '1', '5', '1', 'M', '6', '6', '0', '0', '2025-10-29 23:54:18', '2025-10-29 19:54:18'),
('92bbf2dd-b9b5-11f0-be1c-00163e2da1f1', 'df29ec34-b9ac-4667-be49-86a118e4e73e', 'cdfc52b9-9142-424f-90c0-10623b219ab9', '1', '10', '9', '8', '27', '27', '1', '0', NULL, '2025-11-04 14:36:35'),
('92c5bd71-b524-11f0-aa36-00163e2da1f1', 'df29ec34-b9ac-4667-be49-86a118e4e73e', '34a0318e-0084-4148-999c-295531d38444', '3', '9', '7', '2', '18', '56', '0', '0', '2025-10-30 00:14:39', '2025-10-29 20:14:38'),
('92d02035-b9e5-11f0-be1c-00163e2da1f1', '9319e5c5-1afb-4856-bb8c-b613105bfec0', 'f12f1281-e3a1-44b8-abbf-7fcdd8891f5b', '8', '4', '4', 'M', '8', '69', '0', '0', '2025-11-05 01:20:11', '2025-11-04 20:20:11'),
('92d87ff8-b998-11f0-be1c-00163e2da1f1', '6318bd0f-ae5d-46ee-ab9c-9f9d276cc977', 'f0f647a1-30fc-4d55-9505-28de5388c493', '10', '9', '9', 'M', '18', '239', '0', '0', '2025-11-04 16:09:00', '2025-11-04 11:09:01'),
('93531a6b-b523-11f0-aa36-00163e2da1f1', 'df29ec34-b9ac-4667-be49-86a118e4e73e', '2d699d5a-6889-4d10-9691-0ade66042d2d', '2', '8', '5', '3', '16', '33', '0', '0', '2025-10-30 00:01:33', '2025-10-29 20:01:33'),
('93625b32-b523-11f0-aa36-00163e2da1f1', 'df29ec34-b9ac-4667-be49-86a118e4e73e', '04e26f81-7099-4397-8c8f-58f8dd867d5e', '2', '8', '7', 'M', '15', '40', '0', '0', '2025-10-30 00:01:25', '2025-10-29 20:01:25'),
('93c2844b-b9e7-11f0-be1c-00163e2da1f1', '9319e5c5-1afb-4856-bb8c-b613105bfec0', '2b522bca-4ec6-46d2-9fb3-833570d092d1', '10', '10', '9', '6', '25', '223', '1', '0', '2025-11-05 01:36:15', '2025-11-04 20:36:16'),
('94de60cb-b9c7-11f0-be1c-00163e2da1f1', 'df29ec34-b9ac-4667-be49-86a118e4e73e', '04ab8131-7490-4db5-b87e-79579e3a6764', '8', '6', '4', '2', '12', '108', '0', '0', '2025-11-04 21:45:30', '2025-11-04 16:45:31'),
('9509b681-b522-11f0-aa36-00163e2da1f1', 'df29ec34-b9ac-4667-be49-86a118e4e73e', '59597f83-5f82-48e2-8962-a4705202b065', '1', '9', '6', '5', '20', '20', '0', '0', '2025-10-29 23:54:29', '2025-10-29 19:54:29'),
('9515ace4-b9c9-11f0-be1c-00163e2da1f1', 'df29ec34-b9ac-4667-be49-86a118e4e73e', '35cdc75d-9ec4-4f67-ac37-60ce62f9824b', '2', '7', '7', '3', '17', '40', '0', '0', '2025-11-04 21:59:49', '2025-11-04 16:59:49'),
('951af049-b9e5-11f0-be1c-00163e2da1f1', '9319e5c5-1afb-4856-bb8c-b613105bfec0', '36c6f57b-d465-4e80-abca-e5a82b2d3b4f', '8', '7', '4', '4', '15', '102', '0', '0', '2025-11-05 01:20:18', '2025-11-04 20:20:18'),
('958a3182-b9e6-11f0-be1c-00163e2da1f1', '9319e5c5-1afb-4856-bb8c-b613105bfec0', 'ba97f9ec-d5c6-4ced-8f16-25338e146b5e', '9', '10', '8', '5', '23', '183', '1', '0', '2025-11-05 01:27:31', '2025-11-04 20:27:31'),
('95d2894a-b523-11f0-aa36-00163e2da1f1', 'df29ec34-b9ac-4667-be49-86a118e4e73e', 'b9ab41a2-3023-47b4-a06b-9640336fa297', '2', '7', '6', '5', '18', '44', '0', '0', '2025-10-30 00:01:29', '2025-10-29 20:01:29'),
('9627a76e-b9cb-11f0-be1c-00163e2da1f1', 'df29ec34-b9ac-4667-be49-86a118e4e73e', '8932cd23-00db-4d51-8346-05381984766f', '10', '10', '8', '7', '25', '249', '1', '0', '2025-11-04 22:14:10', '2025-11-04 17:14:10'),
('968a4190-b9e4-11f0-be1c-00163e2da1f1', '9319e5c5-1afb-4856-bb8c-b613105bfec0', '36c6f57b-d465-4e80-abca-e5a82b2d3b4f', '7', '6', '5', '4', '15', '87', '0', '0', '2025-11-05 01:13:08', '2025-11-04 20:13:08'),
('96c60387-b9e5-11f0-be1c-00163e2da1f1', '9319e5c5-1afb-4856-bb8c-b613105bfec0', '6d083e12-5a8d-48f5-8c8f-cf163d224064', '8', '8', '8', '7', '23', '130', '0', '0', '2025-11-05 01:20:18', '2025-11-04 20:20:18'),
('96fa152e-b523-11f0-aa36-00163e2da1f1', 'df29ec34-b9ac-4667-be49-86a118e4e73e', '59597f83-5f82-48e2-8962-a4705202b065', '2', '9', '7', '6', '22', '42', '0', '0', '2025-10-30 00:01:31', '2025-10-29 20:01:31'),
('96fbd858-b9e5-11f0-be1c-00163e2da1f1', '9319e5c5-1afb-4856-bb8c-b613105bfec0', '71055dae-fd33-4c43-95b8-eb995f625d11', '8', '2', '1', 'M', '3', '41', '0', '0', '2025-11-05 01:20:18', '2025-11-04 20:20:18'),
('979f55b3-b522-11f0-aa36-00163e2da1f1', 'df29ec34-b9ac-4667-be49-86a118e4e73e', '0f0bfb0b-59d1-4d5a-8a4e-f854522314af', '1', '9', '8', '8', '25', '25', '0', '0', '2025-10-29 23:54:23', '2025-10-29 19:54:23'),
('97a66950-b9c9-11f0-be1c-00163e2da1f1', 'df29ec34-b9ac-4667-be49-86a118e4e73e', 'a42e7171-aa38-4675-b309-2b99a7470572', '2', '5', '5', 'M', '10', '20', '0', '0', '2025-11-04 21:59:54', '2025-11-04 16:59:54'),
('9881afa5-b523-11f0-aa36-00163e2da1f1', 'df29ec34-b9ac-4667-be49-86a118e4e73e', 'fa2b3363-5be5-49d3-a7dc-7c393ef194fb', '2', '3', '4', 'M', '7', '7', '0', '0', '2025-10-30 00:01:34', '2025-10-29 20:01:34'),
('988fa0e2-b522-11f0-aa36-00163e2da1f1', 'df29ec34-b9ac-4667-be49-86a118e4e73e', 'fd087b20-f383-42cd-9291-a7cf8db6e5bd', '1', 'X', '7', '3', '20', '20', '1', '1', '2025-10-29 23:54:34', '2025-10-29 19:54:33'),
('98d2de3d-b9cb-11f0-be1c-00163e2da1f1', 'df29ec34-b9ac-4667-be49-86a118e4e73e', '26a72ea4-7804-4c24-abdc-0ff66df7da21', '10', '2', 'M', 'M', '2', '32', '0', '0', '2025-11-04 22:14:15', '2025-11-04 17:14:15'),
('98f49b53-b522-11f0-aa36-00163e2da1f1', 'df29ec34-b9ac-4667-be49-86a118e4e73e', '2d699d5a-6889-4d10-9691-0ade66042d2d', '1', '7', '6', '4', '17', '17', '0', '0', '2025-10-29 23:54:33', '2025-10-29 19:54:34'),
('9914e353-b523-11f0-aa36-00163e2da1f1', 'df29ec34-b9ac-4667-be49-86a118e4e73e', 'fd087b20-f383-42cd-9291-a7cf8db6e5bd', '2', '9', '5', '5', '19', '39', '0', '0', '2025-10-30 00:01:36', '2025-10-29 20:01:34'),
('99a59193-b522-11f0-aa36-00163e2da1f1', 'df29ec34-b9ac-4667-be49-86a118e4e73e', '87682acc-081a-4fd0-82f8-8ae6f6ed4e2c', '1', '8', '8', '7', '23', '23', '0', '0', '2025-10-29 23:55:33', '2025-10-29 19:55:33'),
('99f8ff1e-b9c7-11f0-be1c-00163e2da1f1', 'df29ec34-b9ac-4667-be49-86a118e4e73e', '52312ccb-6014-4b3d-83dd-0f8a77c30dae', '8', '9', '2', 'M', '11', '98', '0', '0', '2025-11-04 21:45:40', '2025-11-04 16:45:41'),
('9a5ae946-b9c9-11f0-be1c-00163e2da1f1', 'df29ec34-b9ac-4667-be49-86a118e4e73e', '2aee12c9-6318-4183-b1ea-b2570ad82714', '2', '4', 'M', 'M', '4', '15', '0', '0', '2025-11-04 21:59:59', '2025-11-04 16:59:59'),
('9a96c738-b523-11f0-aa36-00163e2da1f1', 'df29ec34-b9ac-4667-be49-86a118e4e73e', '69cb5f2b-f96a-40c9-b0c6-003b83330c7c', '2', '9', '8', '4', '21', '37', '0', '0', '2025-10-30 00:01:37', '2025-10-29 20:01:37'),
('9aa1f01d-b9e4-11f0-be1c-00163e2da1f1', 'fa473a27-989d-4f6a-ba6f-92ef36642364', 'edbfb8fd-eb86-4fd2-b901-df1ec9655230', '7', '9', 'M', 'M', '9', '67', '0', '0', '2025-11-05 01:13:20', '2025-11-04 20:13:20'),
('9ab41b69-b9e4-11f0-be1c-00163e2da1f1', '9319e5c5-1afb-4856-bb8c-b613105bfec0', 'a13a4166-6dd3-431d-ad83-015e23b5a091', '7', '4', '1', 'M', '5', '60', '0', '0', '2025-11-05 01:13:15', '2025-11-04 20:13:15'),
('9b1bef39-b9cc-11f0-be1c-00163e2da1f1', 'df29ec34-b9ac-4667-be49-86a118e4e73e', 'dd29fe78-0c03-452a-81d9-4dbbd2d95f03', '1', '9', '8', '7', '24', '24', '0', '0', '2025-11-04 22:21:28', '2025-11-04 17:21:28'),
('9b7c890e-b9e6-11f0-be1c-00163e2da1f1', '9319e5c5-1afb-4856-bb8c-b613105bfec0', '6d083e12-5a8d-48f5-8c8f-cf163d224064', '9', '7', '7', '5', '19', '149', '0', '0', '2025-11-05 01:27:36', '2025-11-04 20:27:36'),
('9c06e84f-b9cb-11f0-be1c-00163e2da1f1', 'df29ec34-b9ac-4667-be49-86a118e4e73e', 'a86533dd-2ff1-4f4c-a068-c3ecd0503234', '10', '5', '5', '1', '11', '76', '0', '0', '2025-11-04 22:14:20', '2025-11-04 17:14:21'),
('9c450075-b522-11f0-aa36-00163e2da1f1', 'df29ec34-b9ac-4667-be49-86a118e4e73e', 'ad73018a-78d4-4460-ab9c-5f3d9b68c15e', '1', '2', 'M', 'M', '2', '2', '0', '0', '2025-10-29 23:54:39', '2025-10-29 19:54:39'),
('9cc330d4-b59d-11f0-aa36-00163e2da1f1', 'e9bcaf11-f39d-46b9-9766-4d369e6c652a', 'fefbcf6d-244b-4238-aa09-5c578f790a4e', '9', '4', 'M', 'M', '4', '35', '0', '0', '2025-10-30 14:35:00', '2025-10-30 10:35:00'),
('9cf4e6f7-b9ba-11f0-be1c-00163e2da1f1', 'df29ec34-b9ac-4667-be49-86a118e4e73e', 'f3af384f-ebab-49bc-aa6f-2c1f72465ec2', '1', '7', '6', '1', '14', '14', '0', '0', '2025-11-04 20:12:40', '2025-11-04 15:12:41'),
('9d499595-b522-11f0-aa36-00163e2da1f1', 'df29ec34-b9ac-4667-be49-86a118e4e73e', 'fa2b3363-5be5-49d3-a7dc-7c393ef194fb', '1', 'M', 'M', 'M', '0', '0', '0', '0', '2025-10-29 23:54:33', '2025-10-29 19:54:33'),
('9d680503-b9cc-11f0-be1c-00163e2da1f1', 'df29ec34-b9ac-4667-be49-86a118e4e73e', '3cd0e2cd-4350-4f5b-b31a-01efd04f3d20', '1', '10', '7', '7', '24', '24', '1', '0', '2025-11-04 22:21:32', '2025-11-04 17:21:32'),
('9e00ac46-b9e3-11f0-be1c-00163e2da1f1', '9319e5c5-1afb-4856-bb8c-b613105bfec0', '17ce5d48-42a7-4eed-8e70-e1f2fd59e51d', '6', '10', '8', '8', '26', '164', '1', '0', '2025-11-05 01:06:18', '2025-11-04 20:06:18'),
('9e8efd88-b9c9-11f0-be1c-00163e2da1f1', 'df29ec34-b9ac-4667-be49-86a118e4e73e', '1e2987bb-7072-4672-9e70-4e99ea67f4e1', '3', '7', '6', '6', '19', '60', '0', '0', '2025-11-04 22:00:05', '2025-11-04 17:00:06'),
('9ed80cdb-b524-11f0-aa36-00163e2da1f1', 'df29ec34-b9ac-4667-be49-86a118e4e73e', 'cd54f2c0-c167-48f4-97b8-e2994b04d318', '3', '6', '4', '4', '14', '34', '0', '0', '2025-10-30 00:08:55', '2025-10-29 20:08:55'),
('9f27afb4-b9cb-11f0-be1c-00163e2da1f1', 'df29ec34-b9ac-4667-be49-86a118e4e73e', '708cd94e-ca55-4870-8cd0-2447d42b6d89', '10', '7', '7', '4', '18', '164', '0', '0', '2025-11-04 22:14:26', '2025-11-04 17:14:26'),
('9f419fc9-b9cc-11f0-be1c-00163e2da1f1', 'df29ec34-b9ac-4667-be49-86a118e4e73e', '87aa57da-d446-469e-9414-6176e7bf3b89', '1', 'M', 'M', 'M', '0', '0', '0', '0', '2025-11-04 22:21:34', '2025-11-04 17:21:35'),
('a11c8201-b9cc-11f0-be1c-00163e2da1f1', 'df29ec34-b9ac-4667-be49-86a118e4e73e', '17aefd0b-d2b8-4e57-a41e-dda252b1756e', '1', '2', 'M', 'M', '2', '2', '0', '0', '2025-11-04 22:21:38', '2025-11-04 17:21:38'),
('a1307b78-b525-11f0-aa36-00163e2da1f1', 'df29ec34-b9ac-4667-be49-86a118e4e73e', '34a0318e-0084-4148-999c-295531d38444', '4', '8', '3', 'M', '11', '67', '0', '0', '2025-10-30 00:16:09', '2025-10-29 20:16:07'),
('a152e326-b523-11f0-aa36-00163e2da1f1', 'df29ec34-b9ac-4667-be49-86a118e4e73e', 'cd54f2c0-c167-48f4-97b8-e2994b04d318', '2', '7', '5', '2', '14', '20', '0', '0', '2025-10-30 00:01:51', '2025-10-29 20:01:51'),
('a1658d50-b523-11f0-aa36-00163e2da1f1', 'df29ec34-b9ac-4667-be49-86a118e4e73e', '3a98c834-8475-41df-bf4d-86b43dcf508e', '2', '9', '6', '6', '21', '46', '0', '0', '2025-10-30 00:01:48', '2025-10-29 20:01:48'),
('a16fa64e-b52a-11f0-aa36-00163e2da1f1', 'df29ec34-b9ac-4667-be49-86a118e4e73e', 'f5a23964-083e-441b-a3fa-c56e9c456459', '10', '7', '5', '1', '13', '226', '0', '0', '2025-10-30 00:53:37', '2025-10-29 20:53:38'),
('a1788528-b522-11f0-aa36-00163e2da1f1', 'df29ec34-b9ac-4667-be49-86a118e4e73e', '9dfdea49-f7d1-4e7f-a064-00d0b8773277', '1', '9', '8', '6', '23', '23', '0', '0', '2025-10-29 23:54:42', '2025-10-29 19:54:42'),
('a1793d9e-b523-11f0-aa36-00163e2da1f1', 'df29ec34-b9ac-4667-be49-86a118e4e73e', '9dfdea49-f7d1-4e7f-a064-00d0b8773277', '2', '4', '2', '1', '7', '30', '0', '0', '2025-10-30 00:01:48', '2025-10-29 20:01:49'),
('a1e1ed9c-b9df-11f0-be1c-00163e2da1f1', '9319e5c5-1afb-4856-bb8c-b613105bfec0', '36c6f57b-d465-4e80-abca-e5a82b2d3b4f', '1', '5', '1', 'M', '6', '6', '0', '0', '2025-11-05 00:39:26', '2025-11-04 19:39:26'),
('a21acf11-b9ba-11f0-be1c-00163e2da1f1', 'df29ec34-b9ac-4667-be49-86a118e4e73e', 'f3af384f-ebab-49bc-aa6f-2c1f72465ec2', '2', '5', '4', 'M', '9', '23', '0', '0', '2025-11-04 20:12:49', '2025-11-04 15:12:49'),
('a221ddbb-b9c9-11f0-be1c-00163e2da1f1', 'df29ec34-b9ac-4667-be49-86a118e4e73e', '35cdc75d-9ec4-4f67-ac37-60ce62f9824b', '3', '8', '7', '4', '19', '59', '0', '0', '2025-11-04 22:00:11', '2025-11-04 17:00:11'),
('a2662827-b9c7-11f0-be1c-00163e2da1f1', 'df29ec34-b9ac-4667-be49-86a118e4e73e', '8eb7182a-3aec-4d46-924d-06834a810362', '9', '8', '5', 'M', '13', '64', '0', '0', '2025-11-04 21:46:49', '2025-11-04 16:46:49'),
('a2f6b4b4-b9e3-11f0-be1c-00163e2da1f1', '9319e5c5-1afb-4856-bb8c-b613105bfec0', '480eb2a8-5ca1-4e34-af59-2fae01058356', '6', 'M', 'M', 'M', '0', '18', '0', '0', '2025-11-05 01:06:20', '2025-11-04 20:06:20'),
('a2fb3e93-b59d-11f0-aa36-00163e2da1f1', 'e9bcaf11-f39d-46b9-9766-4d369e6c652a', 'f8335ab7-e0e4-4d9f-90a7-3877d8083c39', '9', '7', '6', '2', '15', '177', '0', '0', '2025-10-30 14:35:11', '2025-10-30 10:35:11'),
('a39fd363-b52a-11f0-aa36-00163e2da1f1', 'df29ec34-b9ac-4667-be49-86a118e4e73e', '87682acc-081a-4fd0-82f8-8ae6f6ed4e2c', '10', '9', '8', '8', '25', '212', '0', '0', '2025-10-30 00:53:37', '2025-10-29 20:53:38'),
('a3a3ba1c-b522-11f0-aa36-00163e2da1f1', 'df29ec34-b9ac-4667-be49-86a118e4e73e', '04e26f81-7099-4397-8c8f-58f8dd867d5e', '1', '9', '8', '8', '25', '25', '0', '0', '2025-10-29 23:54:44', '2025-10-29 19:54:44'),
('a3db3867-b9e5-11f0-be1c-00163e2da1f1', '9319e5c5-1afb-4856-bb8c-b613105bfec0', 'ba97f9ec-d5c6-4ced-8f16-25338e146b5e', '8', '9', '8', '6', '23', '160', '0', '0', '2025-11-05 01:20:40', '2025-11-04 20:20:40'),
('a435793e-b9e3-11f0-be1c-00163e2da1f1', '9319e5c5-1afb-4856-bb8c-b613105bfec0', '11d26657-82a0-48dd-9479-876a32e29f4a', '6', '10', '8', '6', '24', '146', '1', '0', '2025-11-05 01:06:22', '2025-11-04 20:06:22'),
('a447dcf8-b9e3-11f0-be1c-00163e2da1f1', '9319e5c5-1afb-4856-bb8c-b613105bfec0', 'f12f1281-e3a1-44b8-abbf-7fcdd8891f5b', '6', '4', '2', 'M', '6', '60', '0', '0', '2025-11-05 01:06:23', '2025-11-04 20:06:23'),
('a4812672-b9e3-11f0-be1c-00163e2da1f1', 'fa473a27-989d-4f6a-ba6f-92ef36642364', '2dc10ac8-6af0-49b4-9a18-416669ef16d0', '6', '9', '9', '8', '26', '128', '0', '0', '2025-11-05 01:06:23', '2025-11-04 20:06:23'),
('a5e51a9b-b9c7-11f0-be1c-00163e2da1f1', 'df29ec34-b9ac-4667-be49-86a118e4e73e', 'ddd1218b-a364-4f4f-a8e1-70d705ebfb12', '9', '9', '7', '5', '21', '129', '0', '0', '2025-11-04 21:46:57', '2025-11-04 16:46:57'),
('a5f15b81-b9df-11f0-be1c-00163e2da1f1', '9319e5c5-1afb-4856-bb8c-b613105bfec0', '6d083e12-5a8d-48f5-8c8f-cf163d224064', '1', '8', '5', 'M', '13', '13', '0', '0', '2025-11-05 00:38:40', '2025-11-04 19:38:40'),
('a6755894-b9e6-11f0-be1c-00163e2da1f1', '9319e5c5-1afb-4856-bb8c-b613105bfec0', '2b522bca-4ec6-46d2-9fb3-833570d092d1', '9', '8', '8', '6', '22', '198', '0', '0', '2025-11-05 01:27:54', '2025-11-04 20:27:54'),
('a6a712ef-b523-11f0-aa36-00163e2da1f1', 'df29ec34-b9ac-4667-be49-86a118e4e73e', '17d38c50-77d2-4b74-b2cc-4e2c9c82d4ca', '2', '6', '2', 'M', '8', '13', '0', '0', '2025-10-30 00:01:58', '2025-10-29 20:01:58'),
('a770e4b9-b522-11f0-aa36-00163e2da1f1', 'df29ec34-b9ac-4667-be49-86a118e4e73e', '34a0318e-0084-4148-999c-295531d38444', '1', '8', '6', '2', '16', '16', '0', '0', '2025-10-29 23:54:51', '2025-10-29 19:54:49'),
('a7a4cd09-b522-11f0-aa36-00163e2da1f1', 'df29ec34-b9ac-4667-be49-86a118e4e73e', 'cd54f2c0-c167-48f4-97b8-e2994b04d318', '1', '4', '2', 'M', '6', '6', '0', '0', '2025-10-29 23:54:52', '2025-10-29 19:54:53'),
('a7e2bb66-b59d-11f0-aa36-00163e2da1f1', 'e9bcaf11-f39d-46b9-9766-4d369e6c652a', '8062b4ad-5044-4c7a-80ec-57796a812e88', '9', '9', '8', '7', '24', '210', '0', '0', '2025-10-30 14:35:19', '2025-10-30 10:35:19'),
('a7e93b31-b523-11f0-aa36-00163e2da1f1', 'df29ec34-b9ac-4667-be49-86a118e4e73e', 'ad73018a-78d4-4460-ab9c-5f3d9b68c15e', '2', '5', '4', '3', '12', '14', '0', '0', '2025-10-30 00:01:59', '2025-10-29 20:02:00');
INSERT INTO `end_events` (`id`, `round_id`, `round_archer_id`, `end_number`, `a1`, `a2`, `a3`, `end_total`, `running_total`, `tens`, `xs`, `device_ts`, `server_ts`) VALUES
('a814eb5f-b9c9-11f0-be1c-00163e2da1f1', 'df29ec34-b9ac-4667-be49-86a118e4e73e', 'a42e7171-aa38-4675-b309-2b99a7470572', '3', '7', '5', 'M', '12', '32', '0', '0', '2025-11-04 22:00:21', '2025-11-04 17:00:22'),
('a84737f4-b52a-11f0-aa36-00163e2da1f1', 'df29ec34-b9ac-4667-be49-86a118e4e73e', 'aa94d989-8b31-4f03-bd61-980181772f6f', '10', '1', 'M', 'M', '1', '83', '0', '0', '2025-10-30 00:53:37', '2025-10-29 20:53:38'),
('a8d4d377-b9cc-11f0-be1c-00163e2da1f1', 'df29ec34-b9ac-4667-be49-86a118e4e73e', 'dd29fe78-0c03-452a-81d9-4dbbd2d95f03', '2', '8', '7', '4', '19', '43', '0', '0', '2025-11-04 22:21:50', '2025-11-04 17:21:50'),
('a8d9e7f5-b52a-11f0-aa36-00163e2da1f1', 'df29ec34-b9ac-4667-be49-86a118e4e73e', '9ed79fc4-c7fd-4799-93c9-72405c67963a', '10', '6', '5', '5', '16', '192', '0', '0', '2025-10-30 00:52:07', '2025-10-29 20:52:07'),
('a8ee0f73-b523-11f0-aa36-00163e2da1f1', 'df29ec34-b9ac-4667-be49-86a118e4e73e', 'aa94d989-8b31-4f03-bd61-980181772f6f', '2', '', '', '', '0', '5', '0', '0', '2025-10-30 00:02:00', '2025-10-29 20:02:01'),
('a902ce6b-b522-11f0-aa36-00163e2da1f1', 'df29ec34-b9ac-4667-be49-86a118e4e73e', '17d38c50-77d2-4b74-b2cc-4e2c9c82d4ca', '1', '5', 'M', 'M', '5', '5', '0', '0', '2025-10-29 23:54:52', '2025-10-29 19:54:52'),
('a9711361-b52a-11f0-aa36-00163e2da1f1', 'df29ec34-b9ac-4667-be49-86a118e4e73e', '2f55237c-71c3-4767-95d6-5c3a64726d79', '10', '4', '1', 'M', '5', '73', '0', '0', '2025-10-30 00:52:08', '2025-10-29 20:52:08'),
('aa30a1bb-b52a-11f0-aa36-00163e2da1f1', 'df29ec34-b9ac-4667-be49-86a118e4e73e', '0f0bfb0b-59d1-4d5a-8a4e-f854522314af', '10', '6', '5', '2', '13', '206', '0', '0', '2025-10-30 00:52:14', '2025-10-29 20:52:14'),
('aa94359a-b9e3-11f0-be1c-00163e2da1f1', '9319e5c5-1afb-4856-bb8c-b613105bfec0', 'a13a4166-6dd3-431d-ad83-015e23b5a091', '6', '7', '6', 'M', '13', '55', '0', '0', '2025-11-05 01:06:31', '2025-11-04 20:06:32'),
('aaa401be-b9c7-11f0-be1c-00163e2da1f1', 'df29ec34-b9ac-4667-be49-86a118e4e73e', '04ab8131-7490-4db5-b87e-79579e3a6764', '9', '6', '5', 'M', '11', '119', '0', '0', '2025-11-04 21:47:04', '2025-11-04 16:47:04'),
('aad7d053-b522-11f0-aa36-00163e2da1f1', 'df29ec34-b9ac-4667-be49-86a118e4e73e', 'c765af68-f2a5-465c-aa1e-29d5432c68fb', '1', '4', 'M', 'M', '4', '4', '0', '0', '2025-10-29 23:54:55', '2025-10-29 19:54:55'),
('ab4b288b-b522-11f0-aa36-00163e2da1f1', 'df29ec34-b9ac-4667-be49-86a118e4e73e', '3a98c834-8475-41df-bf4d-86b43dcf508e', '1', '9', '9', '7', '25', '25', '0', '0', '2025-10-29 23:54:56', '2025-10-29 19:54:56'),
('ab6beafe-b52a-11f0-aa36-00163e2da1f1', 'df29ec34-b9ac-4667-be49-86a118e4e73e', 'ef431750-7d43-4726-9734-aeb97c4e8cc4', '10', '9', '8', '7', '24', '231', '0', '0', '2025-10-30 00:53:14', '2025-10-29 20:53:14'),
('abb2d25c-b9c9-11f0-be1c-00163e2da1f1', 'df29ec34-b9ac-4667-be49-86a118e4e73e', '2aee12c9-6318-4183-b1ea-b2570ad82714', '3', '8', '6', 'M', '14', '29', '0', '0', '2025-11-04 22:00:28', '2025-11-04 17:00:28'),
('abeab635-b9df-11f0-be1c-00163e2da1f1', '9319e5c5-1afb-4856-bb8c-b613105bfec0', '8c0db7cf-4fc7-456a-8b9d-0b8140d01c3b', '1', '5', '5', '3', '13', '13', '0', '0', '2025-11-05 00:37:57', '2025-11-04 19:37:57'),
('abeb4e8b-b52a-11f0-aa36-00163e2da1f1', 'df29ec34-b9ac-4667-be49-86a118e4e73e', '6245c6b1-e195-4de6-a9d8-5ed2878b7682', '10', '8', '5', '4', '17', '162', '0', '0', '2025-10-30 00:52:13', '2025-10-29 20:52:13'),
('ac776713-b9c7-11f0-be1c-00163e2da1f1', 'df29ec34-b9ac-4667-be49-86a118e4e73e', '52312ccb-6014-4b3d-83dd-0f8a77c30dae', '9', '9', '8', '4', '21', '119', '0', '0', '2025-11-04 21:47:12', '2025-11-04 16:47:13'),
('ac79459e-b9e3-11f0-be1c-00163e2da1f1', 'fa473a27-989d-4f6a-ba6f-92ef36642364', '042bded3-1cbe-4dcf-bdca-f8d4a698dc79', '6', '9', '8', '6', '23', '119', '0', '0', '2025-11-05 01:06:35', '2025-11-04 20:06:35'),
('ac93ced5-b59d-11f0-aa36-00163e2da1f1', 'e9bcaf11-f39d-46b9-9766-4d369e6c652a', 'fefbcf6d-244b-4238-aa09-5c578f790a4e', '10', '8', 'M', 'M', '8', '43', '0', '0', '2025-10-30 14:35:26', '2025-10-30 10:35:27'),
('acd0f3f0-b9cc-11f0-be1c-00163e2da1f1', 'df29ec34-b9ac-4667-be49-86a118e4e73e', '3cd0e2cd-4350-4f5b-b31a-01efd04f3d20', '2', '9', '8', '6', '23', '47', '0', '0', '2025-11-04 22:21:58', '2025-11-04 17:21:58'),
('acd4b767-b9e3-11f0-be1c-00163e2da1f1', '9319e5c5-1afb-4856-bb8c-b613105bfec0', '71055dae-fd33-4c43-95b8-eb995f625d11', '6', '8', 'M', 'M', '8', '36', '0', '0', '2025-11-05 01:06:36', '2025-11-04 20:06:36'),
('acf96ea4-b523-11f0-aa36-00163e2da1f1', 'df29ec34-b9ac-4667-be49-86a118e4e73e', 'c765af68-f2a5-465c-aa1e-29d5432c68fb', '2', 'M', 'M', 'M', '0', '4', '0', '0', '2025-10-30 00:02:08', '2025-10-29 20:02:08'),
('ad159522-b522-11f0-aa36-00163e2da1f1', 'df29ec34-b9ac-4667-be49-86a118e4e73e', '69cb5f2b-f96a-40c9-b0c6-003b83330c7c', '1', '7', '7', '2', '16', '16', '0', '0', '2025-10-29 23:54:59', '2025-10-29 19:54:59'),
('ad2eafa9-b525-11f0-aa36-00163e2da1f1', 'df29ec34-b9ac-4667-be49-86a118e4e73e', 'fd087b20-f383-42cd-9291-a7cf8db6e5bd', '4', '5', '4', 'M', '9', '57', '0', '0', '2025-10-30 00:16:29', '2025-10-29 20:16:27'),
('ae1dd479-b524-11f0-aa36-00163e2da1f1', 'df29ec34-b9ac-4667-be49-86a118e4e73e', 'aa94d989-8b31-4f03-bd61-980181772f6f', '3', '7', '4', '3', '14', '34', '0', '0', '2025-10-30 00:09:22', '2025-10-29 20:09:22'),
('af8039a4-b9e4-11f0-be1c-00163e2da1f1', '9319e5c5-1afb-4856-bb8c-b613105bfec0', 'd483e911-0e83-4bd9-be6c-7bbf06023562', '7', '6', '4', '1', '11', '78', '0', '0', '2025-11-05 01:13:51', '2025-11-04 20:13:52'),
('afa49ea6-b522-11f0-aa36-00163e2da1f1', 'df29ec34-b9ac-4667-be49-86a118e4e73e', 'aa94d989-8b31-4f03-bd61-980181772f6f', '1', '4', '1', 'M', '5', '5', '0', '0', '2025-10-29 23:56:37', '2025-10-29 19:56:38'),
('b02db2c1-b9c9-11f0-be1c-00163e2da1f1', 'df29ec34-b9ac-4667-be49-86a118e4e73e', '1e2987bb-7072-4672-9e70-4e99ea67f4e1', '4', '7', '6', '5', '18', '78', '0', '0', '2025-11-04 22:00:40', '2025-11-04 17:00:41'),
('b040fbe7-b59d-11f0-aa36-00163e2da1f1', 'e9bcaf11-f39d-46b9-9766-4d369e6c652a', 'f8335ab7-e0e4-4d9f-90a7-3877d8083c39', '10', '6', '6', '4', '16', '193', '0', '0', '2025-10-30 14:35:32', '2025-10-30 10:35:32'),
('b09ed2d5-b59c-11f0-aa36-00163e2da1f1', 'e9bcaf11-f39d-46b9-9766-4d369e6c652a', 'fefbcf6d-244b-4238-aa09-5c578f790a4e', '1', '3', 'M', 'M', '3', '3', '0', '0', '2025-10-30 14:28:24', '2025-10-30 10:28:24'),
('b0b1a1ff-b9e3-11f0-be1c-00163e2da1f1', '9319e5c5-1afb-4856-bb8c-b613105bfec0', '67f9a622-d62a-4ed7-b84f-c47a69e4f3be', '6', '7', '4', '1', '12', '68', '0', '0', '2025-11-05 01:06:42', '2025-11-04 20:06:43'),
('b11a63aa-b9cc-11f0-be1c-00163e2da1f1', 'df29ec34-b9ac-4667-be49-86a118e4e73e', '87aa57da-d446-469e-9414-6176e7bf3b89', '2', '7', '6', 'M', '13', '13', '0', '0', '2025-11-04 22:22:05', '2025-11-04 17:22:05'),
('b12e24bb-b9e3-11f0-be1c-00163e2da1f1', 'fa473a27-989d-4f6a-ba6f-92ef36642364', 'edbfb8fd-eb86-4fd2-b901-df1ec9655230', '6', '6', '4', 'M', '10', '58', '0', '0', '2025-11-05 01:07:02', '2025-11-04 20:07:02'),
('b15aa1d9-b52a-11f0-aa36-00163e2da1f1', 'df29ec34-b9ac-4667-be49-86a118e4e73e', '3a6adb2d-c31c-4d51-86f0-a2510968bf67', '10', '7', '7', '6', '20', '181', '0', '0', '2025-10-30 00:52:23', '2025-10-29 20:52:22'),
('b1fe5c2a-b9e3-11f0-be1c-00163e2da1f1', '9319e5c5-1afb-4856-bb8c-b613105bfec0', '8c0db7cf-4fc7-456a-8b9d-0b8140d01c3b', '6', '7', '6', '5', '18', '66', '0', '0', '2025-11-05 01:06:46', '2025-11-04 20:06:46'),
('b26ed169-b9e3-11f0-be1c-00163e2da1f1', '9319e5c5-1afb-4856-bb8c-b613105bfec0', '2534f86e-297c-4e60-bff1-6f165a6ff2d7', '6', '8', '3', '3', '14', '100', '0', '0', '2025-11-05 01:06:45', '2025-11-04 20:06:45'),
('b2b7a29e-b59d-11f0-aa36-00163e2da1f1', 'e9bcaf11-f39d-46b9-9766-4d369e6c652a', '8062b4ad-5044-4c7a-80ec-57796a812e88', '10', '7', '6', '6', '19', '229', '0', '0', '2025-10-30 14:35:37', '2025-10-30 10:35:37'),
('b3d39a9c-b52a-11f0-aa36-00163e2da1f1', 'df29ec34-b9ac-4667-be49-86a118e4e73e', '2d699d5a-6889-4d10-9691-0ade66042d2d', '10', '7', '5', '5', '17', '178', '0', '0', '2025-10-30 00:52:25', '2025-10-29 20:52:25'),
('b4e1ecdf-b523-11f0-aa36-00163e2da1f1', 'df29ec34-b9ac-4667-be49-86a118e4e73e', '34a0318e-0084-4148-999c-295531d38444', '2', '8', '7', '7', '22', '38', '0', '0', '2025-10-30 00:02:22', '2025-10-29 20:02:21'),
('b4e77507-b9cc-11f0-be1c-00163e2da1f1', 'df29ec34-b9ac-4667-be49-86a118e4e73e', '17aefd0b-d2b8-4e57-a41e-dda252b1756e', '2', '8', 'M', 'M', '8', '10', '0', '0', '2025-11-04 22:22:12', '2025-11-04 17:22:12'),
('b5d57e30-b52a-11f0-aa36-00163e2da1f1', 'df29ec34-b9ac-4667-be49-86a118e4e73e', 'b9ab41a2-3023-47b4-a06b-9640336fa297', '10', '8', '8', '5', '21', '152', '0', '0', '2025-10-30 00:53:14', '2025-10-29 20:53:14'),
('b5fbd4cb-b9ba-11f0-be1c-00163e2da1f1', 'df29ec34-b9ac-4667-be49-86a118e4e73e', 'f3af384f-ebab-49bc-aa6f-2c1f72465ec2', '3', '5', '5', 'M', '10', '33', '0', '0', '2025-11-04 20:13:21', '2025-11-04 15:13:21'),
('b680c23a-b9e3-11f0-be1c-00163e2da1f1', '9319e5c5-1afb-4856-bb8c-b613105bfec0', '883cd2d7-c75c-4b91-9055-b630fbdb062e', '6', '8', '5', '3', '16', '48', '0', '0', '2025-11-05 01:06:55', '2025-11-04 20:06:55'),
('b6a53079-b9e3-11f0-be1c-00163e2da1f1', '9319e5c5-1afb-4856-bb8c-b613105bfec0', 'ba97f9ec-d5c6-4ced-8f16-25338e146b5e', '6', '10', '9', '7', '26', '124', '1', '0', '2025-11-05 01:06:53', '2025-11-04 20:06:53'),
('b6a77862-b52a-11f0-aa36-00163e2da1f1', 'df29ec34-b9ac-4667-be49-86a118e4e73e', 'fd087b20-f383-42cd-9291-a7cf8db6e5bd', '10', '7', '2', 'M', '9', '140', '0', '0', '2025-10-30 00:52:32', '2025-10-29 20:52:31'),
('b6c2b0d7-b9e4-11f0-be1c-00163e2da1f1', '9319e5c5-1afb-4856-bb8c-b613105bfec0', '17ce5d48-42a7-4eed-8e70-e1f2fd59e51d', '7', '9', '8', '8', '25', '189', '0', '0', '2025-11-05 01:14:02', '2025-11-04 20:14:02'),
('b6efaa50-b52a-11f0-aa36-00163e2da1f1', 'df29ec34-b9ac-4667-be49-86a118e4e73e', 'fa2b3363-5be5-49d3-a7dc-7c393ef194fb', '10', 'M', 'M', 'M', '0', '7', '0', '0', '2025-10-30 00:52:31', '2025-10-29 20:52:31'),
('b7928a70-b9e3-11f0-be1c-00163e2da1f1', '9319e5c5-1afb-4856-bb8c-b613105bfec0', 'd30da10c-3cd8-4d8f-8512-a044be4307e1', '6', '8', '7', '2', '17', '96', '0', '0', '2025-11-05 01:06:53', '2025-11-04 20:06:54'),
('b82f261e-b9c9-11f0-be1c-00163e2da1f1', 'df29ec34-b9ac-4667-be49-86a118e4e73e', '35cdc75d-9ec4-4f67-ac37-60ce62f9824b', '4', '6', '3', 'M', '9', '68', '0', '0', '2025-11-04 22:00:48', '2025-11-04 17:00:49'),
('b8a26140-b52a-11f0-aa36-00163e2da1f1', 'df29ec34-b9ac-4667-be49-86a118e4e73e', '04e26f81-7099-4397-8c8f-58f8dd867d5e', '10', '4', '3', '3', '10', '153', '0', '0', '2025-10-30 00:52:35', '2025-10-29 20:52:35'),
('b9859b05-b9ba-11f0-be1c-00163e2da1f1', 'df29ec34-b9ac-4667-be49-86a118e4e73e', 'f3af384f-ebab-49bc-aa6f-2c1f72465ec2', '4', '9', '5', '2', '16', '49', '0', '0', '2025-11-04 20:13:30', '2025-11-04 15:13:31'),
('ba1b1a46-b9cc-11f0-be1c-00163e2da1f1', 'df29ec34-b9ac-4667-be49-86a118e4e73e', 'dd29fe78-0c03-452a-81d9-4dbbd2d95f03', '3', '8', '7', '4', '19', '62', '0', '0', '2025-11-04 22:22:20', '2025-11-04 17:22:20'),
('ba713f33-b52a-11f0-aa36-00163e2da1f1', 'df29ec34-b9ac-4667-be49-86a118e4e73e', '34a0318e-0084-4148-999c-295531d38444', '10', 'X', '8', '6', '24', '185', '1', '1', '2025-10-30 00:53:06', '2025-10-29 20:53:05'),
('bcd0de57-b9e3-11f0-be1c-00163e2da1f1', '9319e5c5-1afb-4856-bb8c-b613105bfec0', '157260b6-da44-4416-87cb-8c59f6781aa8', '6', '9', '7', '6', '22', '134', '0', '0', '2025-11-05 01:07:02', '2025-11-04 20:07:02'),
('bdaf28ac-b9cc-11f0-be1c-00163e2da1f1', 'df29ec34-b9ac-4667-be49-86a118e4e73e', '3cd0e2cd-4350-4f5b-b31a-01efd04f3d20', '3', '9', '8', '7', '24', '71', '0', '0', '2025-11-04 22:22:26', '2025-11-04 17:22:27'),
('bdc3c4f8-b52a-11f0-aa36-00163e2da1f1', 'df29ec34-b9ac-4667-be49-86a118e4e73e', 'cd54f2c0-c167-48f4-97b8-e2994b04d318', '10', '8', '5', '2', '15', '123', '0', '0', '2025-10-30 00:52:42', '2025-10-29 20:52:42'),
('bdecd4a7-b9e3-11f0-be1c-00163e2da1f1', '9319e5c5-1afb-4856-bb8c-b613105bfec0', '6d083e12-5a8d-48f5-8c8f-cf163d224064', '6', '3', '2', 'M', '5', '96', '0', '0', '2025-11-05 01:07:06', '2025-11-04 20:07:06'),
('be892462-b59c-11f0-aa36-00163e2da1f1', 'e9bcaf11-f39d-46b9-9766-4d369e6c652a', 'f8335ab7-e0e4-4d9f-90a7-3877d8083c39', '1', '8', '6', '5', '19', '19', '0', '0', '2025-10-30 14:29:01', '2025-10-30 10:29:01'),
('be924ed4-b9c9-11f0-be1c-00163e2da1f1', 'df29ec34-b9ac-4667-be49-86a118e4e73e', 'a42e7171-aa38-4675-b309-2b99a7470572', '4', '7', '5', '', '12', '44', '0', '0', '2025-11-04 22:00:58', '2025-11-04 17:01:00'),
('bf50cedd-b9ba-11f0-be1c-00163e2da1f1', 'df29ec34-b9ac-4667-be49-86a118e4e73e', 'f3af384f-ebab-49bc-aa6f-2c1f72465ec2', '5', '3', '1', 'M', '4', '53', '0', '0', '2025-11-04 20:13:38', '2025-11-04 15:13:38'),
('c081e410-b52a-11f0-aa36-00163e2da1f1', 'df29ec34-b9ac-4667-be49-86a118e4e73e', 'ad73018a-78d4-4460-ab9c-5f3d9b68c15e', '10', '10', '8', '6', '24', '81', '1', '0', '2025-10-30 00:53:14', '2025-10-29 20:53:14'),
('c1865e40-b52a-11f0-aa36-00163e2da1f1', 'df29ec34-b9ac-4667-be49-86a118e4e73e', '3a98c834-8475-41df-bf4d-86b43dcf508e', '10', 'X', '8', '8', '26', '251', '1', '1', '2025-10-30 00:52:51', '2025-10-29 20:52:51'),
('c1c4e746-b52a-11f0-aa36-00163e2da1f1', 'df29ec34-b9ac-4667-be49-86a118e4e73e', '69cb5f2b-f96a-40c9-b0c6-003b83330c7c', '10', '10', '4', '3', '17', '151', '1', '0', '2025-10-30 00:52:54', '2025-10-29 20:52:54'),
('c23a8476-b9cc-11f0-be1c-00163e2da1f1', 'df29ec34-b9ac-4667-be49-86a118e4e73e', '87aa57da-d446-469e-9414-6176e7bf3b89', '3', '2', 'M', 'M', '2', '15', '0', '0', '2025-11-04 22:22:34', '2025-11-04 17:22:34'),
('c33a34ec-b529-11f0-aa36-00163e2da1f1', 'df29ec34-b9ac-4667-be49-86a118e4e73e', 'aa94d989-8b31-4f03-bd61-980181772f6f', '9', '3', 'M', 'M', '3', '82', '0', '0', '2025-10-30 00:45:48', '2025-10-29 20:45:48'),
('c3c0acc1-b9e3-11f0-be1c-00163e2da1f1', '9319e5c5-1afb-4856-bb8c-b613105bfec0', '36c6f57b-d465-4e80-abca-e5a82b2d3b4f', '6', '9', '5', '4', '18', '72', '0', '0', '2025-11-05 01:07:15', '2025-11-04 20:07:15'),
('c42d1832-b9ba-11f0-be1c-00163e2da1f1', 'df29ec34-b9ac-4667-be49-86a118e4e73e', 'f3af384f-ebab-49bc-aa6f-2c1f72465ec2', '6', '9', '1', 'M', '10', '63', '0', '0', '2025-11-04 20:13:47', '2025-11-04 15:13:47'),
('c443480e-b9c9-11f0-be1c-00163e2da1f1', 'df29ec34-b9ac-4667-be49-86a118e4e73e', '2aee12c9-6318-4183-b1ea-b2570ad82714', '4', '10', '8', '5', '23', '52', '1', '0', '2025-11-04 22:01:09', '2025-11-04 17:01:09'),
('c5d811f6-b9cc-11f0-be1c-00163e2da1f1', 'df29ec34-b9ac-4667-be49-86a118e4e73e', '17aefd0b-d2b8-4e57-a41e-dda252b1756e', '3', '3', 'M', 'M', '3', '13', '0', '0', '2025-11-04 22:29:00', '2025-11-04 17:29:01'),
('c627c15b-b9e4-11f0-be1c-00163e2da1f1', '9319e5c5-1afb-4856-bb8c-b613105bfec0', '8c0db7cf-4fc7-456a-8b9d-0b8140d01c3b', '7', '7', '5', '4', '16', '82', '0', '0', '2025-11-05 01:14:30', '2025-11-04 20:14:30'),
('c7af6569-b529-11f0-aa36-00163e2da1f1', 'df29ec34-b9ac-4667-be49-86a118e4e73e', '9ed79fc4-c7fd-4799-93c9-72405c67963a', '9', '9', '7', '3', '19', '176', '0', '0', '2025-10-30 00:46:01', '2025-10-29 20:46:01'),
('c7c2eb71-b529-11f0-aa36-00163e2da1f1', 'df29ec34-b9ac-4667-be49-86a118e4e73e', '0f0bfb0b-59d1-4d5a-8a4e-f854522314af', '9', '7', '7', '1', '15', '193', '0', '0', '2025-10-30 00:45:53', '2025-10-29 20:45:54'),
('c7d8c07f-b9c6-11f0-be1c-00163e2da1f1', 'df29ec34-b9ac-4667-be49-86a118e4e73e', '8eb7182a-3aec-4d46-924d-06834a810362', '1', 'M', 'M', 'M', '0', '0', '0', '0', '2025-11-04 21:39:46', '2025-11-04 16:39:47'),
('c80ae1c1-b529-11f0-aa36-00163e2da1f1', 'df29ec34-b9ac-4667-be49-86a118e4e73e', 'f5a23964-083e-441b-a3fa-c56e9c456459', '9', 'X', '9', '7', '26', '213', '1', '1', '2025-10-30 00:46:02', '2025-10-29 20:46:02'),
('c8256e7f-b9ba-11f0-be1c-00163e2da1f1', 'df29ec34-b9ac-4667-be49-86a118e4e73e', 'f3af384f-ebab-49bc-aa6f-2c1f72465ec2', '7', '5', '5', '1', '11', '74', '0', '0', '2025-11-04 20:13:53', '2025-11-04 15:13:53'),
('c83392c7-b529-11f0-aa36-00163e2da1f1', 'df29ec34-b9ac-4667-be49-86a118e4e73e', '2f55237c-71c3-4767-95d6-5c3a64726d79', '9', '9', '2', '2', '13', '68', '0', '0', '2025-10-30 00:45:50', '2025-10-29 20:45:50'),
('c8bee7a4-b52a-11f0-aa36-00163e2da1f1', 'df29ec34-b9ac-4667-be49-86a118e4e73e', 'c765af68-f2a5-465c-aa1e-29d5432c68fb', '10', 'M', 'M', 'M', '0', '50', '0', '0', '2025-10-30 00:53:14', '2025-10-29 20:53:14'),
('c91e7ae7-b529-11f0-aa36-00163e2da1f1', 'df29ec34-b9ac-4667-be49-86a118e4e73e', '6245c6b1-e195-4de6-a9d8-5ed2878b7682', '9', '9', '8', '3', '20', '145', '0', '0', '2025-10-30 00:45:53', '2025-10-29 20:45:53'),
('c999e41c-b9e4-11f0-be1c-00163e2da1f1', '9319e5c5-1afb-4856-bb8c-b613105bfec0', '883cd2d7-c75c-4b91-9055-b630fbdb062e', '7', '8', '2', '1', '11', '59', '0', '0', '2025-11-05 01:14:34', '2025-11-04 20:14:34'),
('c9fd440d-b529-11f0-aa36-00163e2da1f1', 'df29ec34-b9ac-4667-be49-86a118e4e73e', 'ef431750-7d43-4726-9734-aeb97c4e8cc4', '9', 'X', '10', '9', '29', '207', '2', '1', '2025-10-30 00:45:53', '2025-10-29 20:45:53'),
('cb210566-b52a-11f0-aa36-00163e2da1f1', 'df29ec34-b9ac-4667-be49-86a118e4e73e', '59597f83-5f82-48e2-8962-a4705202b065', '10', '10', '9', '9', '28', '245', '1', '0', '2025-10-30 00:53:04', '2025-10-29 20:53:05'),
('cb520eb3-b52a-11f0-aa36-00163e2da1f1', 'df29ec34-b9ac-4667-be49-86a118e4e73e', '9dfdea49-f7d1-4e7f-a064-00d0b8773277', '10', '8', 'M', 'M', '8', '75', '0', '0', '2025-10-30 00:53:18', '2025-10-29 20:53:18'),
('cb843c0c-b9c6-11f0-be1c-00163e2da1f1', 'df29ec34-b9ac-4667-be49-86a118e4e73e', 'ddd1218b-a364-4f4f-a8e1-70d705ebfb12', '1', '7', '7', '6', '20', '20', '0', '0', '2025-11-04 21:48:33', '2025-11-04 16:48:34'),
('cbfd7c5a-b9cc-11f0-be1c-00163e2da1f1', 'df29ec34-b9ac-4667-be49-86a118e4e73e', 'dd29fe78-0c03-452a-81d9-4dbbd2d95f03', '4', '8', '5', '4', '17', '79', '0', '0', '2025-11-04 22:22:49', '2025-11-04 17:22:49'),
('cd1e1ea7-b9ba-11f0-be1c-00163e2da1f1', 'df29ec34-b9ac-4667-be49-86a118e4e73e', 'f3af384f-ebab-49bc-aa6f-2c1f72465ec2', '8', '9', '3', '2', '14', '88', '0', '0', '2025-11-04 20:14:01', '2025-11-04 15:14:01'),
('cdb251e4-b9c9-11f0-be1c-00163e2da1f1', 'df29ec34-b9ac-4667-be49-86a118e4e73e', '1e2987bb-7072-4672-9e70-4e99ea67f4e1', '5', '7', '6', '5', '18', '96', '0', '0', '2025-11-04 22:01:24', '2025-11-04 17:01:24'),
('ce3af822-b9cc-11f0-be1c-00163e2da1f1', 'df29ec34-b9ac-4667-be49-86a118e4e73e', '3cd0e2cd-4350-4f5b-b31a-01efd04f3d20', '4', '9', '8', '8', '25', '96', '0', '0', '2025-11-04 22:22:54', '2025-11-04 17:22:54'),
('ce4f5a45-b9c6-11f0-be1c-00163e2da1f1', 'df29ec34-b9ac-4667-be49-86a118e4e73e', '04ab8131-7490-4db5-b87e-79579e3a6764', '1', '2', '2', '4', '8', '8', '0', '0', '2025-11-04 21:39:57', '2025-11-04 16:39:58'),
('ce629c75-b9e5-11f0-be1c-00163e2da1f1', '9319e5c5-1afb-4856-bb8c-b613105bfec0', '883cd2d7-c75c-4b91-9055-b630fbdb062e', '8', '6', '3', '1', '10', '69', '0', '0', '2025-11-05 01:21:54', '2025-11-04 20:21:54'),
('ce75cf67-b59c-11f0-aa36-00163e2da1f1', 'e9bcaf11-f39d-46b9-9766-4d369e6c652a', '8062b4ad-5044-4c7a-80ec-57796a812e88', '1', '10', '9', '8', '27', '27', '1', '0', '2025-10-30 14:29:14', '2025-10-30 10:29:14'),
('ce7a9173-b522-11f0-aa36-00163e2da1f1', 'df29ec34-b9ac-4667-be49-86a118e4e73e', 'f5a23964-083e-441b-a3fa-c56e9c456459', '1', '9', '8', '8', '25', '25', '0', '0', '2025-10-29 23:55:57', '2025-10-29 19:55:57'),
('ce9eeb2b-b529-11f0-aa36-00163e2da1f1', 'df29ec34-b9ac-4667-be49-86a118e4e73e', 'fa2b3363-5be5-49d3-a7dc-7c393ef194fb', '9', 'M', 'M', 'M', '0', '7', '0', '0', '2025-10-30 00:46:01', '2025-10-29 20:46:01'),
('cee6b1b6-b529-11f0-aa36-00163e2da1f1', 'df29ec34-b9ac-4667-be49-86a118e4e73e', '3a6adb2d-c31c-4d51-86f0-a2510968bf67', '9', '7', '6', '3', '16', '161', '0', '0', '2025-10-30 00:46:04', '2025-10-29 20:46:03'),
('d043a506-b9e3-11f0-be1c-00163e2da1f1', '9319e5c5-1afb-4856-bb8c-b613105bfec0', 'ba7478f9-14be-4ccc-a034-b0eb8af5e17d', '6', '5', '4', 'M', '9', '65', '0', '0', '2025-11-05 01:07:35', '2025-11-04 20:07:35'),
('d062f474-b529-11f0-aa36-00163e2da1f1', 'df29ec34-b9ac-4667-be49-86a118e4e73e', '87682acc-081a-4fd0-82f8-8ae6f6ed4e2c', '9', '8', '7', '5', '20', '187', '0', '0', '2025-10-30 00:46:30', '2025-10-29 20:46:30'),
('d076e891-b9e4-11f0-be1c-00163e2da1f1', '9319e5c5-1afb-4856-bb8c-b613105bfec0', '6d083e12-5a8d-48f5-8c8f-cf163d224064', '7', '5', '3', '3', '11', '107', '0', '0', '2025-11-05 01:14:46', '2025-11-04 20:14:46'),
('d1292cb7-b9ba-11f0-be1c-00163e2da1f1', 'df29ec34-b9ac-4667-be49-86a118e4e73e', 'f3af384f-ebab-49bc-aa6f-2c1f72465ec2', '9', '2', '2', 'M', '4', '92', '0', '0', '2025-11-04 20:14:32', '2025-11-04 15:14:32'),
('d21f8f61-b9c9-11f0-be1c-00163e2da1f1', 'df29ec34-b9ac-4667-be49-86a118e4e73e', '35cdc75d-9ec4-4f67-ac37-60ce62f9824b', '5', '9', '8', '8', '25', '93', '0', '0', '2025-11-04 22:01:32', '2025-11-04 17:01:32'),
('d2f6ec6f-b9c6-11f0-be1c-00163e2da1f1', 'df29ec34-b9ac-4667-be49-86a118e4e73e', '52312ccb-6014-4b3d-83dd-0f8a77c30dae', '1', '7', '4', '2', '13', '13', '0', '0', '2025-11-04 21:40:05', '2025-11-04 16:40:05'),
('d3fa3124-b529-11f0-aa36-00163e2da1f1', 'df29ec34-b9ac-4667-be49-86a118e4e73e', '2d699d5a-6889-4d10-9691-0ade66042d2d', '9', '9', '5', '2', '16', '161', '0', '0', '2025-10-30 00:46:11', '2025-10-29 20:46:11');
INSERT INTO `end_events` (`id`, `round_id`, `round_archer_id`, `end_number`, `a1`, `a2`, `a3`, `end_total`, `running_total`, `tens`, `xs`, `device_ts`, `server_ts`) VALUES
('d548bbe7-b529-11f0-aa36-00163e2da1f1', 'df29ec34-b9ac-4667-be49-86a118e4e73e', '3a98c834-8475-41df-bf4d-86b43dcf508e', '9', '9', '8', '7', '24', '225', '0', '0', '2025-10-30 00:46:13', '2025-10-29 20:46:13'),
('d5980235-b9cc-11f0-be1c-00163e2da1f1', 'df29ec34-b9ac-4667-be49-86a118e4e73e', '87aa57da-d446-469e-9414-6176e7bf3b89', '4', '3', 'M', 'M', '3', '18', '0', '0', '2025-11-04 22:23:06', '2025-11-04 17:23:06'),
('d5a4bc02-b9c9-11f0-be1c-00163e2da1f1', 'df29ec34-b9ac-4667-be49-86a118e4e73e', 'a42e7171-aa38-4675-b309-2b99a7470572', '5', '6', '4', 'M', '10', '57', '0', '0', '2025-11-04 22:06:13', '2025-11-04 17:06:13'),
('d625dba1-b9c7-11f0-be1c-00163e2da1f1', 'df29ec34-b9ac-4667-be49-86a118e4e73e', '8eb7182a-3aec-4d46-924d-06834a810362', '10', '3', '2', '1', '6', '70', '0', '0', '2025-11-04 21:47:20', '2025-11-04 16:47:20'),
('d66008a6-b9e2-11f0-be1c-00163e2da1f1', '9319e5c5-1afb-4856-bb8c-b613105bfec0', '2534f86e-297c-4e60-bff1-6f165a6ff2d7', '5', '10', '8', '4', '22', '86', '1', '0', '2025-11-05 01:00:45', '2025-11-04 20:00:46'),
('d6c09389-b528-11f0-aa36-00163e2da1f1', 'df29ec34-b9ac-4667-be49-86a118e4e73e', 'f5a23964-083e-441b-a3fa-c56e9c456459', '8', '8', '7', '5', '20', '187', '0', '0', '2025-10-30 00:39:26', '2025-10-29 20:39:26'),
('d6d58b55-b9e3-11f0-be1c-00163e2da1f1', '9319e5c5-1afb-4856-bb8c-b613105bfec0', '2b522bca-4ec6-46d2-9fb3-833570d092d1', '6', '8', '7', '7', '22', '139', '0', '0', '2025-11-05 01:07:46', '2025-11-04 20:07:46'),
('d720fe5a-b59c-11f0-aa36-00163e2da1f1', 'e9bcaf11-f39d-46b9-9766-4d369e6c652a', 'fefbcf6d-244b-4238-aa09-5c578f790a4e', '2', 'M', 'M', 'M', '0', '3', '0', '0', '2025-10-30 14:29:29', '2025-10-30 10:29:29'),
('d75bb091-b529-11f0-aa36-00163e2da1f1', 'df29ec34-b9ac-4667-be49-86a118e4e73e', '04e26f81-7099-4397-8c8f-58f8dd867d5e', '9', '5', '4', '2', '11', '143', '0', '0', '2025-10-30 00:46:17', '2025-10-29 20:46:17'),
('d79b2d31-b529-11f0-aa36-00163e2da1f1', 'df29ec34-b9ac-4667-be49-86a118e4e73e', '59597f83-5f82-48e2-8962-a4705202b065', '9', '9', '8', '8', '25', '217', '0', '0', '2025-10-30 00:46:16', '2025-10-29 20:46:16'),
('d7b7e9b7-b9c6-11f0-be1c-00163e2da1f1', 'df29ec34-b9ac-4667-be49-86a118e4e73e', '8eb7182a-3aec-4d46-924d-06834a810362', '2', '5', 'M', 'M', '5', '5', '0', '0', '2025-11-04 21:40:12', '2025-11-04 16:40:12'),
('d85762af-b9e4-11f0-be1c-00163e2da1f1', '9319e5c5-1afb-4856-bb8c-b613105bfec0', '2b522bca-4ec6-46d2-9fb3-833570d092d1', '7', '6', '6', '5', '17', '156', '0', '0', '2025-11-05 01:14:59', '2025-11-04 20:14:59'),
('d8792fa0-b9cc-11f0-be1c-00163e2da1f1', 'df29ec34-b9ac-4667-be49-86a118e4e73e', '17aefd0b-d2b8-4e57-a41e-dda252b1756e', '4', '3', 'M', 'M', '3', '21', '0', '0', '2025-11-04 22:23:11', '2025-11-04 17:23:11'),
('d928264d-b9c7-11f0-be1c-00163e2da1f1', 'df29ec34-b9ac-4667-be49-86a118e4e73e', 'ddd1218b-a364-4f4f-a8e1-70d705ebfb12', '10', '8', '4', '2', '14', '143', '0', '0', '2025-11-04 21:47:25', '2025-11-04 16:47:26'),
('d940cf2e-b9e2-11f0-be1c-00163e2da1f1', '9319e5c5-1afb-4856-bb8c-b613105bfec0', 'f12f1281-e3a1-44b8-abbf-7fcdd8891f5b', '5', '4', '', '', '4', '54', '0', '0', '2025-11-05 01:00:40', '2025-11-04 20:00:41'),
('d9821d39-b9c9-11f0-be1c-00163e2da1f1', 'df29ec34-b9ac-4667-be49-86a118e4e73e', '2aee12c9-6318-4183-b1ea-b2570ad82714', '5', '9', '7', '7', '23', '75', '0', '0', '2025-11-04 22:01:44', '2025-11-04 17:01:44'),
('d9a6ab38-b9e2-11f0-be1c-00163e2da1f1', '9319e5c5-1afb-4856-bb8c-b613105bfec0', '17ce5d48-42a7-4eed-8e70-e1f2fd59e51d', '5', '9', '9', '8', '26', '138', '0', '0', '2025-11-05 01:00:43', '2025-11-04 20:00:43'),
('da18e336-b9c6-11f0-be1c-00163e2da1f1', 'df29ec34-b9ac-4667-be49-86a118e4e73e', 'ddd1218b-a364-4f4f-a8e1-70d705ebfb12', '2', '4', '2', 'M', '6', '21', '0', '0', '2025-11-04 21:40:17', '2025-11-04 16:40:18'),
('da4da409-b9ba-11f0-be1c-00163e2da1f1', 'df29ec34-b9ac-4667-be49-86a118e4e73e', 'f3af384f-ebab-49bc-aa6f-2c1f72465ec2', '10', '7', '5', 'M', '12', '112', '0', '0', '2025-11-04 20:14:22', '2025-11-04 15:14:23'),
('da94593e-b9e2-11f0-be1c-00163e2da1f1', '9319e5c5-1afb-4856-bb8c-b613105bfec0', '480eb2a8-5ca1-4e34-af59-2fae01058356', '5', '5', 'M', 'M', '5', '18', '0', '0', '2025-11-05 01:00:43', '2025-11-04 20:00:44'),
('daa30f3b-b59c-11f0-aa36-00163e2da1f1', 'e9bcaf11-f39d-46b9-9766-4d369e6c652a', 'f8335ab7-e0e4-4d9f-90a7-3877d8083c39', '2', '10', '7', '7', '24', '43', '1', '0', '2025-10-30 14:29:34', '2025-10-30 10:29:34'),
('db5fc719-b52a-11f0-aa36-00163e2da1f1', 'df29ec34-b9ac-4667-be49-86a118e4e73e', '17d38c50-77d2-4b74-b2cc-4e2c9c82d4ca', '10', '6', '3', 'M', '9', '102', '0', '0', '2025-10-30 00:53:32', '2025-10-29 20:53:32'),
('db9a9251-b9c7-11f0-be1c-00163e2da1f1', 'df29ec34-b9ac-4667-be49-86a118e4e73e', '04ab8131-7490-4db5-b87e-79579e3a6764', '10', '7', '7', 'M', '14', '133', '0', '0', '2025-11-04 21:47:29', '2025-11-04 16:47:29'),
('dd14b43d-b529-11f0-aa36-00163e2da1f1', 'df29ec34-b9ac-4667-be49-86a118e4e73e', 'fd087b20-f383-42cd-9291-a7cf8db6e5bd', '9', '7', '7', '3', '17', '131', '0', '0', '2025-10-30 00:46:26', '2025-10-29 20:46:25'),
('dd5c7fd6-b529-11f0-aa36-00163e2da1f1', 'df29ec34-b9ac-4667-be49-86a118e4e73e', 'b9ab41a2-3023-47b4-a06b-9640336fa297', '9', '7', '5', '2', '14', '131', '0', '0', '2025-10-30 00:46:27', '2025-10-29 20:46:27'),
('de131a29-b9c9-11f0-be1c-00163e2da1f1', 'df29ec34-b9ac-4667-be49-86a118e4e73e', '1e2987bb-7072-4672-9e70-4e99ea67f4e1', '6', '7', '5', '', '12', '108', '0', '0', '2025-11-04 22:01:54', '2025-11-04 17:01:55'),
('de2045e3-b9c7-11f0-be1c-00163e2da1f1', 'df29ec34-b9ac-4667-be49-86a118e4e73e', '52312ccb-6014-4b3d-83dd-0f8a77c30dae', '10', '6', '2', '1', '9', '128', '0', '0', '2025-11-04 21:47:34', '2025-11-04 16:47:35'),
('de31c670-b9e2-11f0-be1c-00163e2da1f1', 'fa473a27-989d-4f6a-ba6f-92ef36642364', '2dc10ac8-6af0-49b4-9a18-416669ef16d0', '5', '9', '9', '6', '24', '102', '0', '0', '2025-11-05 01:00:50', '2025-11-04 20:00:50'),
('de5db5f6-b59c-11f0-aa36-00163e2da1f1', 'e9bcaf11-f39d-46b9-9766-4d369e6c652a', '8062b4ad-5044-4c7a-80ec-57796a812e88', '2', '9', '8', '7', '24', '51', '0', '0', '2025-10-30 14:29:41', '2025-10-30 10:29:41'),
('de69a908-b529-11f0-aa36-00163e2da1f1', 'df29ec34-b9ac-4667-be49-86a118e4e73e', '69cb5f2b-f96a-40c9-b0c6-003b83330c7c', '9', '6', '5', '1', '12', '134', '0', '0', '2025-10-30 00:46:37', '2025-10-29 20:46:37'),
('df99253c-b9cc-11f0-be1c-00163e2da1f1', 'df29ec34-b9ac-4667-be49-86a118e4e73e', 'dd29fe78-0c03-452a-81d9-4dbbd2d95f03', '5', '7', '5', 'M', '12', '91', '0', '0', '2025-11-04 22:23:22', '2025-11-04 17:23:23'),
('dfd467a9-b9e2-11f0-be1c-00163e2da1f1', '9319e5c5-1afb-4856-bb8c-b613105bfec0', '71055dae-fd33-4c43-95b8-eb995f625d11', '5', '8', '1', 'M', '9', '28', '0', '0', '2025-11-05 01:01:10', '2025-11-04 20:01:10'),
('dff7aa1f-b9e5-11f0-be1c-00163e2da1f1', '9319e5c5-1afb-4856-bb8c-b613105bfec0', '2b522bca-4ec6-46d2-9fb3-833570d092d1', '8', '9', '6', '5', '20', '176', '0', '0', '2025-11-05 01:23:11', '2025-11-04 20:23:11'),
('e08b1d09-b9e2-11f0-be1c-00163e2da1f1', '9319e5c5-1afb-4856-bb8c-b613105bfec0', 'd483e911-0e83-4bd9-be6c-7bbf06023562', '5', '9', '2', 'M', '11', '60', '0', '0', '2025-11-05 01:00:54', '2025-11-04 20:00:55'),
('e0a80a8b-b9c6-11f0-be1c-00163e2da1f1', 'df29ec34-b9ac-4667-be49-86a118e4e73e', '04ab8131-7490-4db5-b87e-79579e3a6764', '2', '8', '4', '2', '14', '22', '0', '0', '2025-11-04 21:40:27', '2025-11-04 16:40:27'),
('e1ac2cdf-b9b7-11f0-be1c-00163e2da1f1', '6318bd0f-ae5d-46ee-ab9c-9f9d276cc977', 'b6fafddb-3ba2-45d9-a0af-7ccd02c99f75', '1', 'X', 'X', 'X', '30', '30', '3', '3', '2025-11-04 19:53:07', '2025-11-04 14:53:07'),
('e1f601ee-b9cc-11f0-be1c-00163e2da1f1', 'df29ec34-b9ac-4667-be49-86a118e4e73e', '3cd0e2cd-4350-4f5b-b31a-01efd04f3d20', '5', '9', '8', '8', '25', '121', '0', '0', '2025-11-04 22:23:27', '2025-11-04 17:23:27'),
('e255f738-b9a0-11f0-be1c-00163e2da1f1', '6318bd0f-ae5d-46ee-ab9c-9f9d276cc977', 'dcfe3a30-18b8-4c54-92dc-87d31a1f8bc6', '5', '10', '10', '10', '30', '83', '3', '0', '2025-11-04 17:08:29', '2025-11-04 12:08:29'),
('e2baf0ce-b9c9-11f0-be1c-00163e2da1f1', 'df29ec34-b9ac-4667-be49-86a118e4e73e', '35cdc75d-9ec4-4f67-ac37-60ce62f9824b', '6', '8', '6', '4', '18', '111', '0', '0', '2025-11-04 22:02:00', '2025-11-04 17:02:00'),
('e2d5e4dc-b529-11f0-aa36-00163e2da1f1', 'df29ec34-b9ac-4667-be49-86a118e4e73e', '34a0318e-0084-4148-999c-295531d38444', '9', '9', '9', '7', '25', '161', '0', '0', '2025-10-30 00:46:36', '2025-10-29 20:46:35'),
('e3c25660-b528-11f0-aa36-00163e2da1f1', 'df29ec34-b9ac-4667-be49-86a118e4e73e', '3a6adb2d-c31c-4d51-86f0-a2510968bf67', '8', '9', '7', '7', '23', '145', '0', '0', '2025-10-30 00:39:29', '2025-10-29 20:39:27'),
('e40ec097-b529-11f0-aa36-00163e2da1f1', 'df29ec34-b9ac-4667-be49-86a118e4e73e', 'ad73018a-78d4-4460-ab9c-5f3d9b68c15e', '9', '1', 'M', 'M', '1', '57', '0', '0', '2025-10-30 00:46:37', '2025-10-29 20:46:37'),
('e443484c-b528-11f0-aa36-00163e2da1f1', 'df29ec34-b9ac-4667-be49-86a118e4e73e', '87682acc-081a-4fd0-82f8-8ae6f6ed4e2c', '8', '9', '7', '8', '24', '167', '0', '0', '2025-10-30 00:39:39', '2025-10-29 20:39:39'),
('e461cf3f-b59c-11f0-aa36-00163e2da1f1', 'e9bcaf11-f39d-46b9-9766-4d369e6c652a', 'fefbcf6d-244b-4238-aa09-5c578f790a4e', '3', '8', '4', 'M', '12', '15', '0', '0', '2025-10-30 14:29:54', '2025-10-30 10:29:54'),
('e4f05fe1-b9cc-11f0-be1c-00163e2da1f1', 'df29ec34-b9ac-4667-be49-86a118e4e73e', '87aa57da-d446-469e-9414-6176e7bf3b89', '5', '8', '4', 'M', '12', '30', '0', '0', '2025-11-04 22:23:32', '2025-11-04 17:23:32'),
('e54c6c11-b528-11f0-aa36-00163e2da1f1', 'df29ec34-b9ac-4667-be49-86a118e4e73e', 'ef431750-7d43-4726-9734-aeb97c4e8cc4', '8', '7', '6', '5', '18', '178', '0', '0', '2025-10-30 00:39:29', '2025-10-29 20:39:30'),
('e58f57d4-b9e2-11f0-be1c-00163e2da1f1', '9319e5c5-1afb-4856-bb8c-b613105bfec0', '8c0db7cf-4fc7-456a-8b9d-0b8140d01c3b', '5', 'M', 'M', 'M', '0', '48', '0', '0', '2025-11-05 01:01:04', '2025-11-04 20:01:04'),
('e5d61908-b9b7-11f0-be1c-00163e2da1f1', '6318bd0f-ae5d-46ee-ab9c-9f9d276cc977', '97013014-e911-4b3f-b012-c9257976c778', '1', '8', '8', '', '16', '16', '0', '0', '2025-11-04 19:53:12', '2025-11-04 14:53:14'),
('e6098c73-b9b7-11f0-be1c-00163e2da1f1', '6318bd0f-ae5d-46ee-ab9c-9f9d276cc977', 'e80f750e-42a2-460f-a1ab-ecfc82ac0aab', '1', '5', '5', '5', '15', '15', '0', '0', '2025-11-04 19:53:14', '2025-11-04 14:53:14'),
('e6ccba1f-b529-11f0-aa36-00163e2da1f1', 'df29ec34-b9ac-4667-be49-86a118e4e73e', '9dfdea49-f7d1-4e7f-a064-00d0b8773277', '9', '8', 'M', 'M', '8', '67', '0', '0', '2025-10-30 00:46:42', '2025-10-29 20:46:42'),
('e72978f7-b9b7-11f0-be1c-00163e2da1f1', '6318bd0f-ae5d-46ee-ab9c-9f9d276cc977', 'd5a3c9af-b306-4087-9cbd-7a5b1bb67593', '1', '8', '8', '8', '24', '24', '0', '0', '2025-11-04 19:53:15', '2025-11-04 14:53:15'),
('e7524c34-b9e0-11f0-be1c-00163e2da1f1', 'fa473a27-989d-4f6a-ba6f-92ef36642364', 'edbfb8fd-eb86-4fd2-b901-df1ec9655230', '3', '9', 'M', 'M', '9', '28', '0', '0', '2025-11-05 00:46:45', '2025-11-04 19:46:45'),
('e75fd2ef-b9e2-11f0-be1c-00163e2da1f1', '9319e5c5-1afb-4856-bb8c-b613105bfec0', '67f9a622-d62a-4ed7-b84f-c47a69e4f3be', '5', '6', '8', '5', '19', '58', '0', '0', '2025-11-05 01:01:23', '2025-11-04 20:01:25'),
('e7a7acf1-b9c6-11f0-be1c-00163e2da1f1', 'df29ec34-b9ac-4667-be49-86a118e4e73e', '52312ccb-6014-4b3d-83dd-0f8a77c30dae', '2', '9', '7', '6', '22', '35', '0', '0', '2025-11-04 21:40:40', '2025-11-04 16:40:40'),
('e7afea51-b9b7-11f0-be1c-00163e2da1f1', '6318bd0f-ae5d-46ee-ab9c-9f9d276cc977', '4732dc24-3d88-4948-9269-ba2353e69c16', '1', '5', '5', '5', '15', '15', '0', '0', '2025-11-04 19:53:17', '2025-11-04 14:53:17'),
('e80254e2-b9c9-11f0-be1c-00163e2da1f1', 'df29ec34-b9ac-4667-be49-86a118e4e73e', 'a42e7171-aa38-4675-b309-2b99a7470572', '6', '8', '5', '2', '15', '77', '0', '0', '2025-11-04 22:02:09', '2025-11-04 17:02:09'),
('e83ed9b9-b529-11f0-aa36-00163e2da1f1', 'df29ec34-b9ac-4667-be49-86a118e4e73e', 'cd54f2c0-c167-48f4-97b8-e2994b04d318', '9', '6', '4', '1', '11', '108', '0', '0', '2025-10-30 00:46:44', '2025-10-29 20:46:44'),
('e865663d-b9e2-11f0-be1c-00163e2da1f1', '9319e5c5-1afb-4856-bb8c-b613105bfec0', 'ba7478f9-14be-4ccc-a034-b0eb8af5e17d', '5', '5', '1', 'M', '6', '56', '0', '0', '2025-11-05 01:01:09', '2025-11-04 20:01:09'),
('e9405920-b9b7-11f0-be1c-00163e2da1f1', '6318bd0f-ae5d-46ee-ab9c-9f9d276cc977', 'eec75ae3-ba05-4f6a-9dd5-307246d12411', '1', '5', '5', '5', '15', '15', '0', '0', '2025-11-04 19:53:19', '2025-11-04 14:53:19'),
('e981503c-b528-11f0-aa36-00163e2da1f1', 'df29ec34-b9ac-4667-be49-86a118e4e73e', '6245c6b1-e195-4de6-a9d8-5ed2878b7682', '8', '6', '6', '3', '15', '125', '0', '0', '2025-10-30 00:39:39', '2025-10-29 20:39:39'),
('e990d50f-b528-11f0-aa36-00163e2da1f1', 'df29ec34-b9ac-4667-be49-86a118e4e73e', '2f55237c-71c3-4767-95d6-5c3a64726d79', '8', '8', '', '', '8', '54', '0', '0', '2025-10-30 00:39:33', '2025-10-29 20:39:37'),
('e9ff9d8b-b528-11f0-aa36-00163e2da1f1', 'df29ec34-b9ac-4667-be49-86a118e4e73e', '9ed79fc4-c7fd-4799-93c9-72405c67963a', '8', '6', '6', '5', '17', '157', '0', '0', '2025-10-30 00:39:44', '2025-10-29 20:39:44'),
('ea8dfdfe-b9e2-11f0-be1c-00163e2da1f1', 'fa473a27-989d-4f6a-ba6f-92ef36642364', '042bded3-1cbe-4dcf-bdca-f8d4a698dc79', '5', '8', '5', '5', '18', '96', '0', '0', '2025-11-05 01:01:13', '2025-11-04 20:01:14'),
('ea9caa33-b528-11f0-aa36-00163e2da1f1', 'df29ec34-b9ac-4667-be49-86a118e4e73e', 'fd087b20-f383-42cd-9291-a7cf8db6e5bd', '8', '8', '4', '6', '18', '114', '0', '0', '2025-10-30 00:39:41', '2025-10-29 20:39:39'),
('eb963e90-b9cc-11f0-be1c-00163e2da1f1', 'df29ec34-b9ac-4667-be49-86a118e4e73e', '17aefd0b-d2b8-4e57-a41e-dda252b1756e', '5', 'M', 'M', '', '0', '21', '0', '0', '2025-11-04 22:23:41', '2025-11-04 17:23:42'),
('eba660d8-b528-11f0-aa36-00163e2da1f1', 'df29ec34-b9ac-4667-be49-86a118e4e73e', '0f0bfb0b-59d1-4d5a-8a4e-f854522314af', '8', '9', '7', '3', '19', '178', '0', '0', '2025-10-30 00:39:40', '2025-10-29 20:39:40'),
('ebd740ec-b528-11f0-aa36-00163e2da1f1', 'df29ec34-b9ac-4667-be49-86a118e4e73e', 'aa94d989-8b31-4f03-bd61-980181772f6f', '8', '3', '2', 'M', '5', '79', '0', '0', '2025-10-30 00:41:01', '2025-10-29 20:41:01'),
('ebf963d6-b9c9-11f0-be1c-00163e2da1f1', 'df29ec34-b9ac-4667-be49-86a118e4e73e', '2aee12c9-6318-4183-b1ea-b2570ad82714', '6', '8', '3', '2', '13', '88', '0', '0', '2025-11-04 22:02:17', '2025-11-04 17:02:17'),
('ecbb1733-b9e2-11f0-be1c-00163e2da1f1', '9319e5c5-1afb-4856-bb8c-b613105bfec0', 'd30da10c-3cd8-4d8f-8512-a044be4307e1', '5', '9', '8', '5', '22', '79', '0', '0', '2025-11-05 01:01:13', '2025-11-04 20:01:13'),
('ed0eb008-b529-11f0-aa36-00163e2da1f1', 'df29ec34-b9ac-4667-be49-86a118e4e73e', 'c765af68-f2a5-465c-aa1e-29d5432c68fb', '9', '7', '4', 'M', '11', '50', '0', '0', '2025-10-30 00:46:52', '2025-10-29 20:46:52'),
('ed1bf1e8-b9cd-11f0-be1c-00163e2da1f1', 'df29ec34-b9ac-4667-be49-86a118e4e73e', '796feddd-668a-4100-9eb9-1a06ecaf4d69', '1', '9', '6', '5', '20', '20', '0', '0', '2025-11-04 22:30:55', '2025-11-04 17:30:56'),
('ed4c9a97-b528-11f0-aa36-00163e2da1f1', 'df29ec34-b9ac-4667-be49-86a118e4e73e', 'b9ab41a2-3023-47b4-a06b-9640336fa297', '8', '2', '1', '1', '4', '117', '0', '0', '2025-10-30 00:39:43', '2025-10-29 20:39:43'),
('ee6aa4d5-b9e2-11f0-be1c-00163e2da1f1', '9319e5c5-1afb-4856-bb8c-b613105bfec0', '11d26657-82a0-48dd-9479-876a32e29f4a', '5', '9', '9', '9', '27', '122', '0', '0', '2025-11-05 01:01:16', '2025-11-04 20:01:16'),
('ee88fab1-b9b7-11f0-be1c-00163e2da1f1', '6318bd0f-ae5d-46ee-ab9c-9f9d276cc977', 'b6fafddb-3ba2-45d9-a0af-7ccd02c99f75', '2', '8', '8', '8', '24', '54', '0', '0', '2025-11-04 19:53:28', '2025-11-04 14:53:28'),
('eea52ac3-b529-11f0-aa36-00163e2da1f1', 'df29ec34-b9ac-4667-be49-86a118e4e73e', '17d38c50-77d2-4b74-b2cc-4e2c9c82d4ca', '9', '8', '4', '2', '14', '93', '0', '0', '2025-10-30 00:46:55', '2025-10-29 20:46:56'),
('eed786c8-b9b7-11f0-be1c-00163e2da1f1', '6318bd0f-ae5d-46ee-ab9c-9f9d276cc977', '97013014-e911-4b3f-b012-c9257976c778', '2', '8', '8', '8', '24', '48', '0', '0', '2025-11-04 19:53:28', '2025-11-04 14:53:28'),
('ef2e5781-b9b7-11f0-be1c-00163e2da1f1', '6318bd0f-ae5d-46ee-ab9c-9f9d276cc977', 'e80f750e-42a2-460f-a1ab-ecfc82ac0aab', '2', '8', '8', '8', '24', '39', '0', '0', '2025-11-04 19:53:29', '2025-11-04 14:53:29'),
('ef6e100d-b9e2-11f0-be1c-00163e2da1f1', '9319e5c5-1afb-4856-bb8c-b613105bfec0', '883cd2d7-c75c-4b91-9055-b630fbdb062e', '5', '5', '1', '1', '7', '32', '0', '0', '2025-11-05 01:01:18', '2025-11-04 20:01:18'),
('ef93b60a-b9b7-11f0-be1c-00163e2da1f1', '6318bd0f-ae5d-46ee-ab9c-9f9d276cc977', 'd5a3c9af-b306-4087-9cbd-7a5b1bb67593', '2', '8', '8', '8', '24', '48', '0', '0', '2025-11-04 19:53:30', '2025-11-04 14:53:30'),
('effc6922-b9cd-11f0-be1c-00163e2da1f1', 'df29ec34-b9ac-4667-be49-86a118e4e73e', 'ea85e874-b802-4b2f-94f0-72750680bc30', '1', '9', '8', '8', '25', '25', '0', '0', '2025-11-04 22:30:59', '2025-11-04 17:31:00'),
('f00d5b17-b9b7-11f0-be1c-00163e2da1f1', '6318bd0f-ae5d-46ee-ab9c-9f9d276cc977', '4732dc24-3d88-4948-9269-ba2353e69c16', '2', '8', '8', '8', '24', '39', '0', '0', '2025-11-04 19:53:31', '2025-11-04 14:53:31'),
('f0274707-b528-11f0-aa36-00163e2da1f1', 'df29ec34-b9ac-4667-be49-86a118e4e73e', '34a0318e-0084-4148-999c-295531d38444', '8', '7', '6', '6', '19', '136', '0', '0', '2025-10-30 00:39:49', '2025-10-29 20:39:48'),
('f0341709-b9c6-11f0-be1c-00163e2da1f1', 'df29ec34-b9ac-4667-be49-86a118e4e73e', '8eb7182a-3aec-4d46-924d-06834a810362', '3', '3', '', '', '3', '8', '0', '0', '2025-11-04 21:40:51', '2025-11-04 16:40:53'),
('f05a9402-b9cc-11f0-be1c-00163e2da1f1', 'df29ec34-b9ac-4667-be49-86a118e4e73e', 'dd29fe78-0c03-452a-81d9-4dbbd2d95f03', '6', '10', '7', '4', '21', '112', '1', '0', '2025-11-04 22:23:53', '2025-11-04 17:23:53'),
('f1356795-b9b7-11f0-be1c-00163e2da1f1', '6318bd0f-ae5d-46ee-ab9c-9f9d276cc977', 'eec75ae3-ba05-4f6a-9dd5-307246d12411', '2', '8', '8', '8', '24', '39', '0', '0', '2025-11-04 19:53:33', '2025-11-04 14:53:33'),
('f2547445-b9c9-11f0-be1c-00163e2da1f1', 'df29ec34-b9ac-4667-be49-86a118e4e73e', '1e2987bb-7072-4672-9e70-4e99ea67f4e1', '7', '6', '5', '4', '15', '128', '0', '0', '2025-11-04 22:02:25', '2025-11-04 17:02:25'),
('f2a45721-b9e2-11f0-be1c-00163e2da1f1', '9319e5c5-1afb-4856-bb8c-b613105bfec0', 'ba97f9ec-d5c6-4ced-8f16-25338e146b5e', '5', '9', '7', '5', '21', '98', '0', '0', '2025-11-05 01:01:23', '2025-11-04 20:01:23'),
('f3496c3a-b528-11f0-aa36-00163e2da1f1', 'df29ec34-b9ac-4667-be49-86a118e4e73e', 'fa2b3363-5be5-49d3-a7dc-7c393ef194fb', '8', 'M', 'M', 'M', '0', '7', '0', '0', '2025-10-30 00:39:53', '2025-10-29 20:39:53'),
('f3c7ac1d-b9cd-11f0-be1c-00163e2da1f1', 'df29ec34-b9ac-4667-be49-86a118e4e73e', '97be69fb-c9ba-4e16-ac69-feeca13f755a', '1', '7', '7', '4', '18', '18', '0', '0', '2025-11-04 22:31:06', '2025-11-04 17:31:07'),
('f56fb2ba-b528-11f0-aa36-00163e2da1f1', 'df29ec34-b9ac-4667-be49-86a118e4e73e', 'ad73018a-78d4-4460-ab9c-5f3d9b68c15e', '8', '5', '4', 'M', '9', '56', '0', '0', '2025-10-30 00:39:57', '2025-10-29 20:39:57'),
('f61804f8-b9e2-11f0-be1c-00163e2da1f1', 'fa473a27-989d-4f6a-ba6f-92ef36642364', 'edbfb8fd-eb86-4fd2-b901-df1ec9655230', '5', '6', '4', '2', '12', '48', '0', '0', '2025-11-05 01:01:52', '2025-11-04 20:01:53'),
('f657c5a3-b9e2-11f0-be1c-00163e2da1f1', '9319e5c5-1afb-4856-bb8c-b613105bfec0', '6d083e12-5a8d-48f5-8c8f-cf163d224064', '5', '10', '6', '5', '21', '91', '1', '0', '2025-11-05 01:01:31', '2025-11-04 20:01:31'),
('f65ef713-b9c9-11f0-be1c-00163e2da1f1', 'df29ec34-b9ac-4667-be49-86a118e4e73e', '35cdc75d-9ec4-4f67-ac37-60ce62f9824b', '7', '9', '9', '5', '23', '134', '0', '0', '2025-11-04 22:02:33', '2025-11-04 17:02:33'),
('f6d24d0d-b528-11f0-aa36-00163e2da1f1', 'df29ec34-b9ac-4667-be49-86a118e4e73e', '2d699d5a-6889-4d10-9691-0ade66042d2d', '8', '8', '5', '4', '17', '145', '0', '0', '2025-10-30 00:40:16', '2025-10-29 20:40:16'),
('f6ec0eb2-b9cc-11f0-be1c-00163e2da1f1', 'df29ec34-b9ac-4667-be49-86a118e4e73e', '3cd0e2cd-4350-4f5b-b31a-01efd04f3d20', '6', '8', '7', '7', '22', '143', '0', '0', '2025-11-04 22:24:01', '2025-11-04 17:24:01'),
('f8de1486-b9cd-11f0-be1c-00163e2da1f1', 'df29ec34-b9ac-4667-be49-86a118e4e73e', '796feddd-668a-4100-9eb9-1a06ecaf4d69', '2', '10', '6', '6', '22', '42', '1', '0', '2025-11-04 22:31:14', '2025-11-04 17:31:14'),
('fa3a721b-b9e2-11f0-be1c-00163e2da1f1', '9319e5c5-1afb-4856-bb8c-b613105bfec0', 'a13a4166-6dd3-431d-ad83-015e23b5a091', '5', '3', 'M', 'M', '3', '42', '0', '0', '2025-11-05 01:01:35', '2025-11-04 20:01:36'),
('fa9b265c-b528-11f0-aa36-00163e2da1f1', 'df29ec34-b9ac-4667-be49-86a118e4e73e', '04e26f81-7099-4397-8c8f-58f8dd867d5e', '8', '8', '6', '3', '17', '132', '0', '0', '2025-10-30 00:40:09', '2025-10-29 20:40:09'),
('fabd4dfd-b9cd-11f0-be1c-00163e2da1f1', 'df29ec34-b9ac-4667-be49-86a118e4e73e', 'ea85e874-b802-4b2f-94f0-72750680bc30', '2', '8', '8', '7', '23', '48', '0', '0', '2025-11-04 22:31:18', '2025-11-04 17:31:19'),
('fb38aa1a-b9e0-11f0-be1c-00163e2da1f1', '9319e5c5-1afb-4856-bb8c-b613105bfec0', '480eb2a8-5ca1-4e34-af59-2fae01058356', '3', '5', 'M', 'M', '5', '13', '0', '0', '2025-11-05 00:47:19', '2025-11-04 19:47:19');
INSERT INTO `end_events` (`id`, `round_id`, `round_archer_id`, `end_number`, `a1`, `a2`, `a3`, `end_total`, `running_total`, `tens`, `xs`, `device_ts`, `server_ts`) VALUES
('fbac3721-b9c9-11f0-be1c-00163e2da1f1', 'df29ec34-b9ac-4667-be49-86a118e4e73e', 'a42e7171-aa38-4675-b309-2b99a7470572', '7', '2', '2', 'M', '4', '81', '0', '0', '2025-11-04 22:02:42', '2025-11-04 17:02:42'),
('fc30b1bb-b528-11f0-aa36-00163e2da1f1', 'df29ec34-b9ac-4667-be49-86a118e4e73e', '3a98c834-8475-41df-bf4d-86b43dcf508e', '8', '9', '', '', '9', '183', '0', '0', '2025-10-30 00:40:07', '2025-10-29 20:40:08'),
('fc81d152-b9e0-11f0-be1c-00163e2da1f1', '9319e5c5-1afb-4856-bb8c-b613105bfec0', '2534f86e-297c-4e60-bff1-6f165a6ff2d7', '3', '7', '7', '5', '19', '52', '0', '0', '2025-11-05 00:47:20', '2025-11-04 19:47:21'),
('fd046d97-b9cc-11f0-be1c-00163e2da1f1', 'df29ec34-b9ac-4667-be49-86a118e4e73e', '87aa57da-d446-469e-9414-6176e7bf3b89', '6', '2', 'M', 'M', '2', '32', '0', '0', '2025-11-04 22:24:10', '2025-11-04 17:24:11'),
('fda16ffb-b9e0-11f0-be1c-00163e2da1f1', '9319e5c5-1afb-4856-bb8c-b613105bfec0', '67f9a622-d62a-4ed7-b84f-c47a69e4f3be', '3', '1', 'M', 'M', '1', '35', '0', '0', '2025-11-05 00:47:23', '2025-11-04 19:47:23'),
('fe5264a3-b9ca-11f0-be1c-00163e2da1f1', 'df29ec34-b9ac-4667-be49-86a118e4e73e', '8932cd23-00db-4d51-8346-05381984766f', '1', '7', '7', '8', '22', '22', '0', '0', '2025-11-04 22:09:55', '2025-11-04 17:09:55'),
('feb49d14-b9e2-11f0-be1c-00163e2da1f1', '9319e5c5-1afb-4856-bb8c-b613105bfec0', '2b522bca-4ec6-46d2-9fb3-833570d092d1', '5', '8', '7', '7', '22', '117', '0', '0', '2025-11-05 01:01:44', '2025-11-04 20:01:44'),
('febbc5b7-b9cc-11f0-be1c-00163e2da1f1', 'df29ec34-b9ac-4667-be49-86a118e4e73e', '17aefd0b-d2b8-4e57-a41e-dda252b1756e', '6', '7', '1', 'M', '8', '29', '0', '0', '2025-11-04 22:24:15', '2025-11-04 17:24:16'),
('ff95f297-b9c9-11f0-be1c-00163e2da1f1', 'df29ec34-b9ac-4667-be49-86a118e4e73e', '2aee12c9-6318-4183-b1ea-b2570ad82714', '7', '8', '6', '5', '19', '107', '0', '0', '2025-11-04 22:02:48', '2025-11-04 17:02:48');
UNLOCK TABLES;

-- Table structure for `archers`
DROP TABLE IF EXISTS `archers`;
CREATE TABLE `archers` (
  `id` char(36) NOT NULL DEFAULT uuid(),
  `first_name` varchar(100) NOT NULL,
  `last_name` varchar(100) NOT NULL,
  `nickname` varchar(100) DEFAULT NULL,
  `photo_url` varchar(255) DEFAULT NULL,
  `school` varchar(3) NOT NULL COMMENT '3-letter school code',
  `grade` varchar(4) DEFAULT NULL COMMENT '9,10,11,12,GRAD',
  `level` varchar(3) NOT NULL COMMENT 'VAR, JV, or BEG',
  `faves` text DEFAULT NULL COMMENT 'JSON / CSV list of friend UUIDs',
  `dom_eye` varchar(2) DEFAULT NULL COMMENT 'RT or LT',
  `dom_hand` varchar(2) DEFAULT NULL COMMENT 'RT or LT',
  `height_in` tinyint(3) unsigned DEFAULT NULL COMMENT 'Height in inches',
  `wingspan_in` tinyint(3) unsigned DEFAULT NULL COMMENT 'Wingspan in inches',
  `draw_length_sugg` decimal(5,2) DEFAULT NULL COMMENT 'Suggested draw length',
  `riser_height_in` decimal(5,2) DEFAULT NULL COMMENT 'Riser height in inches',
  `limb_length` varchar(2) DEFAULT NULL COMMENT 'S, M, or L',
  `limb_weight_lbs` decimal(5,2) DEFAULT NULL COMMENT 'Limb weight in pounds',
  `notes_gear` text DEFAULT NULL,
  `notes_current` text DEFAULT NULL,
  `notes_archive` text DEFAULT NULL,
  `email` varchar(200) DEFAULT NULL,
  `phone` varchar(20) DEFAULT NULL,
  `us_archery_id` varchar(20) DEFAULT NULL,
  `jv_pr` int(11) DEFAULT NULL COMMENT 'Junior Varsity personal record',
  `var_pr` int(11) DEFAULT NULL COMMENT 'Varsity personal record',
  `status` varchar(16) NOT NULL DEFAULT 'active' COMMENT 'active or inactive',
  `gender` varchar(1) NOT NULL COMMENT 'M or F',
  `created_at` timestamp NOT NULL DEFAULT current_timestamp(),
  `updated_at` timestamp NULL DEFAULT NULL ON UPDATE current_timestamp(),
  `ext_id` varchar(128) DEFAULT NULL,
  PRIMARY KEY (`id`),
  UNIQUE KEY `uq_archers_ext` (`ext_id`),
  KEY `idx_archers_name` (`last_name`,`first_name`),
  KEY `idx_archers_division` (`gender`,`level`),
  KEY `idx_archer_cookie` (`ext_id`)
) ENGINE=InnoDB DEFAULT CHARSET=utf8mb4 COLLATE=utf8mb4_general_ci;

-- Data for table `archers` (78 rows)
LOCK TABLES `archers` WRITE;
INSERT INTO `archers` (`id`, `first_name`, `last_name`, `nickname`, `photo_url`, `school`, `grade`, `level`, `faves`, `dom_eye`, `dom_hand`, `height_in`, `wingspan_in`, `draw_length_sugg`, `riser_height_in`, `limb_length`, `limb_weight_lbs`, `notes_gear`, `notes_current`, `notes_archive`, `email`, `phone`, `us_archery_id`, `jv_pr`, `var_pr`, `status`, `gender`, `created_at`, `updated_at`, `ext_id`) VALUES
('0008b068-eaa4-44cc-be62-df67faa4232a', 'Eric', 'Salas', NULL, NULL, 'T', NULL, 'JV', NULL, NULL, NULL, NULL, NULL, NULL, NULL, NULL, NULL, NULL, NULL, NULL, NULL, NULL, NULL, NULL, NULL, 'active', 'M', '2025-10-07 16:02:48', '2025-10-30 18:09:57', 'eric-salas-t'),
('000ef07e-7477-47e1-804c-9a9fbb63330a', 'Amelia', 'Beall', NULL, NULL, 'T', NULL, 'JV', NULL, NULL, NULL, NULL, NULL, NULL, NULL, NULL, NULL, NULL, NULL, NULL, NULL, NULL, NULL, NULL, NULL, 'active', 'F', '2025-10-07 16:02:48', '2025-10-30 18:09:57', 'amelia-beall-t'),
('01c1de8a-c2a4-4db4-8895-57391411a6f5', 'Eva', 'Campos', NULL, NULL, 'T', NULL, 'JV', NULL, NULL, NULL, NULL, NULL, NULL, NULL, NULL, NULL, NULL, NULL, NULL, NULL, NULL, NULL, NULL, NULL, 'active', 'F', '2025-10-07 16:02:48', '2025-10-30 18:09:57', 'eva-campos-t'),
('0423dd98-dc2d-4a60-ac3b-c4b6ceea1c8c', 'Jasmin', 'Aranda', NULL, NULL, 'T', NULL, 'JV', NULL, NULL, NULL, NULL, NULL, NULL, NULL, NULL, NULL, NULL, NULL, NULL, NULL, NULL, NULL, NULL, NULL, 'active', 'F', '2025-10-07 16:02:48', '2025-10-30 18:09:57', 'jasmin-aranda-t'),
('05c38abb-dff3-4325-9cd5-f2e03f13ba19', 'Ryder', 'Singer', NULL, NULL, 'T', NULL, 'VAR', NULL, NULL, NULL, NULL, NULL, NULL, NULL, NULL, NULL, NULL, NULL, NULL, NULL, NULL, NULL, NULL, NULL, 'active', 'M', '2025-10-07 16:02:48', '2025-10-30 18:48:15', 'ryder-singer-t'),
('0d5d3f91-d616-41ca-ab6e-dd08855b898a', 'Dominic', 'Davis', NULL, NULL, 'T', NULL, 'VAR', NULL, NULL, NULL, NULL, NULL, NULL, NULL, NULL, NULL, NULL, NULL, NULL, NULL, NULL, NULL, NULL, NULL, 'active', 'M', '2025-10-07 16:02:48', '2025-10-30 18:48:15', 'dominic-davis-t'),
('111e50d2-c840-463d-99fd-95e2ed6b5fcd', 'Test', 'Archer', NULL, NULL, 'TST', NULL, 'V', NULL, NULL, NULL, NULL, NULL, NULL, NULL, NULL, NULL, NULL, NULL, NULL, NULL, NULL, NULL, NULL, NULL, 'active', 'M', '2025-10-30 11:04:34', '2025-11-03 22:08:02', NULL),
('13a1f75f-ba98-4d6f-b106-c50141e3816d', 'Amelie', 'Casillas', NULL, NULL, 'W', NULL, 'JV', NULL, NULL, NULL, NULL, NULL, NULL, NULL, NULL, NULL, NULL, NULL, NULL, NULL, NULL, NULL, NULL, NULL, 'active', 'F', '2025-10-07 16:02:48', '2025-10-30 18:09:57', 'amelie-casillas-w'),
('1cc7db4d-f321-4fdb-a236-13668503b461', 'Dean', 'Gomez', NULL, NULL, 'W', NULL, 'VAR', NULL, NULL, NULL, NULL, NULL, NULL, NULL, NULL, NULL, NULL, NULL, NULL, NULL, NULL, NULL, NULL, NULL, 'active', 'M', '2025-10-07 16:02:48', '2025-10-30 18:48:15', 'dean-gomez-w'),
('21a57105-37d8-47ef-a0b6-aff1aec46804', 'Chelsea', 'Riddle', NULL, NULL, 'T', NULL, 'VAR', NULL, NULL, NULL, NULL, NULL, NULL, NULL, NULL, NULL, NULL, NULL, NULL, NULL, NULL, NULL, NULL, NULL, 'inactive', 'F', '2025-10-30 18:48:15', NULL, 'chelsea-riddle-t'),
('22709b60-3406-4f5a-983b-d4f58a4c8e82', 'Brian', 'O\' Connor', NULL, NULL, 'W', NULL, 'JV', NULL, NULL, NULL, NULL, NULL, NULL, NULL, NULL, NULL, NULL, NULL, NULL, NULL, NULL, NULL, NULL, NULL, 'active', 'M', '2025-10-07 16:02:48', '2025-10-30 18:09:57', 'brian-o-connor-w'),
('263fceea-9043-4077-a9f8-481295038c03', 'Becky', 'Yang', NULL, NULL, 'W', NULL, 'JV', NULL, NULL, NULL, NULL, NULL, NULL, NULL, NULL, NULL, NULL, NULL, NULL, NULL, NULL, NULL, NULL, NULL, 'active', 'F', '2025-10-07 16:02:48', '2025-10-30 18:09:57', 'becky-yang-w'),
('2aae7c38-9378-4a6b-b909-d0e01b6bded0', 'Knox', 'Mann Chavez', NULL, NULL, 'W', NULL, 'JV', NULL, NULL, NULL, NULL, NULL, NULL, NULL, NULL, NULL, NULL, NULL, NULL, NULL, NULL, NULL, NULL, NULL, 'active', 'F', '2025-10-07 16:02:48', '2025-10-30 18:09:57', 'knox-mann-chavez-w'),
('2e3d6978-27a3-480d-89db-642f6f9fef6e', 'Ariana', 'Ramirez', NULL, NULL, 'W', NULL, 'VAR', NULL, NULL, NULL, NULL, NULL, NULL, NULL, NULL, NULL, NULL, NULL, NULL, NULL, NULL, NULL, NULL, NULL, 'active', 'F', '2025-10-07 16:02:48', '2025-10-30 18:48:15', 'ariana-ramirez-w'),
('2ec9b469-d049-438c-a637-db610537ed47', 'Bryce', 'Golliday', NULL, NULL, 'T', NULL, 'JV', NULL, NULL, NULL, NULL, NULL, NULL, NULL, NULL, NULL, NULL, NULL, NULL, NULL, NULL, NULL, NULL, NULL, 'active', 'M', '2025-10-07 16:02:48', '2025-10-30 18:09:57', 'bryce-golliday-t'),
('30636eb5-cf82-481a-97a7-68fe50f85e25', 'Kasandra', 'Hernandez', NULL, NULL, 'W', NULL, 'JV', NULL, NULL, NULL, NULL, NULL, NULL, NULL, NULL, NULL, NULL, NULL, NULL, NULL, NULL, NULL, NULL, NULL, 'active', 'F', '2025-10-07 16:02:48', '2025-10-30 18:09:57', 'kasandra-hernandez-w'),
('3c5b458b-4d0e-4156-91ad-5b542e631e52', 'Ethan', 'De La Torre', NULL, NULL, 'W', NULL, 'VAR', NULL, NULL, NULL, NULL, NULL, NULL, NULL, NULL, NULL, NULL, NULL, NULL, NULL, NULL, NULL, NULL, NULL, 'active', 'M', '2025-10-07 16:02:48', '2025-10-30 18:48:15', 'ethan-de-la-torre-w'),
('3c7533af-eda1-48c7-b688-3279e75cc697', 'Kyan', 'Shimazu', NULL, NULL, 'T', NULL, 'JV', NULL, NULL, NULL, NULL, NULL, NULL, NULL, NULL, NULL, NULL, NULL, NULL, NULL, NULL, NULL, NULL, NULL, 'active', 'M', '2025-10-07 16:02:48', '2025-10-30 18:09:57', 'kyan-shimazu-t'),
('3d26b6f9-fa15-4c91-8ad8-647ca471df90', 'Jozelynne', 'Rodasguillen', NULL, NULL, 'W', NULL, 'JV', NULL, NULL, NULL, NULL, NULL, NULL, NULL, NULL, NULL, NULL, NULL, NULL, NULL, NULL, NULL, NULL, NULL, 'active', 'F', '2025-10-07 16:02:48', '2025-10-30 18:09:57', 'jozelynne-rodasguillen-w'),
('3edd0f5d-8f17-4e4f-ac72-e5c04d9899b1', 'Terry', 'Adams', NULL, NULL, 'COA', NULL, 'VAR', NULL, NULL, NULL, NULL, NULL, NULL, NULL, NULL, NULL, NULL, NULL, NULL, NULL, NULL, NULL, NULL, NULL, 'active', 'M', '2025-10-30 18:48:15', NULL, 'terry-adams-sen'),
('3f799c9b-6a9f-4c71-95e1-98d8305636e1', 'Leah', 'Toji', NULL, NULL, 'W', NULL, 'JV', NULL, NULL, NULL, NULL, NULL, NULL, NULL, NULL, NULL, NULL, NULL, NULL, NULL, NULL, NULL, NULL, NULL, 'active', 'F', '2025-10-07 16:02:48', '2025-10-30 18:09:57', 'leah-toji-w'),
('43e53e92-2d7b-45df-a8fa-c938cdb0f21f', 'Ethan', 'Hernandez', NULL, NULL, 'W', NULL, 'JV', NULL, NULL, NULL, NULL, NULL, NULL, NULL, NULL, NULL, NULL, NULL, NULL, NULL, NULL, NULL, NULL, NULL, 'active', 'M', '2025-10-07 16:02:48', '2025-10-30 18:09:57', 'ethan-hernandez-w'),
('45e4984d-500a-4284-806d-f99da738a410', 'Alejandro', 'Luna', NULL, NULL, 'T', NULL, 'VAR', NULL, NULL, NULL, NULL, NULL, NULL, NULL, NULL, NULL, NULL, NULL, NULL, NULL, NULL, NULL, NULL, NULL, 'active', 'M', '2025-10-07 16:02:48', '2025-10-30 18:48:15', 'alejandro-luna-t'),
('48049306-afa2-4b9b-bafd-eca6cfc4c1ce', 'Vince', 'Dikdan', NULL, NULL, 'W', NULL, 'VAR', NULL, NULL, NULL, NULL, NULL, NULL, NULL, NULL, NULL, NULL, NULL, NULL, NULL, NULL, NULL, NULL, NULL, 'active', 'M', '2025-10-07 16:02:48', '2025-10-30 18:48:15', 'vince-dikdan-w'),
('4a09af1c-5052-4e2b-ac0e-6cdba37986e1', 'Alan', 'Lopez', NULL, NULL, 'W', NULL, 'JV', NULL, NULL, NULL, NULL, NULL, NULL, NULL, NULL, NULL, NULL, NULL, NULL, NULL, NULL, NULL, NULL, NULL, 'active', 'M', '2025-10-07 16:02:48', '2025-10-30 18:09:57', 'alan-lopez-w'),
('4c77693a-292e-4b9d-bcfa-bd2c05b78f8e', 'Alina', 'Vizcarra', NULL, NULL, 'W', NULL, 'VAR', NULL, NULL, NULL, NULL, NULL, NULL, NULL, NULL, NULL, NULL, NULL, NULL, NULL, NULL, NULL, NULL, NULL, 'active', 'F', '2025-10-07 16:02:48', '2025-10-30 18:48:15', 'alina-vizcarra-w'),
('551112f7-10b4-471c-90f3-50c4eae0d9eb', 'Katelyn', 'Acosta De Lira', NULL, NULL, 'T', NULL, 'JV', NULL, NULL, NULL, NULL, NULL, NULL, NULL, NULL, NULL, NULL, NULL, NULL, NULL, NULL, NULL, NULL, NULL, 'active', 'F', '2025-10-07 16:02:48', '2025-10-30 18:09:57', 'katelyn-acosta-de-lira-t'),
('569fab48-bf83-4097-b176-1d3c4f42e740', 'Tica', 'Facer', NULL, NULL, 'W', NULL, 'JV', NULL, NULL, NULL, NULL, NULL, NULL, NULL, NULL, NULL, NULL, NULL, NULL, NULL, NULL, NULL, NULL, NULL, 'active', 'F', '2025-10-07 16:02:48', '2025-10-30 18:09:57', 'tica-facer-w'),
('57575dcf-61f4-4846-9539-152fa7fd4a11', 'Zoey', 'Perez', NULL, NULL, 'W', NULL, 'JV', NULL, NULL, NULL, NULL, NULL, NULL, NULL, NULL, NULL, NULL, NULL, NULL, NULL, NULL, NULL, NULL, NULL, 'active', 'F', '2025-10-07 16:02:48', '2025-10-30 18:09:57', 'zoey-perez-w'),
('5c55e08a-ab6c-4981-8a57-42fc787220ae', 'Shiri', 'Mross', NULL, NULL, 'W', NULL, 'JV', NULL, NULL, NULL, NULL, NULL, NULL, NULL, NULL, NULL, NULL, NULL, NULL, NULL, NULL, NULL, NULL, NULL, 'active', 'F', '2025-10-07 16:02:48', '2025-10-30 18:09:57', 'shiri-mross-w'),
('61cce540-e45e-4f4b-a68f-1de9ec1d845e', 'Sa’Rih', 'Torrencebella_ngai', NULL, NULL, 'T', NULL, 'JV', NULL, NULL, NULL, NULL, NULL, NULL, NULL, NULL, NULL, NULL, NULL, NULL, NULL, NULL, NULL, NULL, NULL, 'active', 'F', '2025-10-07 16:02:48', '2025-10-30 18:09:57', 'sarih-torrencebellangai-t'),
('632012a7-2645-481c-99cb-fae78be0a72f', 'Brandon', 'Garcia', NULL, NULL, 'W', NULL, 'VAR', NULL, NULL, NULL, NULL, NULL, NULL, NULL, NULL, NULL, NULL, NULL, NULL, NULL, NULL, NULL, NULL, NULL, 'active', 'M', '2025-10-07 16:02:48', '2025-10-30 18:48:15', 'brandon-garcia-w'),
('6549db8f-77d9-4048-866c-4d3d7a1f9b2b', 'Danny', 'Torres', NULL, NULL, 'W', NULL, 'JV', NULL, NULL, NULL, NULL, NULL, NULL, NULL, NULL, NULL, NULL, NULL, NULL, NULL, NULL, NULL, NULL, NULL, 'active', 'M', '2025-10-07 16:02:48', '2025-10-30 18:09:57', 'danny-torres-w'),
('65eb473f-cca2-432a-ba9e-5ac0c64076a9', 'Molly', 'Doran', NULL, NULL, 'T', NULL, 'JV', NULL, NULL, NULL, NULL, NULL, NULL, NULL, NULL, NULL, NULL, NULL, NULL, NULL, NULL, NULL, NULL, NULL, 'active', 'F', '2025-10-07 16:02:48', '2025-10-30 18:09:57', 'molly-doran-t'),
('6a424c72-b16d-4085-8d8b-992065dbb252', 'Vida', 'Vargas', NULL, NULL, 'W', NULL, 'JV', NULL, NULL, NULL, NULL, NULL, NULL, NULL, NULL, NULL, NULL, NULL, NULL, NULL, NULL, NULL, NULL, NULL, 'active', 'F', '2025-10-07 16:02:48', '2025-10-30 18:09:57', 'vida-vargas-w'),
('6ce2b350-4c31-46f0-aa7c-68b7384dd4db', 'Landon', 'Hines', NULL, NULL, 'T', NULL, 'JV', NULL, NULL, NULL, NULL, NULL, NULL, NULL, NULL, NULL, NULL, NULL, NULL, NULL, NULL, NULL, NULL, NULL, 'active', 'M', '2025-10-07 16:02:48', '2025-10-30 18:09:57', 'landon-hines-t'),
('6d0ead96-9584-44a2-bd42-0cbf28d5f519', 'Angelica', 'Perez', NULL, NULL, 'W', NULL, 'JV', NULL, NULL, NULL, NULL, NULL, NULL, NULL, NULL, NULL, NULL, NULL, NULL, NULL, NULL, NULL, NULL, NULL, 'active', 'F', '2025-10-07 16:02:48', '2025-10-30 18:09:57', 'angelica-perez-w'),
('762d0b89-a052-48b0-8921-ed2f646c3735', 'Jaylene', 'Velazquez', NULL, NULL, 'T', NULL, 'JV', NULL, NULL, NULL, NULL, NULL, NULL, NULL, NULL, NULL, NULL, NULL, NULL, NULL, NULL, NULL, NULL, NULL, 'active', 'F', '2025-10-07 16:02:48', '2025-10-30 18:09:57', 'jaylene-velazquez-t'),
('784cb2b8-3769-49e2-a4fe-06e53e7cf837', 'Cruz', 'Briseno', NULL, NULL, 'T', NULL, 'JV', NULL, NULL, NULL, NULL, NULL, NULL, NULL, NULL, NULL, NULL, NULL, NULL, NULL, NULL, NULL, NULL, NULL, 'active', 'M', '2025-10-07 16:02:48', '2025-10-30 18:09:57', 'cruz-briseno-t'),
('80af14a8-b102-432b-ba1b-b89532dbd4e2', 'Samantha', 'Rodriguez', NULL, NULL, 'T', NULL, 'JV', NULL, NULL, NULL, NULL, NULL, NULL, NULL, NULL, NULL, NULL, NULL, NULL, NULL, NULL, NULL, NULL, NULL, 'active', 'F', '2025-10-07 16:02:48', '2025-10-30 18:09:57', 'samantha-rodriguez-t'),
('8b2638d2-f727-48c0-a167-8f0689119ee6', 'Maggie', 'Zakrzewski', NULL, NULL, 'W', NULL, 'JV', NULL, NULL, NULL, NULL, NULL, NULL, NULL, NULL, NULL, NULL, NULL, NULL, NULL, NULL, NULL, NULL, NULL, 'active', 'F', '2025-10-07 16:02:48', '2025-10-30 18:09:57', 'maggie-zakrzewski-w'),
('8ddc8d62-afbe-472e-a7bd-20a5ee3c9dd1', 'Caio', 'Lalau', NULL, NULL, 'T', NULL, 'JV', NULL, NULL, NULL, NULL, NULL, NULL, NULL, NULL, NULL, NULL, NULL, NULL, NULL, NULL, NULL, NULL, NULL, 'active', 'M', '2025-10-07 16:02:48', '2025-10-30 18:09:57', 'caio-lalau-t'),
('91ae090c-2299-4ee5-85e6-fd8efd7848e1', 'Luke', 'Garr', NULL, NULL, 'T', NULL, 'VAR', NULL, NULL, NULL, NULL, NULL, NULL, NULL, NULL, NULL, NULL, NULL, NULL, NULL, NULL, NULL, NULL, NULL, 'active', 'M', '2025-10-07 16:02:48', '2025-10-30 18:48:15', 'luke-garr-t'),
('9878df28-7cbb-4090-b904-d78499f55fac', 'Eden', 'Jonick', NULL, NULL, 'W', NULL, 'JV', NULL, NULL, NULL, NULL, NULL, NULL, NULL, NULL, NULL, NULL, NULL, NULL, NULL, NULL, NULL, NULL, NULL, 'active', 'F', '2025-10-07 16:02:48', '2025-10-30 18:09:57', 'eden-jonick-w'),
('9a163c17-230a-4839-a7f5-b52ae7876eb5', 'Haley', 'Mills', NULL, NULL, 'T', NULL, 'JV', NULL, NULL, NULL, NULL, NULL, NULL, NULL, NULL, NULL, NULL, NULL, NULL, NULL, NULL, NULL, NULL, NULL, 'active', 'F', '2025-10-07 16:02:48', '2025-10-30 18:09:57', 'haley-mills-t'),
('9b95d9eb-e766-447d-bc77-65f25b7e1c20', 'Salvador', 'Arredondo', NULL, NULL, 'W', NULL, 'VAR', NULL, NULL, NULL, NULL, NULL, NULL, NULL, NULL, NULL, NULL, NULL, NULL, NULL, NULL, NULL, NULL, NULL, 'active', 'M', '2025-10-07 16:02:48', '2025-10-30 18:48:15', 'salvador-arredondo-w'),
('a27bd9e2-b07b-4455-a9a0-805a9f5252f7', 'Solana', 'Tsai', NULL, NULL, 'T', NULL, 'JV', NULL, NULL, NULL, NULL, NULL, NULL, NULL, NULL, NULL, NULL, NULL, NULL, NULL, NULL, NULL, NULL, NULL, 'active', 'F', '2025-10-07 16:02:48', '2025-10-30 18:09:57', 'solana-tsai-t'),
('a383dc6e-e45c-4ef3-b7d4-0c52eaefe4bb', 'Lux', 'Rojas', NULL, NULL, 'T', NULL, 'JV', NULL, NULL, NULL, NULL, NULL, NULL, NULL, NULL, NULL, NULL, NULL, NULL, NULL, NULL, NULL, NULL, NULL, 'active', 'F', '2025-10-07 16:02:48', '2025-10-30 18:09:57', 'lux-rojas-t'),
('a6615802-49db-4c41-ba66-3c8f37808c1f', 'Natalia', 'Montalvo', NULL, NULL, 'W', NULL, 'JV', NULL, NULL, NULL, NULL, NULL, NULL, NULL, NULL, NULL, NULL, NULL, NULL, NULL, NULL, NULL, NULL, NULL, 'active', 'F', '2025-10-07 16:02:48', '2025-10-30 18:09:57', 'natalia-montalvo-w'),
('ac06a059-60c0-4633-ae60-0cb908bcf738', 'Caleb', 'Croft', NULL, NULL, 'W', NULL, 'JV', NULL, NULL, NULL, NULL, NULL, NULL, NULL, NULL, NULL, NULL, NULL, NULL, NULL, NULL, NULL, NULL, NULL, 'active', 'M', '2025-10-07 16:02:48', '2025-10-30 18:09:57', 'caleb-croft-w'),
('ad0b29a7-024c-4973-a4cd-df7b9f1a4116', 'Verify', 'Test', NULL, NULL, 'T', NULL, 'JV', NULL, NULL, NULL, NULL, NULL, NULL, NULL, NULL, NULL, NULL, NULL, NULL, NULL, NULL, NULL, NULL, NULL, 'active', 'M', '2025-11-04 14:36:24', NULL, 'test-verify-123'),
('af4f8661-c0be-48d7-a150-c982afad4fe2', 'Malachi', 'Lawson', NULL, NULL, 'T', NULL, 'JV', NULL, NULL, NULL, NULL, NULL, NULL, NULL, NULL, NULL, NULL, NULL, NULL, NULL, NULL, NULL, NULL, NULL, 'active', 'M', '2025-10-07 16:02:48', '2025-10-30 18:09:57', 'malachi-lawson-t'),
('afd98f98-eff4-40fc-82bc-6e5aae351dd5', 'Ashriya', 'Milton', NULL, NULL, 'W', NULL, 'JV', NULL, NULL, NULL, NULL, NULL, NULL, NULL, NULL, NULL, NULL, NULL, NULL, NULL, NULL, NULL, NULL, NULL, 'active', 'F', '2025-10-07 16:02:48', '2025-10-30 18:09:57', 'ashriya-milton-w'),
('b316adba-ff21-4ef7-a120-1087083415f8', 'Bella', 'Ngai', NULL, NULL, 'W', NULL, 'JV', NULL, NULL, NULL, NULL, NULL, NULL, NULL, NULL, NULL, NULL, NULL, NULL, NULL, NULL, NULL, NULL, NULL, 'active', 'F', '2025-10-07 16:02:48', '2025-10-30 18:09:57', 'bella-ngai-w'),
('b8afc11a-bb1c-4c5d-9225-a04c2ae857c9', 'Awishkar', 'Shrestha', NULL, NULL, 'W', NULL, 'JV', NULL, NULL, NULL, NULL, NULL, NULL, NULL, NULL, NULL, NULL, NULL, NULL, NULL, NULL, NULL, NULL, NULL, 'active', 'M', '2025-10-07 16:02:48', '2025-10-30 18:09:57', 'awishkar-shrestha-w'),
('be6fac62-5467-45cc-a422-ef055de05e65', 'Workflow', 'Test Archer', NULL, NULL, 'TST', NULL, 'VAR', NULL, NULL, NULL, NULL, NULL, NULL, NULL, NULL, NULL, NULL, NULL, NULL, NULL, NULL, NULL, NULL, NULL, 'active', 'M', '2025-11-01 13:41:01', NULL, NULL),
('c162420c-16ab-4054-82b9-766962a63cd8', 'Elijah', 'Fykes', NULL, NULL, 'W', NULL, 'JV', NULL, NULL, NULL, NULL, NULL, NULL, NULL, NULL, NULL, NULL, NULL, NULL, NULL, NULL, NULL, NULL, NULL, 'active', 'M', '2025-10-07 16:02:48', '2025-10-30 18:09:57', 'elijah-fykes-w'),
('c25bb4c4-b5f8-47b0-bb48-4be3b5d490b0', 'Sarah', 'Coach', NULL, NULL, 'COA', NULL, 'VAR', NULL, NULL, NULL, NULL, NULL, NULL, NULL, NULL, NULL, NULL, NULL, NULL, NULL, NULL, NULL, NULL, NULL, 'active', 'F', '2025-10-31 19:53:57', NULL, 'sarah-coach-coa'),
('c60a1695-1660-4178-a442-63537c1529b6', 'Giselle', 'Gomez', NULL, NULL, 'T', NULL, 'JV', NULL, NULL, NULL, NULL, NULL, NULL, NULL, NULL, NULL, NULL, NULL, NULL, NULL, NULL, NULL, NULL, NULL, 'active', 'F', '2025-10-07 16:02:48', '2025-10-30 18:09:57', 'giselle-gomez-t'),
('c95f43d5-14ba-42c7-9c9b-83566efa0d75', 'Alaya', 'Johnson', 'Lay', NULL, 'W', NULL, 'JV', NULL, NULL, NULL, NULL, NULL, NULL, NULL, NULL, NULL, NULL, NULL, NULL, NULL, NULL, NULL, NULL, NULL, 'active', 'F', '2025-10-28 17:51:53', '2025-11-03 22:09:46', 'Alaya-(lay) Johnson'),
('ca21be3e-7303-4f03-b833-0f277815a98c', 'Ethan', 'Johnson', NULL, NULL, 'T', NULL, 'JV', NULL, NULL, NULL, NULL, NULL, NULL, NULL, NULL, NULL, NULL, NULL, NULL, NULL, NULL, NULL, NULL, NULL, 'active', 'M', '2025-10-07 16:02:48', '2025-10-30 18:09:57', 'ethan-johnson-t'),
('d29f88b9-caa9-4ec4-98c4-54233f495db7', 'Mikaylah', 'Araujo', NULL, NULL, 'T', NULL, 'JV', NULL, NULL, NULL, NULL, NULL, NULL, NULL, NULL, NULL, NULL, NULL, NULL, NULL, NULL, NULL, NULL, NULL, 'active', 'F', '2025-10-07 16:02:48', '2025-10-30 18:09:57', 'mikaylah-araujo-t'),
('d50261c2-5185-4c00-ba74-37510c2c229a', 'Jennelle', 'Parks', NULL, NULL, 'T', NULL, 'VAR', NULL, NULL, NULL, NULL, NULL, NULL, NULL, NULL, NULL, NULL, NULL, NULL, NULL, NULL, NULL, NULL, NULL, 'active', 'F', '2025-10-07 16:02:48', '2025-10-30 18:48:15', 'jennelle-parks-t'),
('d6a82854-08d8-4ebd-a33c-f26eafbb067a', 'Adjani', 'De La Riva', NULL, NULL, 'W', NULL, 'JV', NULL, 'RT', 'RT', NULL, NULL, NULL, NULL, NULL, NULL, NULL, NULL, NULL, NULL, NULL, NULL, NULL, NULL, 'active', 'F', '2025-10-07 16:02:48', '2025-11-03 22:11:07', 'adjani-de-la-riva-w'),
('d6e17810-489a-49b2-8b5a-58a6fc59884c', 'Levi', 'Meeker', NULL, NULL, 'W', NULL, 'JV', NULL, NULL, NULL, NULL, NULL, NULL, NULL, NULL, NULL, NULL, NULL, NULL, NULL, NULL, NULL, NULL, NULL, 'active', 'M', '2025-10-07 16:02:48', '2025-10-30 18:09:57', 'levi-meeker-w'),
('da48eac8-8c9a-468c-9569-01e66e1d3863', 'Natalia', 'Luna', NULL, NULL, 'T', NULL, 'JV', NULL, NULL, NULL, NULL, NULL, NULL, NULL, NULL, NULL, NULL, NULL, NULL, NULL, NULL, NULL, NULL, NULL, 'active', 'F', '2025-10-07 16:02:48', '2025-10-30 18:09:57', 'natalia-luna-t'),
('db2d299e-9760-44c0-9b57-f79a7de46f51', 'Joslyn', 'Chua', NULL, NULL, 'W', NULL, 'JV', NULL, NULL, NULL, NULL, NULL, NULL, NULL, NULL, NULL, NULL, NULL, NULL, NULL, NULL, NULL, NULL, NULL, 'active', 'F', '2025-10-07 16:02:48', '2025-10-30 18:09:57', 'joslyn-chua-w'),
('e743dfed-f6e8-493b-a3b5-cbf6079db6bd', 'Leo', 'Hernandez', NULL, NULL, 'T', NULL, 'JV', NULL, NULL, NULL, NULL, NULL, NULL, NULL, NULL, NULL, NULL, NULL, NULL, NULL, NULL, NULL, NULL, NULL, 'active', 'M', '2025-10-07 16:02:48', '2025-10-30 18:09:57', 'leo-hernandez-t'),
('eaa7e802-64de-4a07-bb71-8b06f4fc9d5a', 'Cooper', 'Colinsky', NULL, NULL, 'W', NULL, 'VAR', NULL, NULL, NULL, NULL, NULL, NULL, NULL, NULL, NULL, NULL, NULL, NULL, NULL, NULL, NULL, NULL, NULL, 'active', 'M', '2025-10-07 16:02:48', '2025-10-30 18:48:15', 'cooper-colinsky-w'),
('eda90ff5-9f82-4b21-a0ef-7c2d971b02df', 'Jasper', 'Peterson', NULL, NULL, 'W', NULL, 'JV', NULL, NULL, NULL, NULL, NULL, NULL, NULL, NULL, NULL, NULL, NULL, NULL, NULL, NULL, NULL, NULL, NULL, 'active', 'M', '2025-10-07 16:02:48', '2025-10-30 18:09:57', 'jasper-peterson-w'),
('edffea21-d5b9-44b6-85a5-e3e0f238c7b6', 'Melanie', 'Jimenez', NULL, NULL, 'W', NULL, 'JV', NULL, NULL, NULL, NULL, NULL, NULL, NULL, NULL, NULL, NULL, NULL, NULL, NULL, NULL, NULL, NULL, NULL, 'active', 'F', '2025-10-07 16:02:48', '2025-10-30 18:09:57', 'melanie-jimenez-w'),
('ee2e8fac-800b-4d18-be32-c4326169b7af', 'Isabella', 'Diaz', NULL, NULL, 'W', NULL, 'JV', NULL, NULL, NULL, NULL, NULL, NULL, NULL, NULL, NULL, NULL, NULL, NULL, NULL, NULL, NULL, NULL, NULL, 'active', 'F', '2025-10-07 16:02:48', '2025-10-30 18:09:57', 'isabella-diaz-w'),
('f0501017-9d98-416e-b95a-bb43d57892a8', 'Ellyse', 'Legaspi', NULL, NULL, 'W', NULL, 'VAR', NULL, NULL, NULL, NULL, NULL, NULL, NULL, NULL, NULL, NULL, NULL, NULL, NULL, NULL, NULL, NULL, NULL, 'active', 'F', '2025-10-07 16:02:48', '2025-10-30 18:48:15', 'ellyse-legaspi-w'),
('f425ccf4-967c-4ae6-a3e7-f80eccab8989', 'Hawkeye', 'Barton', NULL, NULL, 'UNK', NULL, 'VAR', NULL, NULL, NULL, NULL, NULL, NULL, NULL, NULL, NULL, NULL, NULL, NULL, NULL, NULL, NULL, NULL, NULL, 'active', 'M', '2025-11-01 13:52:06', NULL, 'hawkeye-barton'),
('f59e1f78-c6d6-44d1-bc3a-70dc7c656d50', 'Verina', 'Saeed', NULL, NULL, 'W', NULL, 'JV', NULL, NULL, NULL, NULL, NULL, NULL, NULL, NULL, NULL, NULL, NULL, NULL, NULL, NULL, NULL, NULL, NULL, 'active', 'F', '2025-10-07 16:02:48', '2025-10-30 18:09:57', 'verina-saeed-w'),
('f6c6da50-e204-4649-8ff1-d4eb9aaac9eb', 'Victoria', 'Salcedo', NULL, NULL, 'W', NULL, 'JV', NULL, NULL, NULL, NULL, NULL, NULL, NULL, NULL, NULL, NULL, NULL, NULL, NULL, NULL, NULL, NULL, NULL, 'active', 'F', '2025-10-07 16:02:48', '2025-10-30 18:09:57', 'victoria-salcedo-w'),
('f97ac500-a101-40b4-b39e-eceab3962e57', 'Liana', 'Bils', NULL, NULL, 'W', NULL, 'VAR', NULL, NULL, NULL, NULL, NULL, NULL, NULL, NULL, NULL, NULL, NULL, NULL, NULL, NULL, NULL, NULL, NULL, 'active', 'F', '2025-10-07 16:02:48', '2025-10-30 18:48:15', 'liana-bils-w'),
('feb34fa4-fdd5-4d79-a2b1-7182eebabb06', 'Joseph', 'McCorkle', NULL, NULL, 'T', NULL, 'JV', NULL, NULL, NULL, NULL, NULL, NULL, NULL, NULL, NULL, NULL, NULL, NULL, NULL, NULL, NULL, NULL, NULL, 'active', 'M', '2025-10-07 16:02:48', '2025-10-30 18:09:57', 'joseph-mccorkle-t');
UNLOCK TABLES;

SET FOREIGN_KEY_CHECKS=1;
COMMIT;
