-- Database Backup
-- Generated: 2025-11-30 09:58:36
-- Database: wdv
-- Tables: archers, bracket_entries, brackets, end_events, events, round_archers, rounds, solo_match_archers, solo_match_sets, solo_matches, team_match_archers, team_match_sets, team_match_teams, team_matches

SET FOREIGN_KEY_CHECKS=0;
SET SQL_MODE='NO_AUTO_VALUE_ON_ZERO';
SET AUTOCOMMIT=0;
START TRANSACTION;

-- Table structure for `archers`
DROP TABLE IF EXISTS `archers`;
CREATE TABLE `archers` (
  `id` char(36) COLLATE utf8mb4_general_ci NOT NULL,
  `first_name` varchar(100) COLLATE utf8mb4_general_ci NOT NULL,
  `last_name` varchar(100) COLLATE utf8mb4_general_ci NOT NULL,
  `nickname` varchar(100) COLLATE utf8mb4_general_ci DEFAULT NULL,
  `photo_url` varchar(255) COLLATE utf8mb4_general_ci DEFAULT NULL,
  `school` varchar(3) COLLATE utf8mb4_general_ci NOT NULL COMMENT '3-letter school code',
  `grade` varchar(4) COLLATE utf8mb4_general_ci DEFAULT NULL COMMENT '9,10,11,12,GRAD',
  `level` varchar(3) COLLATE utf8mb4_general_ci NOT NULL COMMENT 'VAR, JV, or BEG',
  `faves` text COLLATE utf8mb4_general_ci COMMENT 'JSON / CSV list of friend UUIDs',
  `dom_eye` varchar(2) COLLATE utf8mb4_general_ci DEFAULT NULL COMMENT 'RT or LT',
  `dom_hand` varchar(2) COLLATE utf8mb4_general_ci DEFAULT NULL COMMENT 'RT or LT',
  `height_in` tinyint unsigned DEFAULT NULL COMMENT 'Height in inches',
  `wingspan_in` tinyint unsigned DEFAULT NULL COMMENT 'Wingspan in inches',
  `draw_length_sugg` decimal(5,2) DEFAULT NULL COMMENT 'Suggested draw length',
  `riser_height_in` decimal(5,2) DEFAULT NULL COMMENT 'Riser height in inches',
  `limb_length` varchar(2) COLLATE utf8mb4_general_ci DEFAULT NULL COMMENT 'S, M, or L',
  `limb_weight_lbs` decimal(5,2) DEFAULT NULL COMMENT 'Limb weight in pounds',
  `notes_gear` text COLLATE utf8mb4_general_ci,
  `notes_current` text COLLATE utf8mb4_general_ci,
  `notes_archive` text COLLATE utf8mb4_general_ci,
  `email` varchar(200) COLLATE utf8mb4_general_ci DEFAULT NULL,
  `phone` varchar(20) COLLATE utf8mb4_general_ci DEFAULT NULL,
  `us_archery_id` varchar(20) COLLATE utf8mb4_general_ci DEFAULT NULL,
  `jv_pr` int DEFAULT NULL COMMENT 'Junior Varsity personal record',
  `var_pr` int DEFAULT NULL COMMENT 'Varsity personal record',
  `status` varchar(16) COLLATE utf8mb4_general_ci NOT NULL DEFAULT 'active' COMMENT 'active or inactive',
  `gender` varchar(1) COLLATE utf8mb4_general_ci NOT NULL COMMENT 'M or F',
  `created_at` timestamp NOT NULL DEFAULT CURRENT_TIMESTAMP,
  `updated_at` timestamp NULL DEFAULT NULL ON UPDATE CURRENT_TIMESTAMP,
  `ext_id` varchar(128) COLLATE utf8mb4_general_ci DEFAULT NULL,
  PRIMARY KEY (`id`),
  UNIQUE KEY `uq_archers_ext` (`ext_id`),
  KEY `idx_archers_name` (`last_name`,`first_name`),
  KEY `idx_archers_division` (`gender`,`level`),
  KEY `idx_archer_cookie` (`ext_id`)
) ENGINE=InnoDB DEFAULT CHARSET=utf8mb4 COLLATE=utf8mb4_general_ci;

-- Data for table `archers` (96 rows)
LOCK TABLES `archers` WRITE;
INSERT INTO `archers` (`id`, `first_name`, `last_name`, `nickname`, `photo_url`, `school`, `grade`, `level`, `faves`, `dom_eye`, `dom_hand`, `height_in`, `wingspan_in`, `draw_length_sugg`, `riser_height_in`, `limb_length`, `limb_weight_lbs`, `notes_gear`, `notes_current`, `notes_archive`, `email`, `phone`, `us_archery_id`, `jv_pr`, `var_pr`, `status`, `gender`, `created_at`, `updated_at`, `ext_id`) VALUES
('0008b068-eaa4-44cc-be62-df67faa4232a', 'Eric', 'Salas', NULL, NULL, 'T', NULL, 'JV', NULL, NULL, NULL, NULL, NULL, NULL, NULL, NULL, NULL, NULL, NULL, NULL, NULL, NULL, NULL, NULL, NULL, 'active', 'M', '2025-10-07 16:02:48', '2025-10-30 18:09:57', 'eric-salas-t'),
('000ef07e-7477-47e1-804c-9a9fbb63330a', 'Amelia', 'Beall', NULL, NULL, 'T', NULL, 'JV', NULL, NULL, NULL, NULL, NULL, NULL, NULL, NULL, NULL, NULL, NULL, NULL, NULL, NULL, NULL, NULL, NULL, 'active', 'F', '2025-10-07 16:02:48', '2025-10-30 18:09:57', 'amelia-beall-t'),
('01c1de8a-c2a4-4db4-8895-57391411a6f5', 'Eva', 'Campos', NULL, NULL, 'T', NULL, 'JV', NULL, NULL, NULL, NULL, NULL, NULL, NULL, NULL, NULL, NULL, NULL, NULL, NULL, NULL, NULL, NULL, NULL, 'active', 'F', '2025-10-07 16:02:48', '2025-10-30 18:09:57', 'eva-campos-t'),
('0423dd98-dc2d-4a60-ac3b-c4b6ceea1c8c', 'Jasmin', 'Aranda', NULL, NULL, 'T', NULL, 'JV', NULL, NULL, NULL, NULL, NULL, NULL, NULL, NULL, NULL, NULL, NULL, NULL, NULL, NULL, NULL, NULL, NULL, 'active', 'F', '2025-10-07 16:02:48', '2025-10-30 18:09:57', 'jasmin-aranda-t'),
('05c38abb-dff3-4325-9cd5-f2e03f13ba19', 'Ryder', 'Singer', NULL, NULL, 'T', NULL, 'VAR', NULL, NULL, NULL, NULL, NULL, NULL, NULL, NULL, NULL, NULL, NULL, NULL, NULL, NULL, NULL, NULL, NULL, 'active', 'M', '2025-10-07 16:02:48', '2025-10-30 18:48:15', 'ryder-singer-t'),
('0d5d3f91-d616-41ca-ab6e-dd08855b898a', 'Dominic', 'Davis', NULL, NULL, 'T', NULL, 'VAR', NULL, NULL, NULL, NULL, NULL, NULL, NULL, NULL, NULL, NULL, NULL, NULL, NULL, NULL, NULL, NULL, NULL, 'active', 'M', '2025-10-07 16:02:48', '2025-10-30 18:48:15', 'dominic-davis-t'),
('111e50d2-c840-463d-99fd-95e2ed6b5fcd', 'Test', 'Archer', NULL, NULL, 'TST', '12', 'VAR', NULL, NULL, NULL, NULL, NULL, NULL, NULL, NULL, NULL, NULL, NULL, NULL, 'test.archer.1763730962399@example.com', '555-0100', NULL, NULL, NULL, 'active', 'M', '2025-10-30 11:04:34', '2025-11-21 05:16:02', 'test-archer-tst'),
('13a1f75f-ba98-4d6f-b106-c50141e3816d', 'Amelie', 'Casillas', NULL, NULL, 'W', NULL, 'JV', NULL, NULL, NULL, NULL, NULL, NULL, NULL, NULL, NULL, NULL, NULL, NULL, NULL, NULL, NULL, NULL, NULL, 'active', 'F', '2025-10-07 16:02:48', '2025-10-30 18:09:57', 'amelie-casillas-w'),
('181ca2fa-36fc-4050-8869-51fdc06b0aad', 'Archer1', 'Team1', NULL, NULL, 'TST', NULL, 'VAR', NULL, NULL, NULL, NULL, NULL, NULL, NULL, NULL, NULL, NULL, NULL, NULL, NULL, NULL, NULL, NULL, NULL, 'active', 'M', '2025-11-17 12:56:08', NULL, NULL),
('1cc7db4d-f321-4fdb-a236-13668503b461', 'Dean', 'Gomez', NULL, NULL, 'W', NULL, 'VAR', NULL, NULL, NULL, NULL, NULL, NULL, NULL, NULL, NULL, NULL, NULL, NULL, NULL, NULL, NULL, NULL, NULL, 'active', 'M', '2025-10-07 16:02:48', '2025-10-30 18:48:15', 'dean-gomez-w'),
('21a57105-37d8-47ef-a0b6-aff1aec46804', 'Chelsea', 'Riddle', NULL, NULL, 'T', NULL, 'VAR', NULL, NULL, NULL, NULL, NULL, NULL, NULL, NULL, NULL, NULL, NULL, NULL, NULL, NULL, NULL, NULL, NULL, 'inactive', 'F', '2025-10-30 18:48:15', NULL, 'chelsea-riddle-t'),
('22709b60-3406-4f5a-983b-d4f58a4c8e82', 'Brian', 'O\' Connor', NULL, NULL, 'W', NULL, 'JV', NULL, NULL, NULL, NULL, NULL, NULL, NULL, NULL, NULL, NULL, NULL, NULL, NULL, NULL, NULL, NULL, NULL, 'active', 'M', '2025-10-07 16:02:48', '2025-10-30 18:09:57', 'brian-o-connor-w'),
('263fceea-9043-4077-a9f8-481295038c03', 'Becky', 'Yang', NULL, NULL, 'W', NULL, 'JV', NULL, NULL, NULL, NULL, NULL, NULL, NULL, NULL, NULL, NULL, NULL, NULL, NULL, NULL, NULL, NULL, NULL, 'active', 'F', '2025-10-07 16:02:48', '2025-10-30 18:09:57', 'becky-yang-w'),
('2aa2ed5a-62e3-4ed8-9d42-32e6efb56016', 'Team1', 'Archer2', NULL, NULL, 'TST', NULL, 'VAR', NULL, NULL, NULL, NULL, NULL, NULL, NULL, NULL, NULL, NULL, NULL, NULL, NULL, NULL, NULL, NULL, NULL, 'active', 'F', '2025-11-17 11:20:23', NULL, NULL),
('2aae7c38-9378-4a6b-b909-d0e01b6bded0', 'Knox', 'Mann Chavez', NULL, NULL, 'W', NULL, 'JV', NULL, NULL, NULL, NULL, NULL, NULL, NULL, NULL, NULL, NULL, NULL, NULL, NULL, NULL, NULL, NULL, NULL, 'active', 'F', '2025-10-07 16:02:48', '2025-10-30 18:09:57', 'knox-mann-chavez-w'),
('2db86fe0-a620-4c8f-8aec-43420f320854', 'SingleTest', 'Archer', NULL, NULL, 'TST', NULL, 'VAR', NULL, NULL, NULL, NULL, NULL, NULL, NULL, NULL, NULL, NULL, NULL, NULL, NULL, NULL, NULL, NULL, NULL, 'active', 'M', '2025-11-21 04:18:27', NULL, 'test-single-1763727507504'),
('2e3d6978-27a3-480d-89db-642f6f9fef6e', 'Ariana', 'Ramirez', NULL, NULL, 'W', NULL, 'VAR', NULL, NULL, NULL, NULL, NULL, NULL, NULL, NULL, NULL, NULL, NULL, NULL, NULL, NULL, NULL, NULL, NULL, 'active', 'F', '2025-10-07 16:02:48', '2025-10-30 18:48:15', 'ariana-ramirez-w'),
('2e662151-854d-48a4-ad1b-06c72c9fbdb8', 'Team1', 'Archer3', NULL, NULL, 'TST', NULL, 'VAR', NULL, NULL, NULL, NULL, NULL, NULL, NULL, NULL, NULL, NULL, NULL, NULL, NULL, NULL, NULL, NULL, NULL, 'active', 'M', '2025-11-17 11:20:23', NULL, NULL),
('2ec9b469-d049-438c-a637-db610537ed47', 'Bryce', 'Golliday', NULL, NULL, 'T', NULL, 'JV', NULL, NULL, NULL, NULL, NULL, NULL, NULL, NULL, NULL, NULL, NULL, NULL, NULL, NULL, NULL, NULL, NULL, 'active', 'M', '2025-10-07 16:02:48', '2025-10-30 18:09:57', 'bryce-golliday-t'),
('30636eb5-cf82-481a-97a7-68fe50f85e25', 'Kasandra', 'Hernandez', NULL, NULL, 'W', NULL, 'JV', NULL, NULL, NULL, NULL, NULL, NULL, NULL, NULL, NULL, NULL, NULL, NULL, NULL, NULL, NULL, NULL, NULL, 'active', 'F', '2025-10-07 16:02:48', '2025-10-30 18:09:57', 'kasandra-hernandez-w'),
('34627862-e460-45dd-99d7-5aad716fb609', 'SingleTest', 'Archer', NULL, NULL, 'TST', NULL, 'VAR', NULL, NULL, NULL, NULL, NULL, NULL, NULL, NULL, NULL, NULL, NULL, NULL, NULL, NULL, NULL, NULL, NULL, 'active', 'M', '2025-11-21 04:20:05', NULL, 'test-single-1763727605894'),
('3c5b458b-4d0e-4156-91ad-5b542e631e52', 'Ethan', 'De La Torre', NULL, NULL, 'W', NULL, 'VAR', NULL, NULL, NULL, NULL, NULL, NULL, NULL, NULL, NULL, NULL, NULL, NULL, NULL, NULL, NULL, NULL, NULL, 'active', 'M', '2025-10-07 16:02:48', '2025-10-30 18:48:15', 'ethan-de-la-torre-w'),
('3c7533af-eda1-48c7-b688-3279e75cc697', 'Kyan', 'Shimazu', NULL, NULL, 'T', NULL, 'JV', '["adjani-de-la-riva-dvd"]', NULL, NULL, NULL, NULL, NULL, NULL, NULL, NULL, NULL, NULL, NULL, NULL, NULL, NULL, NULL, NULL, 'active', 'M', '2025-10-07 16:02:48', '2025-11-27 09:29:18', 'kyan-shimazu-t'),
('3d26b6f9-fa15-4c91-8ad8-647ca471df90', 'Jozelynne', 'Rodasguillen', NULL, NULL, 'W', NULL, 'JV', NULL, NULL, NULL, NULL, NULL, NULL, NULL, NULL, NULL, NULL, NULL, NULL, NULL, NULL, NULL, NULL, NULL, 'active', 'F', '2025-10-07 16:02:48', '2025-10-30 18:09:57', 'jozelynne-rodasguillen-w'),
('3edd0f5d-8f17-4e4f-ac72-e5c04d9899b1', 'Terry', 'Adams', NULL, '/wdv/avatars/1764428228_8a08169bedba4f21_full.jpg', 'COA', NULL, 'VAR', '["awishkar-shrestha-w"]', NULL, NULL, NULL, NULL, NULL, NULL, NULL, NULL, NULL, NULL, NULL, NULL, NULL, NULL, NULL, NULL, 'active', 'M', '2025-10-30 18:48:15', '2025-11-29 15:13:42', 'terry-adams-sen'),
('3f799c9b-6a9f-4c71-95e1-98d8305636e1', 'Leah', 'Toji', NULL, NULL, 'W', NULL, 'JV', NULL, NULL, NULL, NULL, NULL, NULL, NULL, NULL, NULL, NULL, NULL, NULL, NULL, NULL, NULL, NULL, NULL, 'active', 'F', '2025-10-07 16:02:48', '2025-10-30 18:09:57', 'leah-toji-w'),
('43e53e92-2d7b-45df-a8fa-c938cdb0f21f', 'Ethan', 'Hernandez', NULL, NULL, 'W', NULL, 'JV', NULL, NULL, NULL, NULL, NULL, NULL, NULL, NULL, NULL, NULL, NULL, NULL, NULL, NULL, NULL, NULL, NULL, 'active', 'M', '2025-10-07 16:02:48', '2025-10-30 18:09:57', 'ethan-hernandez-w'),
('45e4984d-500a-4284-806d-f99da738a410', 'Alejandro', 'Luna', NULL, NULL, 'T', NULL, 'VAR', NULL, NULL, NULL, NULL, NULL, NULL, NULL, NULL, NULL, NULL, NULL, NULL, NULL, NULL, NULL, NULL, NULL, 'active', 'M', '2025-10-07 16:02:48', '2025-10-30 18:48:15', 'alejandro-luna-t'),
('48049306-afa2-4b9b-bafd-eca6cfc4c1ce', 'Vince', 'Dikdan', NULL, NULL, 'W', NULL, 'VAR', NULL, NULL, NULL, NULL, NULL, NULL, NULL, NULL, NULL, NULL, NULL, NULL, NULL, NULL, NULL, NULL, NULL, 'active', 'M', '2025-10-07 16:02:48', '2025-10-30 18:48:15', 'vince-dikdan-w'),
('4a09af1c-5052-4e2b-ac0e-6cdba37986e1', 'Alan', 'Lopez', NULL, NULL, 'W', NULL, 'JV', '["alejandro-luna-t"]', NULL, NULL, NULL, NULL, NULL, NULL, NULL, NULL, NULL, NULL, NULL, NULL, NULL, NULL, NULL, NULL, 'active', 'M', '2025-10-07 16:02:48', '2025-11-21 18:36:51', 'alan-lopez-w'),
('4c77693a-292e-4b9d-bcfa-bd2c05b78f8e', 'Alina', 'Vizcarra', NULL, NULL, 'W', NULL, 'VAR', NULL, NULL, NULL, NULL, NULL, NULL, NULL, NULL, NULL, NULL, NULL, NULL, NULL, NULL, NULL, NULL, NULL, 'active', 'F', '2025-10-07 16:02:48', '2025-10-30 18:48:15', 'alina-vizcarra-w'),
('551112f7-10b4-471c-90f3-50c4eae0d9eb', 'Katelyn', 'Acosta De Lira', NULL, NULL, 'T', NULL, 'JV', NULL, NULL, NULL, NULL, NULL, NULL, NULL, NULL, NULL, NULL, NULL, NULL, NULL, NULL, NULL, NULL, NULL, 'active', 'F', '2025-10-07 16:02:48', '2025-10-30 18:09:57', 'katelyn-acosta-de-lira-t'),
('569fab48-bf83-4097-b176-1d3c4f42e740', 'Tica', 'Facer', NULL, NULL, 'W', NULL, 'JV', NULL, NULL, NULL, NULL, NULL, NULL, NULL, NULL, NULL, NULL, NULL, NULL, NULL, NULL, NULL, NULL, NULL, 'active', 'F', '2025-10-07 16:02:48', '2025-10-30 18:09:57', 'tica-facer-w'),
('572a9013-4805-4928-b4fe-8e42ecc5b9ed', 'Archer3', 'Team2', NULL, NULL, 'TST', NULL, 'VAR', NULL, NULL, NULL, NULL, NULL, NULL, NULL, NULL, NULL, NULL, NULL, NULL, NULL, NULL, NULL, NULL, NULL, 'active', 'F', '2025-11-17 12:56:08', NULL, NULL),
('57575dcf-61f4-4846-9539-152fa7fd4a11', 'Zoey', 'Perez', NULL, NULL, 'W', NULL, 'JV', NULL, NULL, NULL, NULL, NULL, NULL, NULL, NULL, NULL, NULL, NULL, NULL, NULL, NULL, NULL, NULL, NULL, 'active', 'F', '2025-10-07 16:02:48', '2025-10-30 18:09:57', 'zoey-perez-w'),
('5c55e08a-ab6c-4981-8a57-42fc787220ae', 'Shiri', 'Mross', NULL, NULL, 'W', NULL, 'JV', NULL, NULL, NULL, NULL, NULL, NULL, NULL, NULL, NULL, NULL, NULL, NULL, NULL, NULL, NULL, NULL, NULL, 'active', 'F', '2025-10-07 16:02:48', '2025-10-30 18:09:57', 'shiri-mross-w'),
('5df39a1f-c145-4a4a-9326-2344a6cf7814', 'Archer2', 'Team2', NULL, NULL, 'TST', NULL, 'VAR', NULL, NULL, NULL, NULL, NULL, NULL, NULL, NULL, NULL, NULL, NULL, NULL, NULL, NULL, NULL, NULL, NULL, 'active', 'F', '2025-11-17 12:56:08', NULL, NULL),
('61cce540-e45e-4f4b-a68f-1de9ec1d845e', 'Sa’Rih', 'Torrencebella_ngai', NULL, NULL, 'T', NULL, 'JV', NULL, NULL, NULL, NULL, NULL, NULL, NULL, NULL, NULL, NULL, NULL, NULL, NULL, NULL, NULL, NULL, NULL, 'active', 'F', '2025-10-07 16:02:48', '2025-10-30 18:09:57', 'sarih-torrencebellangai-t'),
('632012a7-2645-481c-99cb-fae78be0a72f', 'Brandon', 'Garcia', NULL, NULL, 'W', NULL, 'VAR', NULL, NULL, NULL, NULL, NULL, NULL, NULL, NULL, NULL, NULL, NULL, NULL, NULL, NULL, NULL, NULL, NULL, 'active', 'M', '2025-10-07 16:02:48', '2025-10-30 18:48:15', 'brandon-garcia-w'),
('6549db8f-77d9-4048-866c-4d3d7a1f9b2b', 'Danny', 'Torres', NULL, NULL, 'W', NULL, 'JV', NULL, NULL, NULL, NULL, NULL, NULL, NULL, NULL, NULL, NULL, NULL, NULL, NULL, NULL, NULL, NULL, NULL, 'active', 'M', '2025-10-07 16:02:48', '2025-10-30 18:09:57', 'danny-torres-w'),
('65eb473f-cca2-432a-ba9e-5ac0c64076a9', 'Molly', 'Doran', NULL, NULL, 'T', NULL, 'JV', NULL, NULL, NULL, NULL, NULL, NULL, NULL, NULL, NULL, NULL, NULL, NULL, NULL, NULL, NULL, NULL, NULL, 'active', 'F', '2025-10-07 16:02:48', '2025-10-30 18:09:57', 'molly-doran-t'),
('6a424c72-b16d-4085-8d8b-992065dbb252', 'Vida', 'Vargas', NULL, NULL, 'W', NULL, 'JV', NULL, NULL, NULL, NULL, NULL, NULL, NULL, NULL, NULL, NULL, NULL, NULL, NULL, NULL, NULL, NULL, NULL, 'active', 'F', '2025-10-07 16:02:48', '2025-10-30 18:09:57', 'vida-vargas-w'),
('6a510731-3b23-4b84-b854-ef9e3a4ecaaf', 'SingleTest', 'Archer', NULL, NULL, 'TST', NULL, 'VAR', NULL, NULL, NULL, NULL, NULL, NULL, NULL, NULL, NULL, NULL, NULL, NULL, NULL, NULL, NULL, NULL, NULL, 'active', 'M', '2025-11-21 04:20:40', NULL, 'test-single-1763727640272'),
('6ce2b350-4c31-46f0-aa7c-68b7384dd4db', 'Landon', 'Hines', NULL, NULL, 'T', NULL, 'JV', NULL, NULL, NULL, NULL, NULL, NULL, NULL, NULL, NULL, NULL, NULL, NULL, NULL, NULL, NULL, NULL, NULL, 'active', 'M', '2025-10-07 16:02:48', '2025-10-30 18:09:57', 'landon-hines-t'),
('6d0ead96-9584-44a2-bd42-0cbf28d5f519', 'Angelica', 'Perez', NULL, NULL, 'W', NULL, 'JV', NULL, NULL, NULL, NULL, NULL, NULL, NULL, NULL, NULL, NULL, NULL, NULL, NULL, NULL, NULL, NULL, NULL, 'active', 'F', '2025-10-07 16:02:48', '2025-10-30 18:09:57', 'angelica-perez-w'),
('7477794a-be11-41c1-a2cd-07d441d09d9f', 'Katelyn', 'Acosta', NULL, NULL, '', NULL, '', NULL, NULL, NULL, NULL, NULL, NULL, NULL, NULL, NULL, NULL, NULL, NULL, NULL, NULL, NULL, NULL, NULL, 'active', '', '2025-11-06 16:57:14', NULL, NULL),
('762d0b89-a052-48b0-8921-ed2f646c3735', 'Jaylene', 'Velazquez', NULL, NULL, 'T', NULL, 'JV', NULL, NULL, NULL, NULL, NULL, NULL, NULL, NULL, NULL, NULL, NULL, NULL, NULL, NULL, NULL, NULL, NULL, 'active', 'F', '2025-10-07 16:02:48', '2025-10-30 18:09:57', 'jaylene-velazquez-t'),
('784cb2b8-3769-49e2-a4fe-06e53e7cf837', 'Cruz', 'Briseno', NULL, NULL, 'T', NULL, 'JV', NULL, NULL, NULL, NULL, NULL, NULL, NULL, NULL, NULL, NULL, NULL, NULL, NULL, NULL, NULL, NULL, NULL, 'active', 'M', '2025-10-07 16:02:48', '2025-10-30 18:09:57', 'cruz-briseno-t'),
('7a5fbd06-d9bf-4543-8cee-6ed60dc12dea', 'Team1', 'Archer1', NULL, NULL, 'TST', NULL, 'VAR', NULL, NULL, NULL, NULL, NULL, NULL, NULL, NULL, NULL, NULL, NULL, NULL, NULL, NULL, NULL, NULL, NULL, 'active', 'M', '2025-11-17 11:20:23', NULL, NULL),
('80af14a8-b102-432b-ba1b-b89532dbd4e2', 'Samantha', 'Rodriguez', NULL, NULL, 'T', NULL, 'JV', NULL, NULL, NULL, NULL, NULL, NULL, NULL, NULL, NULL, NULL, NULL, NULL, NULL, NULL, NULL, NULL, NULL, 'active', 'F', '2025-10-07 16:02:48', '2025-10-30 18:09:57', 'samantha-rodriguez-t'),
('892d740c-3718-4881-8d09-93ffc518679e', 'Test', 'Archer2', NULL, NULL, 'TST', NULL, 'VAR', NULL, NULL, NULL, NULL, NULL, NULL, NULL, NULL, NULL, NULL, NULL, NULL, NULL, NULL, NULL, NULL, NULL, 'active', 'F', '2025-11-17 11:19:27', NULL, NULL),
('89560caf-123b-442c-a3be-9d3e57883485', 'Adjani', 'De La Riva', NULL, NULL, 'DVD', NULL, 'VAR', '[]', NULL, NULL, NULL, NULL, NULL, NULL, NULL, NULL, NULL, NULL, NULL, NULL, NULL, NULL, NULL, NULL, 'inactive', 'F', '2025-11-07 09:57:34', '2025-11-17 15:08:03', 'adjani-de-la-riva-dvd'),
('8b2638d2-f727-48c0-a167-8f0689119ee6', 'Maggie', 'Zakrzewski', NULL, NULL, 'W', NULL, 'JV', NULL, NULL, NULL, NULL, NULL, NULL, NULL, NULL, NULL, NULL, NULL, NULL, NULL, NULL, NULL, NULL, NULL, 'active', 'F', '2025-10-07 16:02:48', '2025-10-30 18:09:57', 'maggie-zakrzewski-w'),
('8ddc8d62-afbe-472e-a7bd-20a5ee3c9dd1', 'Caio', 'Lalau', NULL, NULL, 'T', NULL, 'JV', NULL, NULL, NULL, NULL, NULL, NULL, NULL, NULL, NULL, NULL, NULL, NULL, NULL, NULL, NULL, NULL, NULL, 'active', 'M', '2025-10-07 16:02:48', '2025-10-30 18:09:57', 'caio-lalau-t'),
('91ae090c-2299-4ee5-85e6-fd8efd7848e1', 'Luke', 'Garr', NULL, NULL, 'T', NULL, 'VAR', NULL, NULL, NULL, NULL, NULL, NULL, NULL, NULL, NULL, NULL, NULL, NULL, NULL, NULL, NULL, NULL, NULL, 'active', 'M', '2025-10-07 16:02:48', '2025-10-30 18:48:15', 'luke-garr-t'),
('9878df28-7cbb-4090-b904-d78499f55fac', 'Eden', 'Jonick', NULL, NULL, 'W', NULL, 'JV', NULL, NULL, NULL, NULL, NULL, NULL, NULL, NULL, NULL, NULL, NULL, NULL, NULL, NULL, NULL, NULL, NULL, 'active', 'F', '2025-10-07 16:02:48', '2025-10-30 18:09:57', 'eden-jonick-w'),
('9a163c17-230a-4839-a7f5-b52ae7876eb5', 'Haley', 'Mills', NULL, NULL, 'T', NULL, 'JV', NULL, NULL, NULL, NULL, NULL, NULL, NULL, NULL, NULL, NULL, NULL, NULL, NULL, NULL, NULL, NULL, NULL, 'active', 'F', '2025-10-07 16:02:48', '2025-10-30 18:09:57', 'haley-mills-t'),
('9b95d9eb-e766-447d-bc77-65f25b7e1c20', 'Salvador', 'Arredondo', NULL, NULL, 'W', NULL, 'VAR', NULL, NULL, NULL, NULL, NULL, NULL, NULL, NULL, NULL, NULL, NULL, NULL, NULL, NULL, NULL, NULL, NULL, 'active', 'M', '2025-10-07 16:02:48', '2025-10-30 18:48:15', 'salvador-arredondo-w'),
('a27bd9e2-b07b-4455-a9a0-805a9f5252f7', 'Solana', 'Tsai', NULL, NULL, 'T', NULL, 'JV', NULL, NULL, NULL, NULL, NULL, NULL, NULL, NULL, NULL, NULL, NULL, NULL, NULL, NULL, NULL, NULL, NULL, 'active', 'F', '2025-10-07 16:02:48', '2025-10-30 18:09:57', 'solana-tsai-t'),
('a383dc6e-e45c-4ef3-b7d4-0c52eaefe4bb', 'Lux', 'Rojas', NULL, NULL, 'T', NULL, 'JV', NULL, NULL, NULL, NULL, NULL, NULL, NULL, NULL, NULL, NULL, NULL, NULL, NULL, NULL, NULL, NULL, NULL, 'active', 'F', '2025-10-07 16:02:48', '2025-10-30 18:09:57', 'lux-rojas-t'),
('a3be9dc0-9ce6-43dd-9c96-00f2bdcf730d', 'Archer1', 'Team2', NULL, NULL, 'TST', NULL, 'VAR', NULL, NULL, NULL, NULL, NULL, NULL, NULL, NULL, NULL, NULL, NULL, NULL, NULL, NULL, NULL, NULL, NULL, 'active', 'F', '2025-11-17 12:56:08', NULL, NULL),
('a6615802-49db-4c41-ba66-3c8f37808c1f', 'Natalia', 'Montalvo', NULL, NULL, 'W', NULL, 'JV', NULL, NULL, NULL, NULL, NULL, NULL, NULL, NULL, NULL, NULL, NULL, NULL, NULL, NULL, NULL, NULL, NULL, 'active', 'F', '2025-10-07 16:02:48', '2025-10-30 18:09:57', 'natalia-montalvo-w'),
('ac06a059-60c0-4633-ae60-0cb908bcf738', 'Caleb', 'Croft', NULL, NULL, 'W', NULL, 'JV', NULL, NULL, NULL, NULL, NULL, NULL, NULL, NULL, NULL, NULL, NULL, NULL, NULL, NULL, NULL, NULL, NULL, 'active', 'M', '2025-10-07 16:02:48', '2025-10-30 18:09:57', 'caleb-croft-w'),
('ad0b29a7-024c-4973-a4cd-df7b9f1a4116', 'Verify', 'Test', NULL, NULL, 'T', NULL, 'JV', NULL, NULL, NULL, NULL, NULL, NULL, NULL, NULL, NULL, NULL, NULL, NULL, NULL, NULL, NULL, NULL, NULL, 'active', 'M', '2025-11-04 14:36:24', NULL, 'test-verify-123'),
('af4f8661-c0be-48d7-a150-c982afad4fe2', 'Malachi', 'Lawson', NULL, NULL, 'T', NULL, 'JV', NULL, NULL, NULL, NULL, NULL, NULL, NULL, NULL, NULL, NULL, NULL, NULL, NULL, NULL, NULL, NULL, NULL, 'active', 'M', '2025-10-07 16:02:48', '2025-10-30 18:09:57', 'malachi-lawson-t'),
('afd98f98-eff4-40fc-82bc-6e5aae351dd5', 'Ashriya', 'Milton', NULL, NULL, 'W', NULL, 'JV', NULL, NULL, NULL, NULL, NULL, NULL, NULL, NULL, NULL, NULL, NULL, NULL, NULL, NULL, NULL, NULL, NULL, 'active', 'F', '2025-10-07 16:02:48', '2025-10-30 18:09:57', 'ashriya-milton-w'),
('b316adba-ff21-4ef7-a120-1087083415f8', 'Bella', 'Ngai', NULL, NULL, 'W', NULL, 'JV', NULL, NULL, NULL, NULL, NULL, NULL, NULL, NULL, NULL, NULL, NULL, NULL, NULL, NULL, NULL, NULL, NULL, 'active', 'F', '2025-10-07 16:02:48', '2025-10-30 18:09:57', 'bella-ngai-w'),
('b8afc11a-bb1c-4c5d-9225-a04c2ae857c9', 'Awishkar', 'Shrestha', NULL, NULL, 'W', NULL, 'JV', NULL, NULL, NULL, NULL, NULL, NULL, NULL, NULL, NULL, NULL, NULL, NULL, NULL, NULL, NULL, NULL, NULL, 'active', 'M', '2025-10-07 16:02:48', '2025-10-30 18:09:57', 'awishkar-shrestha-w'),
('be6fac62-5467-45cc-a422-ef055de05e65', 'Workflow', 'Test Archer', NULL, NULL, 'TST', NULL, 'VAR', NULL, NULL, NULL, NULL, NULL, NULL, NULL, NULL, NULL, NULL, NULL, NULL, NULL, NULL, NULL, NULL, NULL, 'active', 'M', '2025-11-01 13:41:01', NULL, NULL),
('c11a6236-cff9-4933-bb61-75188731ba7f', 'Archer3', 'Team1', NULL, NULL, 'TST', NULL, 'VAR', NULL, NULL, NULL, NULL, NULL, NULL, NULL, NULL, NULL, NULL, NULL, NULL, NULL, NULL, NULL, NULL, NULL, 'active', 'M', '2025-11-17 12:56:08', NULL, NULL),
('c162420c-16ab-4054-82b9-766962a63cd8', 'Elijah', 'Fykes', NULL, NULL, 'W', NULL, 'JV', NULL, NULL, NULL, NULL, NULL, NULL, NULL, NULL, NULL, NULL, NULL, NULL, NULL, NULL, NULL, NULL, NULL, 'active', 'M', '2025-10-07 16:02:48', '2025-10-30 18:09:57', 'elijah-fykes-w'),
('c25bb4c4-b5f8-47b0-bb48-4be3b5d490b0', 'Sarah', 'Coach', NULL, NULL, 'COA', NULL, 'VAR', NULL, NULL, NULL, NULL, NULL, NULL, NULL, NULL, NULL, NULL, NULL, NULL, NULL, NULL, NULL, NULL, NULL, 'active', 'F', '2025-10-31 19:53:57', NULL, 'sarah-coach-coa'),
('c5ea8014-e6a0-4175-ad0a-53deeb12c568', 'Test', 'Archer1', NULL, NULL, 'TST', NULL, 'VAR', NULL, NULL, NULL, NULL, NULL, NULL, NULL, NULL, NULL, NULL, NULL, NULL, NULL, NULL, NULL, NULL, NULL, 'active', 'M', '2025-11-17 11:19:19', NULL, NULL),
('c60a1695-1660-4178-a442-63537c1529b6', 'Giselle', 'Gomez', NULL, NULL, 'T', NULL, 'JV', NULL, NULL, NULL, NULL, NULL, NULL, NULL, NULL, NULL, NULL, NULL, NULL, NULL, NULL, NULL, NULL, NULL, 'active', 'F', '2025-10-07 16:02:48', '2025-10-30 18:09:57', 'giselle-gomez-t'),
('c95f43d5-14ba-42c7-9c9b-83566efa0d75', 'Alaya', 'Johnson', 'Lay', NULL, 'W', NULL, 'JV', NULL, NULL, NULL, NULL, NULL, NULL, NULL, NULL, NULL, NULL, NULL, NULL, NULL, NULL, NULL, NULL, NULL, 'active', 'F', '2025-10-28 17:51:53', '2025-11-03 22:09:46', 'Alaya-(lay) Johnson'),
('ca21be3e-7303-4f03-b833-0f277815a98c', 'Ethan', 'Johnson', NULL, NULL, 'T', NULL, 'JV', NULL, NULL, NULL, NULL, NULL, NULL, NULL, NULL, NULL, NULL, NULL, NULL, NULL, NULL, NULL, NULL, NULL, 'active', 'M', '2025-10-07 16:02:48', '2025-10-30 18:09:57', 'ethan-johnson-t'),
('cdc51893-44ee-4adb-b4bb-812d17ab4674', 'SingleTest', 'Archer', NULL, NULL, 'TST', NULL, 'VAR', NULL, NULL, NULL, NULL, NULL, NULL, NULL, NULL, NULL, NULL, NULL, NULL, NULL, NULL, NULL, NULL, NULL, 'active', 'M', '2025-11-21 03:42:05', NULL, ''),
('d29f88b9-caa9-4ec4-98c4-54233f495db7', 'Mikaylah', 'Araujo', NULL, NULL, 'T', NULL, 'JV', NULL, NULL, NULL, NULL, NULL, NULL, NULL, NULL, NULL, NULL, NULL, NULL, NULL, NULL, NULL, NULL, NULL, 'active', 'F', '2025-10-07 16:02:48', '2025-10-30 18:09:57', 'mikaylah-araujo-t'),
('d50261c2-5185-4c00-ba74-37510c2c229a', 'Jennelle', 'Parks', NULL, NULL, 'T', NULL, 'VAR', NULL, NULL, NULL, NULL, NULL, NULL, NULL, NULL, NULL, NULL, NULL, NULL, NULL, NULL, NULL, NULL, NULL, 'active', 'F', '2025-10-07 16:02:48', '2025-10-30 18:48:15', 'jennelle-parks-t'),
('d6a82854-08d8-4ebd-a33c-f26eafbb067a', 'Adjani', 'De La Riva', NULL, '/wdv/avatars/1763703587_276a5a49a7e842f0_full.jpg', 'W', NULL, 'JV', '["adjani-de-la-riva-dvd","alina-vizcarra-w","amelie-casillas-w"]', 'RT', 'RT', NULL, NULL, NULL, NULL, NULL, NULL, NULL, NULL, NULL, NULL, NULL, NULL, NULL, NULL, 'active', 'F', '2025-10-07 16:02:48', '2025-11-20 21:39:51', 'adjani-de-la-riva-w'),
('d6e17810-489a-49b2-8b5a-58a6fc59884c', 'Levi', 'Meeker', NULL, NULL, 'W', NULL, 'JV', NULL, NULL, NULL, NULL, NULL, NULL, NULL, NULL, NULL, NULL, NULL, NULL, NULL, NULL, NULL, NULL, NULL, 'active', 'M', '2025-10-07 16:02:48', '2025-10-30 18:09:57', 'levi-meeker-w'),
('da48eac8-8c9a-468c-9569-01e66e1d3863', 'Natalia', 'Luna', NULL, NULL, 'T', NULL, 'JV', NULL, NULL, NULL, NULL, NULL, NULL, NULL, NULL, NULL, NULL, NULL, NULL, NULL, NULL, NULL, NULL, NULL, 'active', 'F', '2025-10-07 16:02:48', '2025-10-30 18:09:57', 'natalia-luna-t'),
('db2d299e-9760-44c0-9b57-f79a7de46f51', 'Joslyn', 'Chua', NULL, NULL, 'W', NULL, 'JV', NULL, NULL, NULL, NULL, NULL, NULL, NULL, NULL, NULL, NULL, NULL, NULL, NULL, NULL, NULL, NULL, NULL, 'active', 'F', '2025-10-07 16:02:48', '2025-10-30 18:09:57', 'joslyn-chua-w'),
('e743dfed-f6e8-493b-a3b5-cbf6079db6bd', 'Leo', 'Hernandez', NULL, NULL, 'T', NULL, 'JV', NULL, NULL, NULL, NULL, NULL, NULL, NULL, NULL, NULL, NULL, NULL, NULL, NULL, NULL, NULL, NULL, NULL, 'active', 'M', '2025-10-07 16:02:48', '2025-10-30 18:09:57', 'leo-hernandez-t'),
('e83489e0-cbe5-49e2-8a7f-cbd5a5346744', 'SingleTest', 'Archer', NULL, NULL, 'TST', NULL, 'VAR', NULL, NULL, NULL, NULL, NULL, NULL, NULL, NULL, NULL, NULL, NULL, NULL, NULL, NULL, NULL, NULL, NULL, 'active', 'M', '2025-11-21 04:18:54', NULL, 'test-single-1763727534832'),
('eaa7e802-64de-4a07-bb71-8b06f4fc9d5a', 'Cooper', 'Colinsky', NULL, NULL, 'W', NULL, 'VAR', NULL, NULL, NULL, NULL, NULL, NULL, NULL, NULL, NULL, NULL, NULL, NULL, NULL, NULL, NULL, NULL, NULL, 'active', 'M', '2025-10-07 16:02:48', '2025-10-30 18:48:15', 'cooper-colinsky-w'),
('eda90ff5-9f82-4b21-a0ef-7c2d971b02df', 'Jasper', 'Peterson', NULL, NULL, 'W', NULL, 'JV', NULL, NULL, NULL, NULL, NULL, NULL, NULL, NULL, NULL, NULL, NULL, NULL, NULL, NULL, NULL, NULL, NULL, 'active', 'M', '2025-10-07 16:02:48', '2025-10-30 18:09:57', 'jasper-peterson-w'),
('edffea21-d5b9-44b6-85a5-e3e0f238c7b6', 'Melanie', 'Jimenez', NULL, NULL, 'W', NULL, 'JV', NULL, NULL, NULL, NULL, NULL, NULL, NULL, NULL, NULL, NULL, NULL, NULL, NULL, NULL, NULL, NULL, NULL, 'active', 'F', '2025-10-07 16:02:48', '2025-10-30 18:09:57', 'melanie-jimenez-w'),
('ee2e8fac-800b-4d18-be32-c4326169b7af', 'Isabella', 'Diaz', NULL, NULL, 'W', NULL, 'JV', NULL, NULL, NULL, NULL, NULL, NULL, NULL, NULL, NULL, NULL, NULL, NULL, NULL, NULL, NULL, NULL, NULL, 'active', 'F', '2025-10-07 16:02:48', '2025-10-30 18:09:57', 'isabella-diaz-w'),
('f0501017-9d98-416e-b95a-bb43d57892a8', 'Ellyse', 'Legaspi', NULL, NULL, 'W', NULL, 'VAR', NULL, NULL, NULL, NULL, NULL, NULL, NULL, NULL, NULL, NULL, NULL, NULL, NULL, NULL, NULL, NULL, NULL, 'active', 'F', '2025-10-07 16:02:48', '2025-10-30 18:48:15', 'ellyse-legaspi-w'),
('f0b91075-f2d4-4709-9333-d5663a511e43', 'Archer2', 'Team1', NULL, NULL, 'TST', NULL, 'VAR', NULL, NULL, NULL, NULL, NULL, NULL, NULL, NULL, NULL, NULL, NULL, NULL, NULL, NULL, NULL, NULL, NULL, 'active', 'M', '2025-11-17 12:56:08', NULL, NULL),
('f425ccf4-967c-4ae6-a3e7-f80eccab8989', 'Hawkeye', 'Barton', NULL, NULL, 'SEN', 'GRAD', 'VAR', '[]', NULL, NULL, NULL, NULL, NULL, NULL, NULL, NULL, NULL, NULL, NULL, NULL, NULL, NULL, NULL, NULL, 'active', 'M', '2025-11-01 13:52:06', '2025-11-06 12:58:26', 'hawkeye-barton'),
('f59e1f78-c6d6-44d1-bc3a-70dc7c656d50', 'Verina', 'Saeed', NULL, NULL, 'W', NULL, 'JV', NULL, NULL, NULL, NULL, NULL, NULL, NULL, NULL, NULL, NULL, NULL, NULL, NULL, NULL, NULL, NULL, NULL, 'active', 'F', '2025-10-07 16:02:48', '2025-10-30 18:09:57', 'verina-saeed-w'),
('f6c6da50-e204-4649-8ff1-d4eb9aaac9eb', 'Victoria', 'Salcedo', NULL, NULL, 'W', NULL, 'JV', NULL, NULL, NULL, NULL, NULL, NULL, NULL, NULL, NULL, NULL, NULL, NULL, NULL, NULL, NULL, NULL, NULL, 'active', 'F', '2025-10-07 16:02:48', '2025-10-30 18:09:57', 'victoria-salcedo-w'),
('f97ac500-a101-40b4-b39e-eceab3962e57', 'Liana', 'Bils', NULL, NULL, 'W', NULL, 'VAR', NULL, NULL, NULL, NULL, NULL, NULL, NULL, NULL, NULL, NULL, NULL, NULL, NULL, NULL, NULL, NULL, NULL, 'active', 'F', '2025-10-07 16:02:48', '2025-10-30 18:48:15', 'liana-bils-w'),
('feb34fa4-fdd5-4d79-a2b1-7182eebabb06', 'Joseph', 'McCorkle', NULL, NULL, 'T', NULL, 'JV', NULL, NULL, NULL, NULL, NULL, NULL, NULL, NULL, NULL, NULL, NULL, NULL, NULL, NULL, NULL, NULL, NULL, 'active', 'M', '2025-10-07 16:02:48', '2025-10-30 18:09:57', 'joseph-mccorkle-t');
UNLOCK TABLES;

-- Table structure for `bracket_entries`
DROP TABLE IF EXISTS `bracket_entries`;
CREATE TABLE `bracket_entries` (
  `id` char(36) COLLATE utf8mb4_general_ci NOT NULL,
  `bracket_id` char(36) COLLATE utf8mb4_general_ci NOT NULL,
  `entry_type` enum('ARCHER','TEAM') COLLATE utf8mb4_general_ci NOT NULL,
  `archer_id` char(36) COLLATE utf8mb4_general_ci DEFAULT NULL COMMENT 'For solo brackets',
  `school_id` char(36) COLLATE utf8mb4_general_ci DEFAULT NULL COMMENT 'For team brackets (team = school). For Mixed Var, coach selects archers manually.',
  `seed_position` int DEFAULT NULL COMMENT 'For elimination: 1-8. For swiss: NULL (random)',
  `swiss_wins` int DEFAULT '0' COMMENT 'For swiss: win count',
  `swiss_losses` int DEFAULT '0' COMMENT 'For swiss: loss count',
  `swiss_points` int DEFAULT '0' COMMENT 'For swiss: total points (wins - losses)',
  `created_at` timestamp NULL DEFAULT CURRENT_TIMESTAMP,
  PRIMARY KEY (`id`),
  KEY `idx_bracket` (`bracket_id`),
  KEY `idx_archer` (`archer_id`),
  KEY `idx_school` (`school_id`),
  KEY `idx_seed` (`seed_position`),
  CONSTRAINT `bracket_entries_ibfk_1` FOREIGN KEY (`bracket_id`) REFERENCES `brackets` (`id`) ON DELETE CASCADE
) ENGINE=InnoDB DEFAULT CHARSET=utf8mb4 COLLATE=utf8mb4_general_ci;

-- No data in table `bracket_entries`

-- Table structure for `brackets`
DROP TABLE IF EXISTS `brackets`;
CREATE TABLE `brackets` (
  `id` char(36) COLLATE utf8mb4_general_ci NOT NULL,
  `event_id` char(36) COLLATE utf8mb4_general_ci NOT NULL,
  `bracket_type` enum('SOLO','TEAM') COLLATE utf8mb4_general_ci NOT NULL,
  `bracket_format` enum('ELIMINATION','SWISS') COLLATE utf8mb4_general_ci NOT NULL,
  `division` varchar(10) COLLATE utf8mb4_general_ci NOT NULL COMMENT 'BV, BJV, GV, GJV, or MIXED_VAR for team',
  `bracket_size` int DEFAULT '8' COMMENT 'For elimination: always 8. For swiss: max participants',
  `status` varchar(20) COLLATE utf8mb4_general_ci DEFAULT 'OPEN' COMMENT 'OPEN, IN_PROGRESS, COMPLETED',
  `created_at` timestamp NULL DEFAULT CURRENT_TIMESTAMP,
  `created_by` varchar(100) COLLATE utf8mb4_general_ci DEFAULT NULL,
  `updated_at` timestamp NULL DEFAULT CURRENT_TIMESTAMP ON UPDATE CURRENT_TIMESTAMP,
  PRIMARY KEY (`id`),
  KEY `idx_event` (`event_id`),
  KEY `idx_type_format` (`bracket_type`,`bracket_format`,`division`),
  KEY `idx_status` (`status`),
  CONSTRAINT `brackets_ibfk_1` FOREIGN KEY (`event_id`) REFERENCES `events` (`id`) ON DELETE CASCADE
) ENGINE=InnoDB DEFAULT CHARSET=utf8mb4 COLLATE=utf8mb4_general_ci;

-- Data for table `brackets` (3 rows)
LOCK TABLES `brackets` WRITE;
INSERT INTO `brackets` (`id`, `event_id`, `bracket_type`, `bracket_format`, `division`, `bracket_size`, `status`, `created_at`, `created_by`, `updated_at`) VALUES
('75e32eac-f106-458d-9ae6-f5af90d5faa5', '1cacab15-0975-48ce-ae5b-4b62ca1dbfbb', 'SOLO', 'SWISS', 'BV', '5', 'OPEN', '2025-11-29 20:47:59', 'Coach', '2025-11-29 20:47:59'),
('888cd493-f82a-4be1-85ee-93f772bcb6b8', '26050729-c865-4de8-83e3-7efa150cc703', 'SOLO', 'ELIMINATION', 'GV', '8', 'IN_PROGRESS', '2025-11-29 20:15:56', 'Coach', '2025-11-29 20:18:23'),
('b5a44b55-6f79-421b-8345-e705cc31b2ae', '26050729-c865-4de8-83e3-7efa150cc703', 'SOLO', 'ELIMINATION', 'BV', '8', 'OPEN', '2025-11-29 19:20:40', 'Coach', '2025-11-29 19:20:40');
UNLOCK TABLES;

-- Table structure for `end_events`
DROP TABLE IF EXISTS `end_events`;
CREATE TABLE `end_events` (
  `id` char(36) COLLATE utf8mb4_general_ci NOT NULL,
  `round_id` char(36) COLLATE utf8mb4_general_ci NOT NULL,
  `round_archer_id` char(36) COLLATE utf8mb4_general_ci NOT NULL,
  `end_number` int NOT NULL,
  `a1` varchar(3) COLLATE utf8mb4_general_ci DEFAULT NULL,
  `a2` varchar(3) COLLATE utf8mb4_general_ci DEFAULT NULL,
  `a3` varchar(3) COLLATE utf8mb4_general_ci DEFAULT NULL,
  `end_total` int DEFAULT NULL,
  `running_total` int DEFAULT NULL,
  `tens` int DEFAULT NULL,
  `xs` int DEFAULT NULL,
  `device_ts` datetime DEFAULT NULL,
  `server_ts` datetime NOT NULL DEFAULT CURRENT_TIMESTAMP,
  PRIMARY KEY (`id`),
  UNIQUE KEY `uq_ra_end` (`round_archer_id`,`end_number`),
  KEY `idx_ev_round` (`round_id`,`end_number`),
  KEY `idx_ev_ts` (`server_ts`),
  KEY `idx_ev_round_ts` (`round_id`,`server_ts`),
  KEY `idx_end_round_archer` (`round_archer_id`,`end_number`),
  CONSTRAINT `fk_ev_ra` FOREIGN KEY (`round_archer_id`) REFERENCES `round_archers` (`id`) ON DELETE CASCADE,
  CONSTRAINT `fk_ev_round` FOREIGN KEY (`round_id`) REFERENCES `rounds` (`id`) ON DELETE CASCADE
) ENGINE=InnoDB DEFAULT CHARSET=utf8mb4 COLLATE=utf8mb4_general_ci;

-- Data for table `end_events` (340 rows)
LOCK TABLES `end_events` WRITE;
INSERT INTO `end_events` (`id`, `round_id`, `round_archer_id`, `end_number`, `a1`, `a2`, `a3`, `end_total`, `running_total`, `tens`, `xs`, `device_ts`, `server_ts`) VALUES
('010885e6-ee06-4113-9286-f81dbd245cae', '58589e75-28ef-4e9d-a8a3-eeeae918c29d', 'bd58cf3c-146f-4664-8338-ceb38e45932b', '4', '7', 'X', '8', '25', '102', '1', '1', '2025-11-30 04:03:20', '2025-11-29 20:03:20'),
('0110cf43-6620-42e4-8aa3-e4ab9a0eaf59', '11930632-98f0-4b1b-9acf-6da1edb058ec', '8d5d4b9e-830a-4271-81b0-2a7b46939066', '9', '7', '7', '7', '21', '205', '0', '0', '2025-11-30 04:12:08', '2025-11-29 20:12:08'),
('014464bb-f7be-4e2e-b35a-253e400ed94d', '14119bd4-635f-4afb-a4f5-b9d9e715a36e', 'ea948c31-f59b-45a7-90a9-919213676908', '6', '6', '6', '6', '18', '63', '0', '0', '2025-11-30 08:49:07', '2025-11-30 00:49:07'),
('01d2f116-d967-43ce-b326-1220cde56aae', '14119bd4-635f-4afb-a4f5-b9d9e715a36e', '2c609e88-dc14-42b0-9bf4-497e36a547e3', '1', '1', '1', '1', '3', '3', '0', '0', '2025-11-30 08:48:34', '2025-11-30 00:48:34'),
('01fbcd3e-192e-4164-be07-dc6ded880c1e', '60f3ce29-da05-470b-9cab-ab715af4a82e', 'f3ea383b-fc53-49cb-9b39-98a50a3fd294', '2', '4', '4', '4', '12', '36', '0', '0', '2025-11-30 09:42:12', '2025-11-30 01:42:12'),
('01fd6487-b71f-4c73-b9e3-bc10fabf7333', '60f3ce29-da05-470b-9cab-ab715af4a82e', 'f3ea383b-fc53-49cb-9b39-98a50a3fd294', '4', '10', '10', '10', '30', '96', '3', '0', '2025-11-30 09:42:32', '2025-11-30 01:42:32'),
('0278266c-7e4f-43c4-bd6b-d06875524c07', '11930632-98f0-4b1b-9acf-6da1edb058ec', '413c1c53-f871-4c81-8d79-f6645455929c', '1', '7', '7', '7', '21', '21', '0', '0', '2025-11-30 04:13:01', '2025-11-29 20:13:01'),
('03f7f79d-e158-4bf0-84bd-82dcfbd92851', '58589e75-28ef-4e9d-a8a3-eeeae918c29d', 'afd5b437-4a27-4b3b-afba-cc5001198169', '10', '7', '7', '7', '21', '216', '0', '0', '2025-11-30 03:50:11', '2025-11-29 19:50:11'),
('0503ea82-3bba-481b-a67c-109d31ad66c3', '14119bd4-635f-4afb-a4f5-b9d9e715a36e', '3ee79b19-2b58-4728-9c10-b0c8354ca3ca', '8', '8', '8', '8', '24', '117', '0', '0', '2025-11-30 08:48:10', '2025-11-30 00:48:10'),
('054f819a-e63d-4623-b036-5a1026309131', '11930632-98f0-4b1b-9acf-6da1edb058ec', 'fbdb9038-d26a-425f-83cd-116ce5255fe2', '1', '7', '7', '7', '21', '21', '0', '0', '2025-11-30 04:10:52', '2025-11-29 20:10:52'),
('0662c2c1-f863-44c9-a837-1242a04b9a0b', '58589e75-28ef-4e9d-a8a3-eeeae918c29d', 'ab16bfdf-4a05-4153-bed1-c90b5e487e15', '10', '7', '7', '7', '21', '225', '0', '0', '2025-11-30 03:50:11', '2025-11-29 19:50:11'),
('06b0dc03-024c-4f31-b879-029f774c87bb', '60f3ce29-da05-470b-9cab-ab715af4a82e', '1be4d494-fd1b-44bd-9deb-7933311d885c', '6', '7', '7', '7', '21', '153', '0', '0', '2025-11-30 09:42:43', '2025-11-30 01:42:43'),
('07653f31-f148-46bb-a8af-6c1c464d3830', '4f696cd2-b7ec-400e-9f08-ccc1bb6dce3d', '604555de-a9a0-45d8-b2cc-678e43cb0934', '4', '10', '7', '7', '24', '114', '1', '0', '2025-11-30 08:41:42', '2025-11-30 00:41:42'),
('081db505-2e1c-4a50-8eea-56d21d045897', '58589e75-28ef-4e9d-a8a3-eeeae918c29d', '099f27a6-5e67-4fcb-944e-90955690115d', '3', '8', '7', '7', '22', '80', '0', '0', '2025-11-30 04:03:11', '2025-11-29 20:03:11'),
('0ace2385-61ad-4b55-bda8-042b91f2988c', '38c860f7-1afb-4df1-b91d-07aebc44f84f', 'a11b507c-bc5c-4d09-8a4a-6dd43d4fe846', '7', '8', '7', '7', '22', '173', '0', '0', NULL, '2025-11-30 01:19:50'),
('0b41d498-6bba-4834-adfc-22e80c8d6c59', '58589e75-28ef-4e9d-a8a3-eeeae918c29d', 'bd58cf3c-146f-4664-8338-ceb38e45932b', '5', 'X', '7', '6', '23', '125', '1', '1', '2025-11-30 04:03:27', '2025-11-29 20:03:27'),
('0b60b61d-fd6a-470a-980d-479a7bc1dfe7', '11930632-98f0-4b1b-9acf-6da1edb058ec', 'f4bf91db-383c-4ab1-b52a-d39608848439', '6', '7', '7', '7', '21', '100', '0', '0', '2025-11-30 04:14:58', '2025-11-29 20:14:58'),
('0bc267c4-5576-41c0-8866-61fb1ebcfcd0', '58589e75-28ef-4e9d-a8a3-eeeae918c29d', 'ab16bfdf-4a05-4153-bed1-c90b5e487e15', '9', '7', '7', '7', '21', '204', '0', '0', '2025-11-30 03:50:07', '2025-11-29 19:50:07'),
('0bdc75ea-2f4f-4e1a-8fa4-bc2507926f16', '11930632-98f0-4b1b-9acf-6da1edb058ec', 'f4bf91db-383c-4ab1-b52a-d39608848439', '7', '6', '6', '9', '21', '121', '0', '0', '2025-11-30 04:15:04', '2025-11-29 20:15:04'),
('0bf884ac-1283-4a2e-a4b6-009e7dea6580', '11930632-98f0-4b1b-9acf-6da1edb058ec', 'fbdb9038-d26a-425f-83cd-116ce5255fe2', '3', '7', '3', '3', '13', '52', '0', '0', '2025-11-30 04:11:10', '2025-11-29 20:11:10'),
('0c4a55ab-adf7-4d83-8c6b-1aee4c1158b0', '14119bd4-635f-4afb-a4f5-b9d9e715a36e', '3ee79b19-2b58-4728-9c10-b0c8354ca3ca', '5', '5', '5', '5', '15', '45', '0', '0', '2025-11-30 08:49:01', '2025-11-30 00:49:01'),
('0c96c0fa-cab0-4da0-a585-4b2a059a2f07', '14119bd4-635f-4afb-a4f5-b9d9e715a36e', '135d8357-3d35-4910-9ca7-8ac0249870fc', '10', '10', '10', '10', '30', '174', '3', '0', '2025-11-30 08:48:22', '2025-11-30 00:48:22'),
('0d66c0dc-4289-4809-bab6-d9a1a5931f24', '4f696cd2-b7ec-400e-9f08-ccc1bb6dce3d', '604555de-a9a0-45d8-b2cc-678e43cb0934', '8', '6', '6', '6', '18', '186', '0', '0', '2025-11-30 08:16:30', '2025-11-30 00:16:30'),
('0d72764c-2a3a-4685-88d4-92f7253974f1', '11930632-98f0-4b1b-9acf-6da1edb058ec', '469a5a29-5940-4c8f-8f51-f1ed9839c4ea', '10', '7', '7', '10', '24', '168', '1', '0', '2025-11-30 04:15:30', '2025-11-29 20:15:30'),
('0d9e2715-1483-4546-8476-65d3f49e5ffe', '14119bd4-635f-4afb-a4f5-b9d9e715a36e', '135d8357-3d35-4910-9ca7-8ac0249870fc', '2', '2', '2', '2', '6', '9', '0', '0', '2025-11-30 08:48:40', '2025-11-30 00:48:40'),
('0e242414-0a42-45b0-8d09-4645d5867742', '11930632-98f0-4b1b-9acf-6da1edb058ec', '15a3f860-d034-4414-af0b-c0cb2463f958', '7', '5', '5', '6', '16', '136', '0', '0', '2025-11-30 04:15:03', '2025-11-29 20:15:03'),
('0e8546a7-0842-4b8e-8ffa-8d50a02ab529', '38c860f7-1afb-4df1-b91d-07aebc44f84f', 'a11b507c-bc5c-4d09-8a4a-6dd43d4fe846', '5', '9', '7', '6', '22', '127', '0', '0', NULL, '2025-11-30 01:19:50'),
('0f2db44f-c770-473f-b7f1-a2b198b56117', '58589e75-28ef-4e9d-a8a3-eeeae918c29d', 'de9835a0-3f4a-4cb1-b211-dd6b974e57d1', '1', '6', '6', '6', '18', '18', '0', '0', '2025-11-30 03:40:46', '2025-11-29 19:40:46'),
('0f994913-af37-45d3-b7f5-9d91d04d3403', '60f3ce29-da05-470b-9cab-ab715af4a82e', 'f3ea383b-fc53-49cb-9b39-98a50a3fd294', '8', '6', '6', '6', '18', '186', '0', '0', '2025-11-30 09:42:55', '2025-11-30 01:42:55'),
('0fc490d6-f101-4f7e-8ca4-17d3c63e5b96', '58589e75-28ef-4e9d-a8a3-eeeae918c29d', 'de9835a0-3f4a-4cb1-b211-dd6b974e57d1', '8', '7', '7', '7', '21', '175', '0', '0', '2025-11-30 03:50:03', '2025-11-29 19:50:03'),
('100a1370-e404-4106-9354-503b9337643b', '4f696cd2-b7ec-400e-9f08-ccc1bb6dce3d', '604555de-a9a0-45d8-b2cc-678e43cb0934', '5', '10', '10', '10', '30', '120', '3', '0', '2025-11-30 08:16:14', '2025-11-30 00:16:14'),
('10c083f7-5a92-480e-883b-e7a417968003', '58589e75-28ef-4e9d-a8a3-eeeae918c29d', 'c42f5710-3880-4ac5-824c-87c1257212b9', '9', '7', '7', '7', '21', '189', '0', '0', '2025-11-30 03:50:05', '2025-11-29 19:50:05'),
('12fd54ae-83d3-4f3d-966a-d8827ad065cb', '4f696cd2-b7ec-400e-9f08-ccc1bb6dce3d', '71daa3e2-5790-4f93-adb0-bbcff21e9b63', '8', '6', '6', '6', '18', '186', '0', '0', '2025-11-30 08:16:31', '2025-11-30 00:16:31'),
('1371645e-d3d6-4254-bed2-2955df71c77e', '58589e75-28ef-4e9d-a8a3-eeeae918c29d', '05a1afff-d995-46e0-a9d7-ccf45c13613a', '2', '6', '6', '6', '18', '39', '0', '0', '2025-11-30 04:05:02', '2025-11-29 20:05:02'),
('13e19c43-6a38-4076-954e-a3bbbdef4d7b', '58589e75-28ef-4e9d-a8a3-eeeae918c29d', '7d5d781f-f000-4414-9cc0-2c8450b0dcf7', '1', '10', '10', '7', '27', '27', '2', '0', '2025-11-30 04:04:46', '2025-11-29 20:04:46'),
('15947ce8-e4dd-4bcf-a40e-f612086bf807', '11930632-98f0-4b1b-9acf-6da1edb058ec', '413c1c53-f871-4c81-8d79-f6645455929c', '10', '3', '3', '3', '9', '204', '0', '0', '2025-11-30 04:13:52', '2025-11-29 20:13:52'),
('15e10ddf-da89-4751-ab38-c654f2bc11a2', '38c860f7-1afb-4df1-b91d-07aebc44f84f', 'a11b507c-bc5c-4d09-8a4a-6dd43d4fe846', '4', 'X', '10', '9', '29', '105', '1', '1', NULL, '2025-11-30 01:19:50'),
('17774f1b-4f25-485f-819f-5b59b11a15e4', '4f696cd2-b7ec-400e-9f08-ccc1bb6dce3d', '6a43cb1e-9444-46e2-aa3c-66474646868c', '6', '10', '10', '10', '30', '150', '3', '0', '2025-11-30 08:16:20', '2025-11-30 00:16:20'),
('17793eb0-8b5d-4a6c-be35-cb5f51542710', '58589e75-28ef-4e9d-a8a3-eeeae918c29d', 'c42f5710-3880-4ac5-824c-87c1257212b9', '4', '7', '6', 'M', '13', '84', '0', '0', '2025-11-30 03:43:44', '2025-11-29 19:43:44'),
('179f4ae5-9059-499f-af6a-b03218b06613', '60f3ce29-da05-470b-9cab-ab715af4a82e', '1be4d494-fd1b-44bd-9deb-7933311d885c', '2', '5', '5', '5', '15', '42', '0', '0', '2025-11-30 09:42:11', '2025-11-30 01:42:11'),
('18307d13-d7b4-4db0-81d8-6e52ffae304d', '58589e75-28ef-4e9d-a8a3-eeeae918c29d', 'cebd5487-d4eb-4c3e-9f2e-9fc1b035cb34', '4', 'X', '8', '10', '28', '96', '2', '1', '2025-11-30 04:03:22', '2025-11-29 20:03:22'),
('18a46183-7f40-4166-a44d-a559f08277c6', 'cedd187a-e48a-45e1-ad7b-90609612b3ca', '9ae4e9f2-ac50-4f68-b105-d9dcbbb0b818', '2', '9', '9', '9', '27', '57', '0', '0', NULL, '2025-11-30 01:21:38'),
('1929372d-56ed-4764-adc2-b26687aff19d', '58589e75-28ef-4e9d-a8a3-eeeae918c29d', 'de9835a0-3f4a-4cb1-b211-dd6b974e57d1', '3', '8', '8', '8', '24', '72', '0', '0', '2025-11-30 03:43:40', '2025-11-29 19:43:40'),
('1a39cd7e-504d-4d24-87c9-e7a871fa0544', 'cedd187a-e48a-45e1-ad7b-90609612b3ca', '9ae4e9f2-ac50-4f68-b105-d9dcbbb0b818', '8', '3', '3', '3', '9', '157', '0', '0', NULL, '2025-11-30 01:21:38'),
('1bbf3238-f9af-4a8d-abd6-829808bd7c24', '11930632-98f0-4b1b-9acf-6da1edb058ec', '26401a19-6581-4f14-9bd3-fb52e8f4e4b7', '5', '7', '7', '7', '21', '117', '0', '0', '2025-11-30 04:13:19', '2025-11-29 20:13:19'),
('1c532bad-2c00-4560-8042-32df0680b6f6', '11930632-98f0-4b1b-9acf-6da1edb058ec', '15a3f860-d034-4414-af0b-c0cb2463f958', '9', '10', 'X', '8', '28', '183', '2', '1', '2025-11-30 04:15:16', '2025-11-29 20:15:16'),
('1cab9096-0aa1-4944-8313-dc869b41cd3f', '60f3ce29-da05-470b-9cab-ab715af4a82e', 'e7a87f16-8a25-4167-9335-7b22af4d7158', '3', '10', '10', '10', '30', '78', '3', '0', '2025-11-30 09:42:21', '2025-11-30 01:42:21'),
('1d28f3b4-3c05-45ea-b5b9-a65c58cd59fe', '11930632-98f0-4b1b-9acf-6da1edb058ec', 'cff814ac-8b64-4280-b7b2-82347f2acf9e', '5', '7', '7', '7', '21', '121', '0', '0', '2025-11-30 04:13:20', '2025-11-29 20:13:20'),
('1d9b9df3-f097-4ec0-a1e2-d1550759da66', '58589e75-28ef-4e9d-a8a3-eeeae918c29d', '099f27a6-5e67-4fcb-944e-90955690115d', '6', '10', '7', '8', '25', '139', '1', '0', '2025-11-30 04:03:32', '2025-11-29 20:03:32'),
('1de70e96-eecd-4853-946c-2132e88efda1', '14119bd4-635f-4afb-a4f5-b9d9e715a36e', 'ea948c31-f59b-45a7-90a9-919213676908', '2', '2', '2', '2', '6', '9', '0', '0', '2025-11-30 08:48:38', '2025-11-30 00:48:38'),
('1ef9ce4d-f595-4df2-ab78-bd3c36b8e80a', '58589e75-28ef-4e9d-a8a3-eeeae918c29d', '099f27a6-5e67-4fcb-944e-90955690115d', '7', 'X', '8', '7', '25', '164', '1', '1', '2025-11-30 04:03:38', '2025-11-29 20:03:38'),
('1fced8bb-2cb8-41a1-8099-dd4007ffff31', '11930632-98f0-4b1b-9acf-6da1edb058ec', 'cff814ac-8b64-4280-b7b2-82347f2acf9e', '8', '7', '7', '3', '17', '176', '0', '0', '2025-11-30 04:13:38', '2025-11-29 20:13:38'),
('20290ea1-7d70-4c74-a106-84f3e74e429b', '58589e75-28ef-4e9d-a8a3-eeeae918c29d', '099f27a6-5e67-4fcb-944e-90955690115d', '9', '6', '6', '6', '18', '206', '0', '0', '2025-11-30 04:03:49', '2025-11-29 20:03:49'),
('207ad650-7abe-422c-82b2-99be09d54905', '11930632-98f0-4b1b-9acf-6da1edb058ec', 'fbdb9038-d26a-425f-83cd-116ce5255fe2', '7', '10', '10', '10', '30', '144', '3', '0', '2025-11-30 04:11:56', '2025-11-29 20:11:56'),
('20f785ca-34a3-4c31-85e1-ac0ff5f32c3e', '60f3ce29-da05-470b-9cab-ab715af4a82e', 'f3ea383b-fc53-49cb-9b39-98a50a3fd294', '6', '7', '7', '7', '21', '147', '0', '0', '2025-11-30 09:42:44', '2025-11-30 01:42:44'),
('222a6b2f-6626-4ec9-baa2-3927e4e1a2c3', '11930632-98f0-4b1b-9acf-6da1edb058ec', 'fbdb9038-d26a-425f-83cd-116ce5255fe2', '9', '3', '6', '6', '15', '168', '0', '0', '2025-11-30 04:12:10', '2025-11-29 20:12:10'),
('243e19fe-df5d-4918-9925-78fb1b8e5ce9', '11930632-98f0-4b1b-9acf-6da1edb058ec', 'fbdb9038-d26a-425f-83cd-116ce5255fe2', '10', '2', '2', '7', '11', '179', '0', '0', '2025-11-30 04:12:19', '2025-11-29 20:12:19'),
('25537f98-ef5a-4be2-b181-95f83f9bb802', '60f3ce29-da05-470b-9cab-ab715af4a82e', 'e7a87f16-8a25-4167-9335-7b22af4d7158', '7', '7', '7', '7', '21', '180', '0', '0', '2025-11-30 09:42:48', '2025-11-30 01:42:48'),
('256a04e7-c123-44b2-adc0-e1cfc7ecd6d4', '11930632-98f0-4b1b-9acf-6da1edb058ec', '105b6535-9ce4-4bd3-a686-5e4e69741d71', '1', '7', '7', '7', '21', '21', '0', '0', '2025-11-30 04:10:48', '2025-11-29 20:10:48'),
('26125284-08cb-48b7-bec2-3e9043cd4441', '4f696cd2-b7ec-400e-9f08-ccc1bb6dce3d', '6a43cb1e-9444-46e2-aa3c-66474646868c', '5', '10', '10', '10', '30', '120', '3', '0', '2025-11-30 08:16:15', '2025-11-30 00:16:15'),
('269b0940-3cae-43c3-9b2a-c5f4a409fe4f', '58589e75-28ef-4e9d-a8a3-eeeae918c29d', 'ab16bfdf-4a05-4153-bed1-c90b5e487e15', '7', '7', '7', '7', '21', '162', '0', '0', '2025-11-30 03:49:58', '2025-11-29 19:49:58'),
('271bf620-3e8c-4b8a-8121-771ffa0d6ca8', '11930632-98f0-4b1b-9acf-6da1edb058ec', '26401a19-6581-4f14-9bd3-fb52e8f4e4b7', '1', '9', '9', '9', '27', '27', '0', '0', '2025-11-30 04:12:59', '2025-11-29 20:12:59'),
('272170af-3073-49e9-a574-b6844a780a86', '60f3ce29-da05-470b-9cab-ab715af4a82e', '1be4d494-fd1b-44bd-9deb-7933311d885c', '10', 'X', 'X', 'X', '30', '243', '3', '3', '2025-11-30 09:43:07', '2025-11-30 01:43:07'),
('2878004d-4e7e-404a-8935-9fed269fb123', '58589e75-28ef-4e9d-a8a3-eeeae918c29d', 'c42f5710-3880-4ac5-824c-87c1257212b9', '3', '8', '7', 'M', '15', '71', '0', '0', '2025-11-30 03:43:37', '2025-11-29 19:43:37'),
('28e80aad-aa54-4541-9d8b-5bca2efe3ba4', '14119bd4-635f-4afb-a4f5-b9d9e715a36e', 'ea948c31-f59b-45a7-90a9-919213676908', '5', '5', '5', '5', '15', '45', '0', '0', '2025-11-30 08:49:00', '2025-11-30 00:49:00'),
('2949ff24-4fa1-4a47-bf4d-d5df836a7f24', '60f3ce29-da05-470b-9cab-ab715af4a82e', '4b9e2cd3-b17f-4405-b149-6e3b109c1a29', '7', '7', '7', '7', '21', '161', '0', '0', '2025-11-30 09:42:51', '2025-11-30 01:42:51'),
('29cb5323-58ba-4931-8791-ef7c2d3d4643', '60f3ce29-da05-470b-9cab-ab715af4a82e', '4b9e2cd3-b17f-4405-b149-6e3b109c1a29', '3', '10', '10', '10', '30', '59', '3', '0', '2025-11-30 09:42:24', '2025-11-30 01:42:24'),
('29fbe8fe-aa30-4810-8fee-172e88e6e7a8', 'cedd187a-e48a-45e1-ad7b-90609612b3ca', '9ae4e9f2-ac50-4f68-b105-d9dcbbb0b818', '6', '5', '5', '6', '16', '136', '0', '0', NULL, '2025-11-30 01:21:38'),
('2adbd42c-62f0-4341-832e-d8edaee7d24e', '11930632-98f0-4b1b-9acf-6da1edb058ec', '413c1c53-f871-4c81-8d79-f6645455929c', '2', 'X', 'X', 'X', '30', '51', '3', '3', '2025-11-30 04:13:05', '2025-11-29 20:13:05'),
('2bb28c14-c1b5-47cf-8ab3-6e8323654698', '4f696cd2-b7ec-400e-9f08-ccc1bb6dce3d', '6a43cb1e-9444-46e2-aa3c-66474646868c', '3', '10', '10', '10', '30', '60', '3', '0', '2025-11-30 08:16:05', '2025-11-30 00:16:05'),
('2bb9ea95-e296-408b-9f47-ee27229c66bd', '11930632-98f0-4b1b-9acf-6da1edb058ec', '105b6535-9ce4-4bd3-a686-5e4e69741d71', '9', '7', '7', '7', '21', '237', '0', '0', '2025-11-30 04:12:07', '2025-11-29 20:12:07'),
('2ed223b8-4bb8-49f5-be1e-b6c58cab4642', '4f696cd2-b7ec-400e-9f08-ccc1bb6dce3d', '71daa3e2-5790-4f93-adb0-bbcff21e9b63', '2', '10', '10', '10', '30', '30', '3', '0', '2025-11-30 08:16:00', '2025-11-30 00:16:00'),
('30b69f3b-3e79-4ba5-af12-8e4fce0c5608', '60f3ce29-da05-470b-9cab-ab715af4a82e', '1be4d494-fd1b-44bd-9deb-7933311d885c', '4', '10', '10', '10', '30', '102', '3', '0', '2025-11-30 09:42:31', '2025-11-30 01:42:31'),
('30f003ec-7209-41e5-8e4a-69e4cdda63b8', '11930632-98f0-4b1b-9acf-6da1edb058ec', 'd4d56c55-9fdb-43e3-8521-ed6989b2ba9f', '1', '6', '6', '6', '18', '18', '0', '0', '2025-11-30 04:14:28', '2025-11-29 20:14:28'),
('3174a284-c57b-4adb-a3f1-f81b3b794b41', '11930632-98f0-4b1b-9acf-6da1edb058ec', '469a5a29-5940-4c8f-8f51-f1ed9839c4ea', '2', '3', '3', '3', '9', '27', '0', '0', '2025-11-30 04:14:34', '2025-11-29 20:14:34'),
('31c405c9-3286-4419-b13c-349a792656ff', '11930632-98f0-4b1b-9acf-6da1edb058ec', '8d5d4b9e-830a-4271-81b0-2a7b46939066', '1', '7', '7', '7', '21', '21', '0', '0', '2025-11-30 04:10:49', '2025-11-29 20:10:49'),
('320e5190-da9e-438e-a256-53ecdf0f186b', '11930632-98f0-4b1b-9acf-6da1edb058ec', '8d5d4b9e-830a-4271-81b0-2a7b46939066', '10', '6', '5', '5', '16', '221', '0', '0', '2025-11-30 04:12:16', '2025-11-29 20:12:16'),
('34330ec0-c4df-4616-93dd-7064e3117234', '4f696cd2-b7ec-400e-9f08-ccc1bb6dce3d', '3d61cae0-2119-4fe8-9a6a-23c4c0e7d90a', '5', '10', '10', '10', '30', '120', '3', '0', '2025-11-30 08:16:17', '2025-11-30 00:16:17'),
('35183574-ba70-4768-8f1d-73708823ea77', '11930632-98f0-4b1b-9acf-6da1edb058ec', '8d108609-7b65-4095-b6fe-3b706b81ada1', '10', '5', '5', '2', '12', '189', '0', '0', '2025-11-30 04:12:17', '2025-11-29 20:12:17'),
('3562da77-543a-421e-941c-b92afc54957e', '60f3ce29-da05-470b-9cab-ab715af4a82e', 'e7a87f16-8a25-4167-9335-7b22af4d7158', '4', '10', '10', '10', '30', '108', '3', '0', '2025-11-30 09:42:30', '2025-11-30 01:42:30'),
('35da1cf3-35eb-49ff-85a5-968ff267746a', '58589e75-28ef-4e9d-a8a3-eeeae918c29d', '7d5d781f-f000-4414-9cc0-2c8450b0dcf7', '2', '3', '3', '7', '13', '40', '0', '0', '2025-11-30 04:05:01', '2025-11-29 20:05:01'),
('37182764-32fe-4793-8dba-ae076099a3e6', '11930632-98f0-4b1b-9acf-6da1edb058ec', '26401a19-6581-4f14-9bd3-fb52e8f4e4b7', '9', '10', '10', '7', '27', '210', '2', '0', '2025-11-30 04:13:44', '2025-11-29 20:13:44'),
('392925b0-4826-46d8-83b5-c9d59dd14d65', '14119bd4-635f-4afb-a4f5-b9d9e715a36e', '2c609e88-dc14-42b0-9bf4-497e36a547e3', '7', '7', '7', '7', '21', '173', '0', '0', '2025-11-30 08:48:05', '2025-11-30 00:48:05'),
('397d86bd-c20e-482e-a2d4-42897a2da03e', '58589e75-28ef-4e9d-a8a3-eeeae918c29d', 'cebd5487-d4eb-4c3e-9f2e-9fc1b035cb34', '3', '7', '8', '7', '22', '68', '0', '0', '2025-11-30 04:03:16', '2025-11-29 20:03:16'),
('3a279169-a0ba-4ea5-915d-eef10ebd0093', '60f3ce29-da05-470b-9cab-ab715af4a82e', '1be4d494-fd1b-44bd-9deb-7933311d885c', '8', '6', '6', '6', '18', '192', '0', '0', '2025-11-30 09:42:54', '2025-11-30 01:42:54'),
('3ac72e13-fa77-40d3-bfb0-37079aa0cdf4', '11930632-98f0-4b1b-9acf-6da1edb058ec', '105b6535-9ce4-4bd3-a686-5e4e69741d71', '4', '8', '8', '8', '24', '99', '0', '0', '2025-11-30 04:11:32', '2025-11-29 20:11:32'),
('3b811460-3760-4f2f-93b8-151493ebe856', '58589e75-28ef-4e9d-a8a3-eeeae918c29d', 'c42f5710-3880-4ac5-824c-87c1257212b9', '8', '7', '7', '7', '21', '168', '0', '0', '2025-11-30 03:50:01', '2025-11-29 19:50:01'),
('3bbebb7d-e984-46f7-994c-dab0b67a8223', '58589e75-28ef-4e9d-a8a3-eeeae918c29d', 'bd58cf3c-146f-4664-8338-ceb38e45932b', '3', 'X', '7', 'X', '27', '77', '2', '2', '2025-11-30 04:03:12', '2025-11-29 20:03:12'),
('3be20929-4c85-41ba-9b1c-40bba3510d2b', '14119bd4-635f-4afb-a4f5-b9d9e715a36e', '3ee79b19-2b58-4728-9c10-b0c8354ca3ca', '3', '3', '3', '3', '9', '18', '0', '0', '2025-11-30 08:48:45', '2025-11-30 00:48:45'),
('3bfd2edd-ae63-47f6-8e14-745b1dd65052', '4f696cd2-b7ec-400e-9f08-ccc1bb6dce3d', '3d61cae0-2119-4fe8-9a6a-23c4c0e7d90a', '6', '10', '10', '10', '30', '150', '3', '0', '2025-11-30 08:16:22', '2025-11-30 00:16:22'),
('3d5882e9-4d6b-41d9-9a18-142dc983b530', '14119bd4-635f-4afb-a4f5-b9d9e715a36e', '2c609e88-dc14-42b0-9bf4-497e36a547e3', '3', '3', '3', '3', '9', '18', '0', '0', '2025-11-30 08:48:47', '2025-11-30 00:48:47'),
('3e04fe0a-fc96-4b4a-9836-ad438166cde5', '11930632-98f0-4b1b-9acf-6da1edb058ec', '469a5a29-5940-4c8f-8f51-f1ed9839c4ea', '5', '3', '3', '6', '12', '78', '0', '0', '2025-11-30 04:14:54', '2025-11-29 20:14:54'),
('3e834e72-5d73-4c15-a2e3-0af294900997', '60f3ce29-da05-470b-9cab-ab715af4a82e', 'e7a87f16-8a25-4167-9335-7b22af4d7158', '10', 'X', 'X', 'X', '30', '249', '3', '3', '2025-11-30 09:43:06', '2025-11-30 01:43:06'),
('3ee26016-d0f1-4e06-858c-d8e823d59498', '60f3ce29-da05-470b-9cab-ab715af4a82e', '4b9e2cd3-b17f-4405-b149-6e3b109c1a29', '8', '6', '6', '6', '18', '179', '0', '0', '2025-11-30 09:42:56', '2025-11-30 01:42:56'),
('3f05f12c-8452-4cdf-bfa1-9e835198cbb2', '60f3ce29-da05-470b-9cab-ab715af4a82e', '4b9e2cd3-b17f-4405-b149-6e3b109c1a29', '2', '3', '3', '2', '8', '29', '0', '0', '2025-11-30 09:42:15', '2025-11-30 01:42:15'),
('3f34195b-d7dc-4881-9031-548521cf5be0', '58589e75-28ef-4e9d-a8a3-eeeae918c29d', 'afd5b437-4a27-4b3b-afba-cc5001198169', '8', '7', '7', '7', '21', '174', '0', '0', '2025-11-30 03:50:02', '2025-11-29 19:50:02'),
('3f80c859-83cb-422d-990a-2c523294dc79', '58589e75-28ef-4e9d-a8a3-eeeae918c29d', '099f27a6-5e67-4fcb-944e-90955690115d', '2', '10', '10', '10', '30', '58', '3', '0', '2025-11-30 04:03:03', '2025-11-29 20:03:03'),
('402ffe49-c0b5-434b-a301-f02d915a91bf', '58589e75-28ef-4e9d-a8a3-eeeae918c29d', 'bd58cf3c-146f-4664-8338-ceb38e45932b', '7', '10', '7', '8', '25', '161', '1', '0', '2025-11-30 04:03:39', '2025-11-29 20:03:39'),
('4055e124-ae0a-46ce-81d5-7715ec090e58', '14119bd4-635f-4afb-a4f5-b9d9e715a36e', 'ea948c31-f59b-45a7-90a9-919213676908', '4', '4', '4', '4', '12', '30', '0', '0', '2025-11-30 08:48:50', '2025-11-30 00:48:50'),
('41995e32-8dc3-492e-89f8-72dbcc3ac678', '11930632-98f0-4b1b-9acf-6da1edb058ec', '15a3f860-d034-4414-af0b-c0cb2463f958', '8', '8', '7', '4', '19', '155', '0', '0', '2025-11-30 04:15:09', '2025-11-29 20:15:09');
INSERT INTO `end_events` (`id`, `round_id`, `round_archer_id`, `end_number`, `a1`, `a2`, `a3`, `end_total`, `running_total`, `tens`, `xs`, `device_ts`, `server_ts`) VALUES
('41c68ed5-f9f1-477e-b4ce-bef91c98de3d', '58589e75-28ef-4e9d-a8a3-eeeae918c29d', '97163518-2531-4f30-8b1c-29e6d125333c', '9', '6', '6', '6', '18', '207', '0', '0', '2025-11-30 04:03:50', '2025-11-29 20:03:50'),
('41cac7f0-1a70-4056-aeba-27ee99c68fd5', '11930632-98f0-4b1b-9acf-6da1edb058ec', '413c1c53-f871-4c81-8d79-f6645455929c', '4', '8', '8', '8', '24', '96', '0', '0', '2025-11-30 04:13:16', '2025-11-29 20:13:16'),
('423df10a-37cf-4a40-b668-0c729fa9fce8', '58589e75-28ef-4e9d-a8a3-eeeae918c29d', 'bd58cf3c-146f-4664-8338-ceb38e45932b', '6', '4', '4', '3', '11', '136', '0', '0', '2025-11-30 04:03:33', '2025-11-29 20:03:33'),
('42fb995f-703a-475d-9e5f-f73fbb69d576', '11930632-98f0-4b1b-9acf-6da1edb058ec', 'd4d56c55-9fdb-43e3-8521-ed6989b2ba9f', '6', '6', '6', '6', '18', '94', '0', '0', '2025-11-30 04:14:59', '2025-11-29 20:14:59'),
('45385575-fe97-4afd-985c-a5837e7d098a', '4f696cd2-b7ec-400e-9f08-ccc1bb6dce3d', '71daa3e2-5790-4f93-adb0-bbcff21e9b63', '7', '6', '6', '6', '18', '168', '0', '0', '2025-11-30 08:16:26', '2025-11-30 00:16:26'),
('45b0f368-56da-40e5-b5c7-150dd3d2e89a', '4f696cd2-b7ec-400e-9f08-ccc1bb6dce3d', '6a43cb1e-9444-46e2-aa3c-66474646868c', '7', '6', '6', '6', '18', '168', '0', '0', '2025-11-30 08:16:25', '2025-11-30 00:16:25'),
('45b55c8a-f10a-479c-8d4d-e72272001f8d', '11930632-98f0-4b1b-9acf-6da1edb058ec', 'f4bf91db-383c-4ab1-b52a-d39608848439', '2', '3', '3', '3', '9', '27', '0', '0', '2025-11-30 04:14:32', '2025-11-29 20:14:32'),
('466cbbcf-6aa0-4b61-bced-60046baa739f', '11930632-98f0-4b1b-9acf-6da1edb058ec', '105b6535-9ce4-4bd3-a686-5e4e69741d71', '8', '10', '10', '10', '30', '216', '3', '0', '2025-11-30 04:11:59', '2025-11-29 20:11:59'),
('4678e823-12a9-4c08-aa98-543681ee2798', '58589e75-28ef-4e9d-a8a3-eeeae918c29d', 'cebd5487-d4eb-4c3e-9f2e-9fc1b035cb34', '9', '6', '6', '6', '18', '204', '0', '0', '2025-11-30 04:03:50', '2025-11-29 20:03:50'),
('46a8a0c4-88d3-4663-a107-8d8b7a082478', '11930632-98f0-4b1b-9acf-6da1edb058ec', 'd4d56c55-9fdb-43e3-8521-ed6989b2ba9f', '3', '6', '7', '6', '19', '46', '0', '0', '2025-11-30 04:14:40', '2025-11-29 20:14:40'),
('47039124-2d55-47ba-872f-bd68cb493b2c', '14119bd4-635f-4afb-a4f5-b9d9e715a36e', '135d8357-3d35-4910-9ca7-8ac0249870fc', '4', '4', '4', '4', '12', '30', '0', '0', '2025-11-30 08:48:52', '2025-11-30 00:48:52'),
('4751e3e3-3bf6-43ca-b7b6-391f9b5dc8b7', '4f696cd2-b7ec-400e-9f08-ccc1bb6dce3d', '3d61cae0-2119-4fe8-9a6a-23c4c0e7d90a', '7', '6', '6', '6', '18', '168', '0', '0', '2025-11-30 08:16:27', '2025-11-30 00:16:27'),
('4756323d-5b18-47c2-8196-7a0a7a218155', '4f696cd2-b7ec-400e-9f08-ccc1bb6dce3d', '6a43cb1e-9444-46e2-aa3c-66474646868c', '10', '8', '8', '8', '24', '240', '0', '0', '2025-11-30 08:16:45', '2025-11-30 00:16:45'),
('476a4db8-b4a3-43ae-b27c-14dd8d7b8c1a', '14119bd4-635f-4afb-a4f5-b9d9e715a36e', '135d8357-3d35-4910-9ca7-8ac0249870fc', '1', '1', '1', '1', '3', '3', '0', '0', '2025-11-30 08:48:33', '2025-11-30 00:48:33'),
('481e30f5-3a26-4c6e-a75a-1b0ce346b7b5', '11930632-98f0-4b1b-9acf-6da1edb058ec', '8d5d4b9e-830a-4271-81b0-2a7b46939066', '8', '7', '7', '7', '21', '184', '0', '0', '2025-11-30 04:12:00', '2025-11-29 20:12:00'),
('4951b55b-5b9b-400b-b2e0-3c82983db98f', '11930632-98f0-4b1b-9acf-6da1edb058ec', '26401a19-6581-4f14-9bd3-fb52e8f4e4b7', '2', '10', '10', 'X', '30', '57', '3', '1', '2025-11-30 04:13:04', '2025-11-29 20:13:04'),
('4a5a87a4-418f-4c08-bd77-618ccba60494', '58589e75-28ef-4e9d-a8a3-eeeae918c29d', 'afd5b437-4a27-4b3b-afba-cc5001198169', '2', '10', '10', '10', '30', '53', '3', '0', '2025-11-30 03:40:51', '2025-11-29 19:40:51'),
('4b099e83-42bb-4dd1-ac98-15f4e2121345', '11930632-98f0-4b1b-9acf-6da1edb058ec', '413c1c53-f871-4c81-8d79-f6645455929c', '7', '7', '7', '7', '21', '156', '0', '0', '2025-11-30 04:13:34', '2025-11-29 20:13:34'),
('4b7d592d-5777-42cf-a404-0e17ea6b7bf4', '58589e75-28ef-4e9d-a8a3-eeeae918c29d', 'ab16bfdf-4a05-4153-bed1-c90b5e487e15', '1', '8', '10', '7', '25', '25', '1', '0', '2025-11-30 03:40:45', '2025-11-29 19:40:45'),
('4c9dfb71-f758-4609-896f-f625e3415395', '11930632-98f0-4b1b-9acf-6da1edb058ec', 'f4bf91db-383c-4ab1-b52a-d39608848439', '4', '7', '7', '7', '21', '68', '0', '0', '2025-11-30 04:14:45', '2025-11-29 20:14:45'),
('4dff4b2a-88c9-47d7-b254-b78d672c0a10', '11930632-98f0-4b1b-9acf-6da1edb058ec', 'cff814ac-8b64-4280-b7b2-82347f2acf9e', '9', '7', '7', '7', '21', '197', '0', '0', '2025-11-30 04:13:45', '2025-11-29 20:13:45'),
('4e5c424f-b6fc-4e12-9f97-12a177307270', '58589e75-28ef-4e9d-a8a3-eeeae918c29d', 'afd5b437-4a27-4b3b-afba-cc5001198169', '9', '7', '7', '7', '21', '195', '0', '0', '2025-11-30 03:50:06', '2025-11-29 19:50:06'),
('4f064645-d29b-4b5d-b404-5aea138d6d43', '58589e75-28ef-4e9d-a8a3-eeeae918c29d', '97163518-2531-4f30-8b1c-29e6d125333c', '2', '7', '7', 'X', '24', '45', '1', '1', '2025-11-30 04:03:05', '2025-11-29 20:03:05'),
('4f089506-37f5-49c9-931f-b688fd764246', '58589e75-28ef-4e9d-a8a3-eeeae918c29d', 'bd58cf3c-146f-4664-8338-ceb38e45932b', '2', '10', '10', '7', '27', '50', '2', '0', '2025-11-30 04:03:04', '2025-11-29 20:03:04'),
('50309d0c-3e0e-4755-8db0-d98b18d27964', '14119bd4-635f-4afb-a4f5-b9d9e715a36e', '2c609e88-dc14-42b0-9bf4-497e36a547e3', '5', '5', '5', '5', '15', '45', '0', '0', '2025-11-30 08:49:03', '2025-11-30 00:49:03'),
('506eab05-dd25-41ad-8472-9d3d353d46fa', '11930632-98f0-4b1b-9acf-6da1edb058ec', 'cff814ac-8b64-4280-b7b2-82347f2acf9e', '2', 'X', 'X', 'X', '30', '57', '3', '3', '2025-11-30 04:13:04', '2025-11-29 20:13:04'),
('51968caf-3d84-442d-8c13-ff3e64ec7dd7', '58589e75-28ef-4e9d-a8a3-eeeae918c29d', 'cebd5487-d4eb-4c3e-9f2e-9fc1b035cb34', '2', '7', 'X', '8', '25', '46', '1', '1', '2025-11-30 04:03:08', '2025-11-29 20:03:08'),
('51eec86e-9731-4d7a-9abf-fe728a883767', '14119bd4-635f-4afb-a4f5-b9d9e715a36e', '3ee79b19-2b58-4728-9c10-b0c8354ca3ca', '2', '2', '2', '2', '6', '9', '0', '0', '2025-11-30 08:48:39', '2025-11-30 00:48:39'),
('526c9e45-c75c-463f-9c4d-aec8d25dbc99', '11930632-98f0-4b1b-9acf-6da1edb058ec', '8d108609-7b65-4095-b6fe-3b706b81ada1', '4', '4', '4', '4', '12', '75', '0', '0', '2025-11-30 04:11:35', '2025-11-29 20:11:35'),
('5286dd6a-a0f0-497a-9222-06ccd8639d7b', '11930632-98f0-4b1b-9acf-6da1edb058ec', 'fbdb9038-d26a-425f-83cd-116ce5255fe2', '4', '7', '7', '7', '21', '73', '0', '0', '2025-11-30 04:11:36', '2025-11-29 20:11:36'),
('52bd8d4f-196c-4126-a1d3-7184ec84112f', '4f696cd2-b7ec-400e-9f08-ccc1bb6dce3d', '604555de-a9a0-45d8-b2cc-678e43cb0934', '9', '10', '10', '10', '30', '216', '3', '0', '2025-11-30 08:16:36', '2025-11-30 00:16:36'),
('52c5c5f3-cad2-4c74-a588-5088083fc2e8', '60f3ce29-da05-470b-9cab-ab715af4a82e', 'e7a87f16-8a25-4167-9335-7b22af4d7158', '5', '10', '10', '10', '30', '138', '3', '0', '2025-11-30 09:42:35', '2025-11-30 01:42:35'),
('5a2fb12b-ca90-4528-b30b-93f6085725f2', '11930632-98f0-4b1b-9acf-6da1edb058ec', '15a3f860-d034-4414-af0b-c0cb2463f958', '5', '10', '10', '7', '27', '99', '2', '0', '2025-11-30 04:14:50', '2025-11-29 20:14:50'),
('5a88f1d1-1bd0-41f2-962f-4367333fa1c5', '58589e75-28ef-4e9d-a8a3-eeeae918c29d', 'c42f5710-3880-4ac5-824c-87c1257212b9', '6', '7', '7', '7', '21', '126', '0', '0', '2025-11-30 03:49:53', '2025-11-29 19:49:53'),
('5af69c01-ec38-49d7-92a9-96bc5cdc1c19', '14119bd4-635f-4afb-a4f5-b9d9e715a36e', '2c609e88-dc14-42b0-9bf4-497e36a547e3', '4', '4', '4', '4', '12', '30', '0', '0', '2025-11-30 08:48:53', '2025-11-30 00:48:53'),
('5b99d078-1302-45a3-a602-a3a3e8aee146', '58589e75-28ef-4e9d-a8a3-eeeae918c29d', 'afd5b437-4a27-4b3b-afba-cc5001198169', '6', '7', '7', '7', '21', '132', '0', '0', '2025-11-30 03:49:53', '2025-11-29 19:49:53'),
('5c4555e3-72a4-42b0-8095-5d05cf225eb9', '58589e75-28ef-4e9d-a8a3-eeeae918c29d', '97163518-2531-4f30-8b1c-29e6d125333c', '7', '10', '7', '8', '25', '165', '1', '0', '2025-11-30 04:03:40', '2025-11-29 20:03:40'),
('5c71f57f-e6b5-4d60-8f68-c787b5bc3137', '14119bd4-635f-4afb-a4f5-b9d9e715a36e', '3ee79b19-2b58-4728-9c10-b0c8354ca3ca', '7', '7', '7', '7', '21', '93', '0', '0', '2025-11-30 08:48:04', '2025-11-30 00:48:04'),
('5cb4bfde-d38c-4f53-84c4-7ec8ac372c0e', '60f3ce29-da05-470b-9cab-ab715af4a82e', '1be4d494-fd1b-44bd-9deb-7933311d885c', '7', '7', '7', '7', '21', '174', '0', '0', '2025-11-30 09:42:49', '2025-11-30 01:42:49'),
('5de2b412-7cc1-4046-89e0-5f50ff2500bf', '58589e75-28ef-4e9d-a8a3-eeeae918c29d', 'de9835a0-3f4a-4cb1-b211-dd6b974e57d1', '10', '7', '7', '7', '21', '217', '0', '0', '2025-11-30 03:50:12', '2025-11-29 19:50:12'),
('5e09fa5f-935d-4fc6-a0c8-b48554a35021', '58589e75-28ef-4e9d-a8a3-eeeae918c29d', '099f27a6-5e67-4fcb-944e-90955690115d', '5', '8', '7', '7', '22', '114', '0', '0', '2025-11-30 04:03:25', '2025-11-29 20:03:25'),
('5f390082-6fb9-400b-ae15-e86ed3e09cfa', '14119bd4-635f-4afb-a4f5-b9d9e715a36e', '135d8357-3d35-4910-9ca7-8ac0249870fc', '9', '9', '9', '9', '27', '144', '0', '0', '2025-11-30 08:48:17', '2025-11-30 00:48:17'),
('5ffe6989-d49f-4cf3-85b2-52dd47bd304a', '11930632-98f0-4b1b-9acf-6da1edb058ec', 'fbdb9038-d26a-425f-83cd-116ce5255fe2', '8', '3', '3', '3', '9', '153', '0', '0', '2025-11-30 04:12:02', '2025-11-29 20:12:02'),
('6018f74b-6e3d-447c-b0ab-a64c65d4abb8', '38c860f7-1afb-4df1-b91d-07aebc44f84f', 'a11b507c-bc5c-4d09-8a4a-6dd43d4fe846', '3', '8', '7', '9', '24', '76', '0', '0', NULL, '2025-11-30 01:19:50'),
('6164b4f5-078a-4df4-9766-6bfefce45d51', '58589e75-28ef-4e9d-a8a3-eeeae918c29d', 'cebd5487-d4eb-4c3e-9f2e-9fc1b035cb34', '5', '8', '3', '7', '18', '114', '0', '0', '2025-11-30 04:03:29', '2025-11-29 20:03:29'),
('62128e7e-c437-4338-9a17-d1b2dcaa0cf3', '58589e75-28ef-4e9d-a8a3-eeeae918c29d', '97163518-2531-4f30-8b1c-29e6d125333c', '10', '8', '8', '8', '24', '231', '0', '0', '2025-11-30 04:03:55', '2025-11-29 20:03:55'),
('621aae0f-fa73-4ec0-83c9-cfb4a64ac36f', '4f696cd2-b7ec-400e-9f08-ccc1bb6dce3d', '6a43cb1e-9444-46e2-aa3c-66474646868c', '9', '10', '10', '10', '30', '216', '3', '0', '2025-11-30 08:16:36', '2025-11-30 00:16:36'),
('62306eb0-889d-42b3-8c28-383e8a41ce32', '4f696cd2-b7ec-400e-9f08-ccc1bb6dce3d', '6a43cb1e-9444-46e2-aa3c-66474646868c', '4', '10', '10', '10', '30', '90', '3', '0', '2025-11-30 08:16:10', '2025-11-30 00:16:10'),
('63572094-64b7-4b05-aa3a-1f90cdc00a43', '58589e75-28ef-4e9d-a8a3-eeeae918c29d', 'afd5b437-4a27-4b3b-afba-cc5001198169', '1', '7', '8', '8', '23', '23', '0', '0', '2025-11-30 03:40:43', '2025-11-29 19:40:43'),
('64beab6f-456c-4df2-99a6-35449db0b8fd', '60f3ce29-da05-470b-9cab-ab715af4a82e', '4b9e2cd3-b17f-4405-b149-6e3b109c1a29', '10', 'X', 'X', 'X', '30', '230', '3', '3', '2025-11-30 09:43:09', '2025-11-30 01:43:09'),
('65c56f67-706f-4d5d-8df3-8f9d4c767e78', '11930632-98f0-4b1b-9acf-6da1edb058ec', '469a5a29-5940-4c8f-8f51-f1ed9839c4ea', '7', 'M', 'M', 'M', '0', '96', '0', '0', '2025-11-30 04:15:06', '2025-11-29 20:15:06'),
('65c68add-3e20-4238-9f7e-c80259ba8963', '58589e75-28ef-4e9d-a8a3-eeeae918c29d', '97163518-2531-4f30-8b1c-29e6d125333c', '1', '7', '7', '7', '21', '21', '0', '0', '2025-11-30 04:03:00', '2025-11-29 20:03:00'),
('66726a8f-d866-4470-9187-82d9afad7c92', '4f696cd2-b7ec-400e-9f08-ccc1bb6dce3d', '3d61cae0-2119-4fe8-9a6a-23c4c0e7d90a', '4', '10', '10', '10', '30', '90', '3', '0', '2025-11-30 08:16:12', '2025-11-30 00:16:12'),
('67e7eb93-f715-4975-bd74-47667872849c', '11930632-98f0-4b1b-9acf-6da1edb058ec', 'f4bf91db-383c-4ab1-b52a-d39608848439', '1', '6', '6', '6', '18', '18', '0', '0', '2025-11-30 04:14:27', '2025-11-29 20:14:27'),
('6aaaaed2-9f4a-40a6-952e-fb69bf071b1c', '14119bd4-635f-4afb-a4f5-b9d9e715a36e', 'ea948c31-f59b-45a7-90a9-919213676908', '1', '1', '1', '1', '3', '3', '0', '0', '2025-11-30 08:48:32', '2025-11-30 00:48:32'),
('6ba64858-7a52-443d-a66f-cd03c89ee8f6', '4f696cd2-b7ec-400e-9f08-ccc1bb6dce3d', '6a43cb1e-9444-46e2-aa3c-66474646868c', '8', '6', '6', '6', '18', '186', '0', '0', '2025-11-30 08:16:31', '2025-11-30 00:16:31'),
('6cbbafef-d764-4de8-a008-dba75a35351f', '14119bd4-635f-4afb-a4f5-b9d9e715a36e', '3ee79b19-2b58-4728-9c10-b0c8354ca3ca', '4', '4', '4', '4', '12', '30', '0', '0', '2025-11-30 08:48:51', '2025-11-30 00:48:51'),
('6d590008-693f-4d47-91c8-ba8070aee6b5', '11930632-98f0-4b1b-9acf-6da1edb058ec', '8d108609-7b65-4095-b6fe-3b706b81ada1', '8', '3', '3', '3', '9', '162', '0', '0', '2025-11-30 04:12:01', '2025-11-29 20:12:01'),
('6d71b8e7-86c0-4d50-ba55-014de22e89d4', '11930632-98f0-4b1b-9acf-6da1edb058ec', '26401a19-6581-4f14-9bd3-fb52e8f4e4b7', '7', '6', '6', '6', '18', '162', '0', '0', '2025-11-30 04:13:32', '2025-11-29 20:13:32'),
('6e4be113-7c7c-4e0e-8f3c-b6aa1ce94ddf', '60f3ce29-da05-470b-9cab-ab715af4a82e', 'e7a87f16-8a25-4167-9335-7b22af4d7158', '9', '7', '7', '7', '21', '219', '0', '0', '2025-11-30 09:43:00', '2025-11-30 01:43:00'),
('6ec7e179-f7fe-4367-b75c-9f57c6cf28ae', '11930632-98f0-4b1b-9acf-6da1edb058ec', '105b6535-9ce4-4bd3-a686-5e4e69741d71', '3', '10', '10', '10', '30', '75', '3', '0', '2025-11-30 04:11:04', '2025-11-29 20:11:04'),
('6f2cf5e4-8371-43af-8751-6ee3bf801586', '4f696cd2-b7ec-400e-9f08-ccc1bb6dce3d', '71daa3e2-5790-4f93-adb0-bbcff21e9b63', '4', '10', '10', '10', '30', '90', '3', '0', '2025-11-30 08:16:11', '2025-11-30 00:16:11'),
('6f42bcf7-de1f-444c-9521-db18da6d6cd1', '4f696cd2-b7ec-400e-9f08-ccc1bb6dce3d', '6a43cb1e-9444-46e2-aa3c-66474646868c', '1', '10', '10', '10', '30', '30', '3', '0', '2025-11-30 08:18:17', '2025-11-30 00:18:17'),
('71ee204e-9807-4f98-b5c1-747542009a05', '14119bd4-635f-4afb-a4f5-b9d9e715a36e', '2c609e88-dc14-42b0-9bf4-497e36a547e3', '9', '9', '9', '9', '27', '224', '0', '0', '2025-11-30 08:48:17', '2025-11-30 00:48:17'),
('729fef65-4803-42b3-b327-ab49cbbaf067', '11930632-98f0-4b1b-9acf-6da1edb058ec', '26401a19-6581-4f14-9bd3-fb52e8f4e4b7', '8', '7', '7', '7', '21', '183', '0', '0', '2025-11-30 04:13:37', '2025-11-29 20:13:37'),
('74915a72-a9d9-4bca-99e0-9a95f474cf81', '11930632-98f0-4b1b-9acf-6da1edb058ec', '26401a19-6581-4f14-9bd3-fb52e8f4e4b7', '10', '3', '3', '3', '9', '219', '0', '0', '2025-11-30 04:13:50', '2025-11-29 20:13:50'),
('7496edcc-385d-4dd5-86b9-231e9637000c', '11930632-98f0-4b1b-9acf-6da1edb058ec', '8d5d4b9e-830a-4271-81b0-2a7b46939066', '2', '4', '4', '4', '12', '33', '0', '0', '2025-11-30 04:10:58', '2025-11-29 20:10:58'),
('7569b859-9dd4-414d-ac15-7895e1a3bcd4', '14119bd4-635f-4afb-a4f5-b9d9e715a36e', '2c609e88-dc14-42b0-9bf4-497e36a547e3', '2', '2', '2', '2', '6', '9', '0', '0', '2025-11-30 08:48:41', '2025-11-30 00:48:41'),
('759ce446-297e-4013-a116-9b9fac348dcb', '58589e75-28ef-4e9d-a8a3-eeeae918c29d', '97163518-2531-4f30-8b1c-29e6d125333c', '8', '8', '8', '8', '24', '189', '0', '0', '2025-11-30 04:03:45', '2025-11-29 20:03:45'),
('76002915-39a8-4e7f-b698-59fdfa88b998', '11930632-98f0-4b1b-9acf-6da1edb058ec', '413c1c53-f871-4c81-8d79-f6645455929c', '3', '7', '7', '7', '21', '72', '0', '0', '2025-11-30 04:13:11', '2025-11-29 20:13:11'),
('762bc345-6448-4bbe-81ec-49ab46432083', '11930632-98f0-4b1b-9acf-6da1edb058ec', '15a3f860-d034-4414-af0b-c0cb2463f958', '10', 'X', '8', '7', '25', '208', '1', '1', '2025-11-30 04:15:24', '2025-11-29 20:15:24'),
('76812112-948e-42e1-bb1b-3489c956edae', '38c860f7-1afb-4df1-b91d-07aebc44f84f', 'a11b507c-bc5c-4d09-8a4a-6dd43d4fe846', '8', '3', '10', '10', '23', '196', '2', '0', NULL, '2025-11-30 01:19:50'),
('77c56e17-b582-4c15-9c1a-d16b84f76205', 'cedd187a-e48a-45e1-ad7b-90609612b3ca', '9ae4e9f2-ac50-4f68-b105-d9dcbbb0b818', '10', '1', '1', '1', '3', '166', '0', '0', NULL, '2025-11-30 01:21:38'),
('78fb3de1-c605-4c83-b8b3-db88f0655cf7', '11930632-98f0-4b1b-9acf-6da1edb058ec', '105b6535-9ce4-4bd3-a686-5e4e69741d71', '10', '10', '10', '7', '27', '264', '2', '0', '2025-11-30 04:12:14', '2025-11-29 20:12:14'),
('798090e5-de06-4292-ae65-a4af58a48f2b', '60f3ce29-da05-470b-9cab-ab715af4a82e', 'f3ea383b-fc53-49cb-9b39-98a50a3fd294', '10', 'X', 'X', 'X', '30', '237', '3', '3', '2025-11-30 09:43:08', '2025-11-30 01:43:08'),
('79da16b6-d2bb-4449-b6ec-17963e16abbd', '60f3ce29-da05-470b-9cab-ab715af4a82e', 'e7a87f16-8a25-4167-9335-7b22af4d7158', '6', '7', '7', '7', '21', '159', '0', '0', '2025-11-30 09:42:43', '2025-11-30 01:42:43'),
('79fdbd83-77bb-4f9f-b36c-2b870b4caac6', '60f3ce29-da05-470b-9cab-ab715af4a82e', '4b9e2cd3-b17f-4405-b149-6e3b109c1a29', '4', '10', '10', '10', '30', '89', '3', '0', '2025-11-30 09:42:33', '2025-11-30 01:42:33'),
('7a4a5288-b78b-4ab8-bf91-3cf5a2e3e482', '11930632-98f0-4b1b-9acf-6da1edb058ec', '26401a19-6581-4f14-9bd3-fb52e8f4e4b7', '4', '6', '6', '6', '18', '96', '0', '0', '2025-11-30 04:13:14', '2025-11-29 20:13:14'),
('7a5ca6fa-9a77-4258-bef5-aee10c0744bd', '11930632-98f0-4b1b-9acf-6da1edb058ec', '105b6535-9ce4-4bd3-a686-5e4e69741d71', '6', '9', '9', '9', '27', '156', '0', '0', '2025-11-30 04:11:46', '2025-11-29 20:11:46'),
('7aa59f0e-75f3-48b1-82cd-28480bdc6cd3', '4f696cd2-b7ec-400e-9f08-ccc1bb6dce3d', '604555de-a9a0-45d8-b2cc-678e43cb0934', '10', 'X', 'X', '8', '28', '244', '2', '2', '2025-11-30 08:16:44', '2025-11-30 00:16:44'),
('7cb1748c-3da4-46ff-ba8b-d06da41a070e', '58589e75-28ef-4e9d-a8a3-eeeae918c29d', '97163518-2531-4f30-8b1c-29e6d125333c', '6', '7', '8', 'X', '25', '140', '1', '1', '2025-11-30 04:03:34', '2025-11-29 20:03:34'),
('7cffe41e-efb6-4037-aae2-9649271a04f3', '58589e75-28ef-4e9d-a8a3-eeeae918c29d', 'de9835a0-3f4a-4cb1-b211-dd6b974e57d1', '2', '10', '10', '10', '30', '48', '3', '0', '2025-11-30 03:40:52', '2025-11-29 19:40:52'),
('7eb92df6-032f-4922-92f5-75090df1b291', '58589e75-28ef-4e9d-a8a3-eeeae918c29d', 'b9a64636-c30c-43b6-b4b4-10e858710038', '3', '6', '6', '6', '18', '57', '0', '0', '2025-11-30 04:05:29', '2025-11-29 20:05:29'),
('7ebff931-fc39-4532-b767-f3a7bd4e02fe', '14119bd4-635f-4afb-a4f5-b9d9e715a36e', 'ea948c31-f59b-45a7-90a9-919213676908', '8', '8', '8', '8', '24', '117', '0', '0', '2025-11-30 08:48:09', '2025-11-30 00:48:09'),
('7eebd3c6-fd59-4f8c-aedd-14ed1407576e', '11930632-98f0-4b1b-9acf-6da1edb058ec', '105b6535-9ce4-4bd3-a686-5e4e69741d71', '2', '8', '8', '8', '24', '45', '0', '0', '2025-11-30 04:10:56', '2025-11-29 20:10:56'),
('80728481-66ba-4120-803f-c7fffe7d55ce', '11930632-98f0-4b1b-9acf-6da1edb058ec', 'f4bf91db-383c-4ab1-b52a-d39608848439', '5', '4', '4', '3', '11', '79', '0', '0', '2025-11-30 04:14:52', '2025-11-29 20:14:52'),
('8175c7be-6fef-46f6-9266-4b279eb3fbdf', '11930632-98f0-4b1b-9acf-6da1edb058ec', '413c1c53-f871-4c81-8d79-f6645455929c', '9', '7', '7', '9', '23', '195', '0', '0', '2025-11-30 04:13:46', '2025-11-29 20:13:46'),
('817e46b6-b1c6-4512-a76a-46ad28f8dbd5', '60f3ce29-da05-470b-9cab-ab715af4a82e', '4b9e2cd3-b17f-4405-b149-6e3b109c1a29', '5', '10', '10', '10', '30', '119', '3', '0', '2025-11-30 09:42:38', '2025-11-30 01:42:38'),
('863c4909-3385-4afd-bb14-d27c8abd9765', '60f3ce29-da05-470b-9cab-ab715af4a82e', '4b9e2cd3-b17f-4405-b149-6e3b109c1a29', '9', '7', '7', '7', '21', '200', '0', '0', '2025-11-30 09:43:03', '2025-11-30 01:43:03'),
('8648d053-aecc-4f56-a670-ef7d3d85deae', '11930632-98f0-4b1b-9acf-6da1edb058ec', 'cff814ac-8b64-4280-b7b2-82347f2acf9e', '4', '6', '8', '8', '22', '100', '0', '0', '2025-11-30 04:13:15', '2025-11-29 20:13:15'),
('864e88e5-c52a-4f55-9f26-f5f8876afb85', '58589e75-28ef-4e9d-a8a3-eeeae918c29d', 'ab16bfdf-4a05-4153-bed1-c90b5e487e15', '4', '10', '6', '7', '23', '99', '1', '0', '2025-11-30 03:43:46', '2025-11-29 19:43:46'),
('86849830-9b48-4c96-8664-81d4d9c0336c', '11930632-98f0-4b1b-9acf-6da1edb058ec', '413c1c53-f871-4c81-8d79-f6645455929c', '6', '3', '7', '8', '18', '135', '0', '0', '2025-11-30 04:13:28', '2025-11-29 20:13:28'),
('86865c1e-b9e7-4014-a745-cc626b77cd06', '4f696cd2-b7ec-400e-9f08-ccc1bb6dce3d', '604555de-a9a0-45d8-b2cc-678e43cb0934', '6', '10', '10', '10', '30', '150', '3', '0', '2025-11-30 08:16:19', '2025-11-30 00:16:19'),
('877edc41-1940-47c3-84f4-a81c4eeb9a29', '4f696cd2-b7ec-400e-9f08-ccc1bb6dce3d', '6a43cb1e-9444-46e2-aa3c-66474646868c', '2', '10', '10', '10', '30', '30', '3', '0', '2025-11-30 08:16:00', '2025-11-30 00:16:00'),
('881ceb36-6342-4b64-aac7-8cfeee38999f', '14119bd4-635f-4afb-a4f5-b9d9e715a36e', '135d8357-3d35-4910-9ca7-8ac0249870fc', '7', '7', '7', '7', '21', '93', '0', '0', '2025-11-30 08:48:05', '2025-11-30 00:48:05'),
('8845badf-bc51-4aa9-92af-d7d491893fff', '14119bd4-635f-4afb-a4f5-b9d9e715a36e', '135d8357-3d35-4910-9ca7-8ac0249870fc', '8', '8', '8', '8', '24', '117', '0', '0', '2025-11-30 08:48:11', '2025-11-30 00:48:11'),
('88df9b09-3722-4cbd-b033-13394746ff95', '58589e75-28ef-4e9d-a8a3-eeeae918c29d', 'c42f5710-3880-4ac5-824c-87c1257212b9', '1', '10', '9', '7', '26', '26', '1', '0', '2025-11-30 03:40:41', '2025-11-29 19:40:41'),
('8942882c-f580-41a5-b1a6-9f6421b7d2e1', '58589e75-28ef-4e9d-a8a3-eeeae918c29d', 'afd5b437-4a27-4b3b-afba-cc5001198169', '4', '9', '6', '6', '21', '90', '0', '0', '2025-11-30 03:43:44', '2025-11-29 19:43:44'),
('8a41199c-8aee-4eb7-ab47-1e31eac32d01', '4f696cd2-b7ec-400e-9f08-ccc1bb6dce3d', '3d61cae0-2119-4fe8-9a6a-23c4c0e7d90a', '2', '10', '10', '10', '30', '30', '3', '0', '2025-11-30 08:16:01', '2025-11-30 00:16:01'),
('8a7ff827-75d4-40fd-bc7a-79a9406287bc', '4f696cd2-b7ec-400e-9f08-ccc1bb6dce3d', '71daa3e2-5790-4f93-adb0-bbcff21e9b63', '3', '10', '10', '10', '30', '60', '3', '0', '2025-11-30 08:16:05', '2025-11-30 00:16:05');
INSERT INTO `end_events` (`id`, `round_id`, `round_archer_id`, `end_number`, `a1`, `a2`, `a3`, `end_total`, `running_total`, `tens`, `xs`, `device_ts`, `server_ts`) VALUES
('8b4b6507-a9e9-49d8-b28b-1f00da621972', '58589e75-28ef-4e9d-a8a3-eeeae918c29d', 'de9835a0-3f4a-4cb1-b211-dd6b974e57d1', '6', '7', '7', '7', '21', '133', '0', '0', '2025-11-30 03:49:54', '2025-11-29 19:49:54'),
('8e3bc27b-6984-4527-9934-8ad0b2e46436', '11930632-98f0-4b1b-9acf-6da1edb058ec', 'cff814ac-8b64-4280-b7b2-82347f2acf9e', '3', '7', '7', '7', '21', '78', '0', '0', '2025-11-30 04:13:10', '2025-11-29 20:13:10'),
('8fd8541e-513a-4592-a489-b59c425a951e', '11930632-98f0-4b1b-9acf-6da1edb058ec', '469a5a29-5940-4c8f-8f51-f1ed9839c4ea', '6', '6', '6', '6', '18', '96', '0', '0', '2025-11-30 04:15:00', '2025-11-29 20:15:00'),
('9152c3cf-3298-41c7-8c1b-41126d0bdf2f', '11930632-98f0-4b1b-9acf-6da1edb058ec', 'f4bf91db-383c-4ab1-b52a-d39608848439', '9', '7', '10', '8', '25', '164', '1', '0', '2025-11-30 04:15:17', '2025-11-29 20:15:17'),
('91c8f80f-7ccb-4086-880b-fa3c20c61297', '58589e75-28ef-4e9d-a8a3-eeeae918c29d', '97163518-2531-4f30-8b1c-29e6d125333c', '5', '2', '10', 'X', '22', '115', '2', '1', '2025-11-30 04:03:28', '2025-11-29 20:03:28'),
('96c0b3e3-8844-47db-9136-2587b8465b68', '14119bd4-635f-4afb-a4f5-b9d9e715a36e', '3ee79b19-2b58-4728-9c10-b0c8354ca3ca', '1', '1', '1', '1', '3', '3', '0', '0', '2025-11-30 08:48:32', '2025-11-30 00:48:32'),
('96f62460-a5cd-4df2-ad01-f8249875bfcd', '60f3ce29-da05-470b-9cab-ab715af4a82e', 'f3ea383b-fc53-49cb-9b39-98a50a3fd294', '1', '8', '8', '8', '24', '24', '0', '0', '2025-11-30 09:42:04', '2025-11-30 01:42:04'),
('993130dd-603d-49df-be98-552794b65b88', '14119bd4-635f-4afb-a4f5-b9d9e715a36e', '3ee79b19-2b58-4728-9c10-b0c8354ca3ca', '10', '10', '10', '10', '30', '174', '3', '0', '2025-11-30 08:48:22', '2025-11-30 00:48:22'),
('99502690-8a38-41d7-9962-1448614b8cdc', '38c860f7-1afb-4df1-b91d-07aebc44f84f', 'a11b507c-bc5c-4d09-8a4a-6dd43d4fe846', '6', '7', '8', '9', '24', '151', '0', '0', NULL, '2025-11-30 01:19:50'),
('9958ae74-55d0-498b-8bfb-cadb087af535', '60f3ce29-da05-470b-9cab-ab715af4a82e', 'f3ea383b-fc53-49cb-9b39-98a50a3fd294', '5', '10', '10', '10', '30', '126', '3', '0', '2025-11-30 09:42:37', '2025-11-30 01:42:37'),
('9a0210cb-121c-40bc-a8b6-dde2981b5315', '58589e75-28ef-4e9d-a8a3-eeeae918c29d', 'b9a64636-c30c-43b6-b4b4-10e858710038', '2', '6', '6', '6', '18', '39', '0', '0', '2025-11-30 04:05:03', '2025-11-29 20:05:03'),
('9a9899a6-3e33-49e9-8363-f683c9af82cc', '58589e75-28ef-4e9d-a8a3-eeeae918c29d', 'ab16bfdf-4a05-4153-bed1-c90b5e487e15', '8', '7', '7', '7', '21', '183', '0', '0', '2025-11-30 03:50:02', '2025-11-29 19:50:02'),
('9ba568dd-6599-4d38-898e-177075071b97', '58589e75-28ef-4e9d-a8a3-eeeae918c29d', 'de9835a0-3f4a-4cb1-b211-dd6b974e57d1', '9', '7', '7', '7', '21', '196', '0', '0', '2025-11-30 03:50:08', '2025-11-29 19:50:08'),
('9c024668-c557-4264-8a86-2f51531eeb7e', '4f696cd2-b7ec-400e-9f08-ccc1bb6dce3d', '71daa3e2-5790-4f93-adb0-bbcff21e9b63', '5', '10', '10', '10', '30', '120', '3', '0', '2025-11-30 08:16:16', '2025-11-30 00:16:16'),
('9c4bce8d-5f5a-494b-be91-3e7d795267d2', '11930632-98f0-4b1b-9acf-6da1edb058ec', '469a5a29-5940-4c8f-8f51-f1ed9839c4ea', '4', '7', '7', '7', '21', '66', '0', '0', '2025-11-30 04:14:46', '2025-11-29 20:14:46'),
('9c59b691-e556-4fb9-b00b-897c968ccabe', '11930632-98f0-4b1b-9acf-6da1edb058ec', '8d5d4b9e-830a-4271-81b0-2a7b46939066', '5', '10', '10', '10', '30', '108', '3', '0', '2025-11-30 04:11:40', '2025-11-29 20:11:40'),
('9d64b803-62de-4350-b62c-c0e5c88e2892', '11930632-98f0-4b1b-9acf-6da1edb058ec', '8d5d4b9e-830a-4271-81b0-2a7b46939066', '3', '8', '8', '8', '24', '57', '0', '0', '2025-11-30 04:11:06', '2025-11-29 20:11:06'),
('9e211301-33a2-4f79-bc40-9a6c3f5b8ae6', '11930632-98f0-4b1b-9acf-6da1edb058ec', '469a5a29-5940-4c8f-8f51-f1ed9839c4ea', '9', '8', '8', '8', '24', '144', '0', '0', '2025-11-30 04:15:19', '2025-11-29 20:15:19'),
('9eed2cf8-ff09-4533-bf3d-d48f357b3668', '11930632-98f0-4b1b-9acf-6da1edb058ec', 'd4d56c55-9fdb-43e3-8521-ed6989b2ba9f', '2', '3', '3', '3', '9', '27', '0', '0', '2025-11-30 04:14:33', '2025-11-29 20:14:33'),
('a1189597-a1e2-4862-a2c8-7c7e77c3e635', '60f3ce29-da05-470b-9cab-ab715af4a82e', 'f3ea383b-fc53-49cb-9b39-98a50a3fd294', '7', '7', '7', '7', '21', '168', '0', '0', '2025-11-30 09:42:50', '2025-11-30 01:42:50'),
('a16c0a5e-cf83-46cc-bcae-1bd1dda093f1', '58589e75-28ef-4e9d-a8a3-eeeae918c29d', '7d5d781f-f000-4414-9cc0-2c8450b0dcf7', '3', '3', '3', '3', '9', '49', '0', '0', '2025-11-30 04:05:24', '2025-11-29 20:05:24'),
('a18ba263-ca1e-42f9-a48d-2a535a743650', '60f3ce29-da05-470b-9cab-ab715af4a82e', 'f3ea383b-fc53-49cb-9b39-98a50a3fd294', '3', '10', '10', '10', '30', '66', '3', '0', '2025-11-30 09:42:23', '2025-11-30 01:42:23'),
('a22567f1-cf0e-48ce-be91-e75877542fed', '60f3ce29-da05-470b-9cab-ab715af4a82e', '1be4d494-fd1b-44bd-9deb-7933311d885c', '5', '10', '10', '10', '30', '132', '3', '0', '2025-11-30 09:42:36', '2025-11-30 01:42:36'),
('a2884a4b-c740-47bb-bd20-ec18e65971ad', '58589e75-28ef-4e9d-a8a3-eeeae918c29d', 'bd58cf3c-146f-4664-8338-ceb38e45932b', '10', '8', '8', '8', '24', '227', '0', '0', '2025-11-30 04:03:54', '2025-11-29 20:03:54'),
('a2f06404-5d72-474e-bb9f-200fd8f2ebe4', '11930632-98f0-4b1b-9acf-6da1edb058ec', '8d108609-7b65-4095-b6fe-3b706b81ada1', '6', '7', '7', '7', '21', '123', '0', '0', '2025-11-30 04:11:48', '2025-11-29 20:11:48'),
('a2feb111-943a-4136-a2e8-6340cbead3be', '11930632-98f0-4b1b-9acf-6da1edb058ec', '8d108609-7b65-4095-b6fe-3b706b81ada1', '5', '9', '9', '9', '27', '102', '0', '0', '2025-11-30 04:11:41', '2025-11-29 20:11:41'),
('a3c228cd-5603-4f34-abb5-c511806786da', '60f3ce29-da05-470b-9cab-ab715af4a82e', '1be4d494-fd1b-44bd-9deb-7933311d885c', '9', '7', '7', '7', '21', '213', '0', '0', '2025-11-30 09:43:01', '2025-11-30 01:43:01'),
('a3f95a15-df82-45f6-96b0-5e707240e961', '11930632-98f0-4b1b-9acf-6da1edb058ec', 'd4d56c55-9fdb-43e3-8521-ed6989b2ba9f', '4', '7', '7', '7', '21', '67', '0', '0', '2025-11-30 04:14:46', '2025-11-29 20:14:46'),
('a402c713-4548-4c0f-a7b6-2c6abb40b0e9', '11930632-98f0-4b1b-9acf-6da1edb058ec', '105b6535-9ce4-4bd3-a686-5e4e69741d71', '5', '10', '10', '10', '30', '129', '3', '0', '2025-11-30 04:11:39', '2025-11-29 20:11:39'),
('a41bc7aa-d8e4-4eca-9ed6-9a5403c09408', '4f696cd2-b7ec-400e-9f08-ccc1bb6dce3d', '71daa3e2-5790-4f93-adb0-bbcff21e9b63', '10', '8', '8', '8', '24', '240', '0', '0', '2025-11-30 08:16:46', '2025-11-30 00:16:46'),
('a53adb3e-b00b-46a5-9af9-734e3f9e0be1', '4f696cd2-b7ec-400e-9f08-ccc1bb6dce3d', '3d61cae0-2119-4fe8-9a6a-23c4c0e7d90a', '1', '10', '10', '10', '30', '30', '3', '0', '2025-11-30 08:18:19', '2025-11-30 00:18:19'),
('a6b40a20-1090-4624-ad9d-2facb5ad38fe', '11930632-98f0-4b1b-9acf-6da1edb058ec', 'cff814ac-8b64-4280-b7b2-82347f2acf9e', '10', '3', '3', '3', '9', '206', '0', '0', '2025-11-30 04:13:51', '2025-11-29 20:13:51'),
('a6ef3a44-af4a-4017-ae45-8694230222e8', '4f696cd2-b7ec-400e-9f08-ccc1bb6dce3d', '604555de-a9a0-45d8-b2cc-678e43cb0934', '3', '10', '10', '10', '30', '60', '3', '0', '2025-11-30 08:16:04', '2025-11-30 00:16:04'),
('a7be0c07-8765-4fae-a738-6aaa76098acc', '11930632-98f0-4b1b-9acf-6da1edb058ec', 'd4d56c55-9fdb-43e3-8521-ed6989b2ba9f', '9', '8', '7', '8', '23', '168', '0', '0', '2025-11-30 04:15:18', '2025-11-29 20:15:18'),
('a8c1cf30-0589-4f42-b5e8-7ab4ae0f8069', '60f3ce29-da05-470b-9cab-ab715af4a82e', '4b9e2cd3-b17f-4405-b149-6e3b109c1a29', '6', '7', '7', '7', '21', '140', '0', '0', '2025-11-30 09:42:45', '2025-11-30 01:42:45'),
('a8f972f8-53ad-4f2c-bab9-0159869c706d', '58589e75-28ef-4e9d-a8a3-eeeae918c29d', 'b9a64636-c30c-43b6-b4b4-10e858710038', '1', '7', '7', '7', '21', '21', '0', '0', '2025-11-30 04:04:43', '2025-11-29 20:04:43'),
('a9de9ddb-bdd0-4174-9082-86a0db22b996', '11930632-98f0-4b1b-9acf-6da1edb058ec', 'f4bf91db-383c-4ab1-b52a-d39608848439', '8', '7', '3', '8', '18', '139', '0', '0', '2025-11-30 04:15:11', '2025-11-29 20:15:11'),
('ab3e6d4b-749f-4ab4-917c-80b3e037af0d', '14119bd4-635f-4afb-a4f5-b9d9e715a36e', 'ea948c31-f59b-45a7-90a9-919213676908', '3', '3', '3', '3', '9', '18', '0', '0', '2025-11-30 08:48:44', '2025-11-30 00:48:44'),
('ab992642-35e6-44ca-a671-422c9791b569', '60f3ce29-da05-470b-9cab-ab715af4a82e', 'e7a87f16-8a25-4167-9335-7b22af4d7158', '1', '10', '10', '10', '30', '30', '3', '0', '2025-11-30 09:42:00', '2025-11-30 01:42:00'),
('ac0d18b1-41a7-4197-9ed0-18999d0ef652', '58589e75-28ef-4e9d-a8a3-eeeae918c29d', 'afd5b437-4a27-4b3b-afba-cc5001198169', '7', '7', '7', '7', '21', '153', '0', '0', '2025-11-30 03:49:58', '2025-11-29 19:49:58'),
('accaeef5-3fd3-45d3-8243-4bdb089926cc', '11930632-98f0-4b1b-9acf-6da1edb058ec', '8d108609-7b65-4095-b6fe-3b706b81ada1', '9', '2', '6', '7', '15', '177', '0', '0', '2025-11-30 04:12:09', '2025-11-29 20:12:09'),
('ad4609cb-8064-4a38-b207-b97ddcb73375', '58589e75-28ef-4e9d-a8a3-eeeae918c29d', 'ab16bfdf-4a05-4153-bed1-c90b5e487e15', '2', '10', '10', '10', '30', '55', '3', '0', '2025-11-30 03:40:52', '2025-11-29 19:40:52'),
('af582f48-a766-4d49-9250-b88e4c6dad3e', '58589e75-28ef-4e9d-a8a3-eeeae918c29d', 'ab16bfdf-4a05-4153-bed1-c90b5e487e15', '6', '7', '7', '7', '21', '141', '0', '0', '2025-11-30 03:49:54', '2025-11-29 19:49:54'),
('af9bff31-d7e1-4078-9203-07bfa363bbdd', '38c860f7-1afb-4df1-b91d-07aebc44f84f', 'a11b507c-bc5c-4d09-8a4a-6dd43d4fe846', '10', '2', '2', 'M', '4', '219', '0', '0', NULL, '2025-11-30 01:19:50'),
('b01dc29d-5353-4982-a8ba-678a6f28ea50', '14119bd4-635f-4afb-a4f5-b9d9e715a36e', '2c609e88-dc14-42b0-9bf4-497e36a547e3', '6', '6', '6', '6', '18', '63', '0', '0', '2025-11-30 08:49:09', '2025-11-30 00:49:09'),
('b0341996-a5b1-4265-976e-fb85f53331b2', '11930632-98f0-4b1b-9acf-6da1edb058ec', 'cff814ac-8b64-4280-b7b2-82347f2acf9e', '6', '8', '7', '4', '19', '140', '0', '0', '2025-11-30 04:13:27', '2025-11-29 20:13:27'),
('b1058ceb-9369-47b1-817e-90acab7baa49', '11930632-98f0-4b1b-9acf-6da1edb058ec', '15a3f860-d034-4414-af0b-c0cb2463f958', '1', '6', '6', '6', '18', '18', '0', '0', '2025-11-30 04:14:26', '2025-11-29 20:14:26'),
('b13627e7-c900-48fa-8d07-54780932b47f', '4f696cd2-b7ec-400e-9f08-ccc1bb6dce3d', '71daa3e2-5790-4f93-adb0-bbcff21e9b63', '1', '10', '10', '10', '30', '30', '3', '0', '2025-11-30 08:18:18', '2025-11-30 00:18:18'),
('b3f6652b-f3f9-4a9c-841b-cb8e60b9a25f', '14119bd4-635f-4afb-a4f5-b9d9e715a36e', 'ea948c31-f59b-45a7-90a9-919213676908', '7', '7', '7', '7', '21', '93', '0', '0', '2025-11-30 08:48:03', '2025-11-30 00:48:03'),
('b475de5a-bca7-4c65-93d8-40516b134a4f', '4f696cd2-b7ec-400e-9f08-ccc1bb6dce3d', '3d61cae0-2119-4fe8-9a6a-23c4c0e7d90a', '9', '10', '10', '10', '30', '216', '3', '0', '2025-11-30 08:16:38', '2025-11-30 00:16:38'),
('b4b4d77a-7715-4870-a1f3-002f41c5bfc7', '38c860f7-1afb-4df1-b91d-07aebc44f84f', 'a11b507c-bc5c-4d09-8a4a-6dd43d4fe846', '1', '9', '8', '10', '27', '27', '1', '0', NULL, '2025-11-30 01:19:50'),
('b83a735e-c62f-43b0-b592-426bb58cc1d8', '60f3ce29-da05-470b-9cab-ab715af4a82e', 'e7a87f16-8a25-4167-9335-7b22af4d7158', '2', '6', '6', '6', '18', '48', '0', '0', '2025-11-30 09:42:09', '2025-11-30 01:42:09'),
('b8c74200-eb20-4118-aec9-f0df7818a16c', '58589e75-28ef-4e9d-a8a3-eeeae918c29d', 'cebd5487-d4eb-4c3e-9f2e-9fc1b035cb34', '10', '8', '8', '8', '24', '228', '0', '0', '2025-11-30 04:03:56', '2025-11-29 20:03:56'),
('b8fd4b92-2330-4032-9167-3b9c984361f3', '38c860f7-1afb-4df1-b91d-07aebc44f84f', 'a11b507c-bc5c-4d09-8a4a-6dd43d4fe846', '9', '4', '6', '9', '19', '215', '0', '0', NULL, '2025-11-30 01:19:50'),
('b942e863-d884-4a6b-bae1-aa61c871fb7a', '58589e75-28ef-4e9d-a8a3-eeeae918c29d', 'c42f5710-3880-4ac5-824c-87c1257212b9', '7', '7', '7', '7', '21', '147', '0', '0', '2025-11-30 03:49:57', '2025-11-29 19:49:57'),
('b95ca0ac-dd4e-4f8d-aff5-afef77f02a69', '58589e75-28ef-4e9d-a8a3-eeeae918c29d', 'de9835a0-3f4a-4cb1-b211-dd6b974e57d1', '7', '7', '7', '7', '21', '154', '0', '0', '2025-11-30 03:49:59', '2025-11-29 19:49:59'),
('b9fa489b-9b78-4400-9ae0-ac976d82157b', '14119bd4-635f-4afb-a4f5-b9d9e715a36e', '135d8357-3d35-4910-9ca7-8ac0249870fc', '5', '5', '5', '5', '15', '45', '0', '0', '2025-11-30 08:49:02', '2025-11-30 00:49:02'),
('bbdb7246-fcc9-4fa2-8a21-c12bce998d45', '58589e75-28ef-4e9d-a8a3-eeeae918c29d', '97163518-2531-4f30-8b1c-29e6d125333c', '4', '10', '7', 'X', '27', '93', '2', '1', '2025-11-30 04:03:21', '2025-11-29 20:03:21'),
('bbf790c9-487c-44e0-b963-aed2422d6a81', 'cedd187a-e48a-45e1-ad7b-90609612b3ca', '9ae4e9f2-ac50-4f68-b105-d9dcbbb0b818', '7', '4', '4', '4', '12', '148', '0', '0', NULL, '2025-11-30 01:21:38'),
('bc5353cd-5d29-435c-89ed-f1204b1644fb', '58589e75-28ef-4e9d-a8a3-eeeae918c29d', 'bd58cf3c-146f-4664-8338-ceb38e45932b', '8', '8', '8', '8', '24', '185', '0', '0', '2025-11-30 04:03:44', '2025-11-29 20:03:44'),
('bd4f14cd-027a-434a-857c-4b2ec5416458', '11930632-98f0-4b1b-9acf-6da1edb058ec', '469a5a29-5940-4c8f-8f51-f1ed9839c4ea', '8', '8', '8', '8', '24', '120', '0', '0', '2025-11-30 04:15:13', '2025-11-29 20:15:13'),
('becadcdb-15d0-4153-8558-a9583da56538', '11930632-98f0-4b1b-9acf-6da1edb058ec', '8d5d4b9e-830a-4271-81b0-2a7b46939066', '7', '10', '10', '10', '30', '163', '3', '0', '2025-11-30 04:11:54', '2025-11-29 20:11:54'),
('bf87c44c-20ca-4eaa-bd6a-4ec3bb217837', '11930632-98f0-4b1b-9acf-6da1edb058ec', 'cff814ac-8b64-4280-b7b2-82347f2acf9e', '1', '9', '9', '9', '27', '27', '0', '0', '2025-11-30 04:13:00', '2025-11-29 20:13:00'),
('c00e96d7-6aec-492e-8235-4a9e40915cbb', '11930632-98f0-4b1b-9acf-6da1edb058ec', '413c1c53-f871-4c81-8d79-f6645455929c', '5', '7', '7', '7', '21', '117', '0', '0', '2025-11-30 04:13:21', '2025-11-29 20:13:21'),
('c058e8d2-d91f-443d-b813-bdf7b5432a5a', '4f696cd2-b7ec-400e-9f08-ccc1bb6dce3d', '604555de-a9a0-45d8-b2cc-678e43cb0934', '7', '6', '6', '6', '18', '168', '0', '0', '2025-11-30 08:16:24', '2025-11-30 00:16:24'),
('c0d7a3a5-3a0f-41da-b18a-c75cb9140287', '11930632-98f0-4b1b-9acf-6da1edb058ec', 'fbdb9038-d26a-425f-83cd-116ce5255fe2', '6', '7', '7', '6', '20', '114', '0', '0', '2025-11-30 04:11:49', '2025-11-29 20:11:49'),
('c166958e-af3e-4a74-8046-4cd40816e37c', '58589e75-28ef-4e9d-a8a3-eeeae918c29d', '099f27a6-5e67-4fcb-944e-90955690115d', '1', '10', '9', '9', '28', '28', '1', '0', '2025-11-30 04:02:58', '2025-11-29 20:02:58'),
('c18ad02b-1735-482f-8ea9-0aab0c29316f', '11930632-98f0-4b1b-9acf-6da1edb058ec', '26401a19-6581-4f14-9bd3-fb52e8f4e4b7', '3', '7', '7', '7', '21', '78', '0', '0', '2025-11-30 04:13:09', '2025-11-29 20:13:09'),
('c20bdfe3-2859-4d3c-b34d-db6f2cab8942', '58589e75-28ef-4e9d-a8a3-eeeae918c29d', 'c42f5710-3880-4ac5-824c-87c1257212b9', '2', '10', '10', '10', '30', '56', '3', '0', '2025-11-30 03:40:50', '2025-11-29 19:40:50'),
('c2a399aa-b073-44f6-8345-751f066fab96', '14119bd4-635f-4afb-a4f5-b9d9e715a36e', '3ee79b19-2b58-4728-9c10-b0c8354ca3ca', '9', '9', '9', '9', '27', '144', '0', '0', '2025-11-30 08:48:16', '2025-11-30 00:48:16'),
('c382a505-61c9-4caa-8897-ae5383b96ab7', '58589e75-28ef-4e9d-a8a3-eeeae918c29d', '099f27a6-5e67-4fcb-944e-90955690115d', '10', '8', '8', '8', '24', '230', '0', '0', '2025-11-30 04:03:54', '2025-11-29 20:03:54'),
('c420b423-37a1-448a-8d3e-8b815eef23d8', '4f696cd2-b7ec-400e-9f08-ccc1bb6dce3d', '3d61cae0-2119-4fe8-9a6a-23c4c0e7d90a', '10', '8', '8', '8', '24', '240', '0', '0', '2025-11-30 08:16:46', '2025-11-30 00:16:46'),
('c43d396e-8a05-4580-a822-ca533b858ba4', 'cedd187a-e48a-45e1-ad7b-90609612b3ca', '9ae4e9f2-ac50-4f68-b105-d9dcbbb0b818', '5', '6', '6', '6', '18', '120', '0', '0', NULL, '2025-11-30 01:21:38'),
('c5a6caed-5649-4111-ae9d-cc9236a238a2', '4f696cd2-b7ec-400e-9f08-ccc1bb6dce3d', '3d61cae0-2119-4fe8-9a6a-23c4c0e7d90a', '3', '10', '10', '10', '30', '60', '3', '0', '2025-11-30 08:16:07', '2025-11-30 00:16:07'),
('c5c3e97f-52fc-41d5-8cc3-9c59083f1574', '58589e75-28ef-4e9d-a8a3-eeeae918c29d', 'bd58cf3c-146f-4664-8338-ceb38e45932b', '9', '6', '6', '6', '18', '203', '0', '0', '2025-11-30 04:03:49', '2025-11-29 20:03:49'),
('c5c7e33f-db67-432c-8405-ec5b0c9e16d8', '58589e75-28ef-4e9d-a8a3-eeeae918c29d', 'cebd5487-d4eb-4c3e-9f2e-9fc1b035cb34', '8', '8', '8', '8', '24', '186', '0', '0', '2025-11-30 04:03:46', '2025-11-29 20:03:46'),
('c5d6c4cf-a5a2-402a-9765-11a3c7d52434', 'd58adcd1-bde1-4a79-920b-f3bc99c494bf', 'db656273-7194-4b08-a809-46de22f46a50', '1', '10', '10', '10', '30', '30', '3', '0', '2025-11-30 07:49:50', '2025-11-29 23:49:50'),
('c6158378-fdd0-4e74-93aa-be98c4a2529e', '58589e75-28ef-4e9d-a8a3-eeeae918c29d', 'de9835a0-3f4a-4cb1-b211-dd6b974e57d1', '5', '7', '7', '7', '21', '112', '0', '0', '2025-11-30 03:49:50', '2025-11-29 19:49:50'),
('ca3a83cd-c4ad-4d8f-b5a9-9c8ae941246d', '11930632-98f0-4b1b-9acf-6da1edb058ec', 'fbdb9038-d26a-425f-83cd-116ce5255fe2', '2', '6', '6', '6', '18', '39', '0', '0', '2025-11-30 04:11:01', '2025-11-29 20:11:01'),
('ca98f30d-4071-452f-be6e-cba4e29b3e75', '11930632-98f0-4b1b-9acf-6da1edb058ec', 'd4d56c55-9fdb-43e3-8521-ed6989b2ba9f', '7', '9', '9', '9', '27', '121', '0', '0', '2025-11-30 04:15:04', '2025-11-29 20:15:04'),
('cbb75c64-f547-450a-961e-b3cae0a8143f', '58589e75-28ef-4e9d-a8a3-eeeae918c29d', 'bd58cf3c-146f-4664-8338-ceb38e45932b', '1', '9', '7', '7', '23', '23', '0', '0', '2025-11-30 04:03:00', '2025-11-29 20:03:00'),
('cc22a4fc-0a11-4f2e-b134-64b7fa6ee72f', '14119bd4-635f-4afb-a4f5-b9d9e715a36e', '135d8357-3d35-4910-9ca7-8ac0249870fc', '3', '3', '3', '3', '9', '18', '0', '0', '2025-11-30 08:48:46', '2025-11-30 00:48:46'),
('cc414ea6-b7ab-441f-9e5f-9883cf2fc8e8', '11930632-98f0-4b1b-9acf-6da1edb058ec', '8d108609-7b65-4095-b6fe-3b706b81ada1', '3', '7', '7', '7', '21', '63', '0', '0', '2025-11-30 04:11:08', '2025-11-29 20:11:08'),
('ccc723b9-6816-4aaf-bbe5-e69ea12240e4', '4f696cd2-b7ec-400e-9f08-ccc1bb6dce3d', '604555de-a9a0-45d8-b2cc-678e43cb0934', '2', '10', '10', '10', '30', '30', '3', '0', '2025-11-30 08:15:59', '2025-11-30 00:15:59'),
('cd049d5c-d4b5-49c8-847e-09542e8e1ae0', '58589e75-28ef-4e9d-a8a3-eeeae918c29d', 'cebd5487-d4eb-4c3e-9f2e-9fc1b035cb34', '6', '10', '7', '7', '24', '138', '1', '0', '2025-11-30 04:03:35', '2025-11-29 20:03:35'),
('cf7fb329-40a0-443a-a300-0cfff47e6314', '58589e75-28ef-4e9d-a8a3-eeeae918c29d', '97163518-2531-4f30-8b1c-29e6d125333c', '3', '7', '7', '7', '21', '66', '0', '0', '2025-11-30 04:03:13', '2025-11-29 20:03:13'),
('d0ea1207-e193-4a71-83e2-eeec97957592', '11930632-98f0-4b1b-9acf-6da1edb058ec', 'fbdb9038-d26a-425f-83cd-116ce5255fe2', '5', '7', '7', '7', '21', '94', '0', '0', '2025-11-30 04:11:42', '2025-11-29 20:11:42'),
('d29fc8c4-0c45-4c81-88e9-bf8f0572a5ce', '60f3ce29-da05-470b-9cab-ab715af4a82e', '1be4d494-fd1b-44bd-9deb-7933311d885c', '1', '9', '9', '9', '27', '27', '0', '0', '2025-11-30 09:42:02', '2025-11-30 01:42:02'),
('d2a12cea-c4d6-49fe-b14e-e125a6e530bc', '38c860f7-1afb-4df1-b91d-07aebc44f84f', 'a11b507c-bc5c-4d09-8a4a-6dd43d4fe846', '2', '8', '8', '9', '25', '52', '0', '0', NULL, '2025-11-30 01:19:50'),
('d2d9e5d8-88b7-4a65-9521-b4de30ba91dc', '58589e75-28ef-4e9d-a8a3-eeeae918c29d', 'cebd5487-d4eb-4c3e-9f2e-9fc1b035cb34', '7', '8', '8', '8', '24', '162', '0', '0', '2025-11-30 04:03:41', '2025-11-29 20:03:41'),
('d3e6010a-d900-4a87-9e8e-02f4ccec3c82', '11930632-98f0-4b1b-9acf-6da1edb058ec', '413c1c53-f871-4c81-8d79-f6645455929c', '8', '3', '3', '10', '16', '172', '1', '0', '2025-11-30 04:13:40', '2025-11-29 20:13:40'),
('d4f49124-b4c0-428d-887e-8b3741986687', '11930632-98f0-4b1b-9acf-6da1edb058ec', '15a3f860-d034-4414-af0b-c0cb2463f958', '3', '7', '10', '7', '24', '51', '1', '0', '2025-11-30 04:14:38', '2025-11-29 20:14:38'),
('d685b7bc-f267-4de3-9773-7abf787d5d0e', '14119bd4-635f-4afb-a4f5-b9d9e715a36e', '2c609e88-dc14-42b0-9bf4-497e36a547e3', '8', '8', '8', '8', '24', '197', '0', '0', '2025-11-30 08:48:12', '2025-11-30 00:48:12'),
('d70aee93-9265-4cb2-a11e-4c792fd9f12a', '58589e75-28ef-4e9d-a8a3-eeeae918c29d', 'afd5b437-4a27-4b3b-afba-cc5001198169', '3', '6', '7', '3', '16', '69', '0', '0', '2025-11-30 03:43:38', '2025-11-29 19:43:38'),
('d7bb1dbd-973c-4f33-83d1-2f77a289aeb9', '14119bd4-635f-4afb-a4f5-b9d9e715a36e', '135d8357-3d35-4910-9ca7-8ac0249870fc', '6', '6', '6', '6', '18', '63', '0', '0', '2025-11-30 08:49:08', '2025-11-30 00:49:08'),
('d8dd0ed1-3697-4268-9aa8-0eaaf94c1a55', 'cedd187a-e48a-45e1-ad7b-90609612b3ca', '9ae4e9f2-ac50-4f68-b105-d9dcbbb0b818', '1', '10', '10', '10', '30', '30', '3', '0', NULL, '2025-11-30 01:21:38'),
('d90549f7-1f1e-45d0-bba1-fd5ed644cf3d', '14119bd4-635f-4afb-a4f5-b9d9e715a36e', 'ea948c31-f59b-45a7-90a9-919213676908', '9', '9', '9', '9', '27', '144', '0', '0', '2025-11-30 08:48:15', '2025-11-30 00:48:15'),
('d96b8e9d-8dca-47ee-9dd6-61d8529e9b26', '11930632-98f0-4b1b-9acf-6da1edb058ec', 'f4bf91db-383c-4ab1-b52a-d39608848439', '10', '7', '7', '7', '21', '185', '0', '0', '2025-11-30 04:15:25', '2025-11-29 20:15:25'),
('d991a5b3-9b0c-488f-ae62-639445ac0fb0', '11930632-98f0-4b1b-9acf-6da1edb058ec', '8d108609-7b65-4095-b6fe-3b706b81ada1', '7', '10', '10', '10', '30', '153', '3', '0', '2025-11-30 04:11:55', '2025-11-29 20:11:55'),
('d9cf005a-c39f-4fba-ba6d-f26804730acd', '14119bd4-635f-4afb-a4f5-b9d9e715a36e', '3ee79b19-2b58-4728-9c10-b0c8354ca3ca', '6', '6', '6', '6', '18', '63', '0', '0', '2025-11-30 08:49:08', '2025-11-30 00:49:08');
INSERT INTO `end_events` (`id`, `round_id`, `round_archer_id`, `end_number`, `a1`, `a2`, `a3`, `end_total`, `running_total`, `tens`, `xs`, `device_ts`, `server_ts`) VALUES
('da8cb63f-2c8a-46dd-8dd8-6f2a221ee31a', '11930632-98f0-4b1b-9acf-6da1edb058ec', '26401a19-6581-4f14-9bd3-fb52e8f4e4b7', '6', 'X', 'X', '7', '27', '144', '2', '2', '2025-11-30 04:13:26', '2025-11-29 20:13:26'),
('da962812-7bec-4510-8f69-4df91280bfc1', '58589e75-28ef-4e9d-a8a3-eeeae918c29d', 'ab16bfdf-4a05-4153-bed1-c90b5e487e15', '3', '7', '7', '7', '21', '76', '0', '0', '2025-11-30 03:43:39', '2025-11-29 19:43:39'),
('dbf68f31-47f4-4ac0-931f-8e663b3ba188', '11930632-98f0-4b1b-9acf-6da1edb058ec', '15a3f860-d034-4414-af0b-c0cb2463f958', '4', '7', '7', '7', '21', '72', '0', '0', '2025-11-30 04:14:44', '2025-11-29 20:14:44'),
('dd1e32c7-adf1-40cb-9ffd-3211abe41421', 'cedd187a-e48a-45e1-ad7b-90609612b3ca', '9ae4e9f2-ac50-4f68-b105-d9dcbbb0b818', '9', '2', '2', '2', '6', '163', '0', '0', NULL, '2025-11-30 01:21:38'),
('df8256b6-4ab2-4c52-96a9-1d13bc683e52', '4f696cd2-b7ec-400e-9f08-ccc1bb6dce3d', '71daa3e2-5790-4f93-adb0-bbcff21e9b63', '6', '10', '10', '10', '30', '150', '3', '0', '2025-11-30 08:16:21', '2025-11-30 00:16:21'),
('dfec3148-5753-4b2c-ac8a-f99b2b9e515d', '58589e75-28ef-4e9d-a8a3-eeeae918c29d', '05a1afff-d995-46e0-a9d7-ccf45c13613a', '3', '6', '6', '6', '18', '57', '0', '0', '2025-11-30 04:05:27', '2025-11-29 20:05:27'),
('e14c4698-6cbe-43a1-9dc7-5be541992144', '11930632-98f0-4b1b-9acf-6da1edb058ec', '8d5d4b9e-830a-4271-81b0-2a7b46939066', '6', '9', '9', '7', '25', '133', '0', '0', '2025-11-30 04:11:47', '2025-11-29 20:11:47'),
('e48ef939-d929-4a7a-b7e5-0ccebbb8f7e2', '4f696cd2-b7ec-400e-9f08-ccc1bb6dce3d', '3d61cae0-2119-4fe8-9a6a-23c4c0e7d90a', '8', '6', '6', '6', '18', '186', '0', '0', '2025-11-30 08:16:32', '2025-11-30 00:16:32'),
('e54e801e-8881-41f4-9c75-a7baa7a1e425', '11930632-98f0-4b1b-9acf-6da1edb058ec', 'cff814ac-8b64-4280-b7b2-82347f2acf9e', '7', '6', '6', '7', '19', '159', '0', '0', '2025-11-30 04:13:33', '2025-11-29 20:13:33'),
('e79c9135-8442-4b65-818a-94e2c638624d', '4f696cd2-b7ec-400e-9f08-ccc1bb6dce3d', '71daa3e2-5790-4f93-adb0-bbcff21e9b63', '9', '10', '10', '10', '30', '216', '3', '0', '2025-11-30 08:16:37', '2025-11-30 00:16:37'),
('e8913e3c-c633-45c5-8321-51b85a0ffe1a', '60f3ce29-da05-470b-9cab-ab715af4a82e', 'f3ea383b-fc53-49cb-9b39-98a50a3fd294', '9', '7', '7', '7', '21', '207', '0', '0', '2025-11-30 09:43:02', '2025-11-30 01:43:02'),
('e981fcdb-aed5-4b49-a5a2-5fdbafecaa56', 'cedd187a-e48a-45e1-ad7b-90609612b3ca', '9ae4e9f2-ac50-4f68-b105-d9dcbbb0b818', '3', '8', '8', '8', '24', '81', '0', '0', NULL, '2025-11-30 01:21:38'),
('eaa6787a-2025-41e7-8e24-e57bc3482cc3', '11930632-98f0-4b1b-9acf-6da1edb058ec', 'd4d56c55-9fdb-43e3-8521-ed6989b2ba9f', '5', '3', '3', '3', '9', '76', '0', '0', '2025-11-30 04:14:52', '2025-11-29 20:14:52'),
('eb6d62e2-5ed6-4c37-b719-0f318b5f8e2f', '11930632-98f0-4b1b-9acf-6da1edb058ec', 'd4d56c55-9fdb-43e3-8521-ed6989b2ba9f', '8', '8', '8', '8', '24', '145', '0', '0', '2025-11-30 04:15:12', '2025-11-29 20:15:12'),
('ed9ffbaa-9d46-476c-b43b-5ccb6e620ff9', '11930632-98f0-4b1b-9acf-6da1edb058ec', '15a3f860-d034-4414-af0b-c0cb2463f958', '2', '3', '3', '3', '9', '27', '0', '0', '2025-11-30 04:14:31', '2025-11-29 20:14:31'),
('eec8dcd0-2902-42c9-acbd-41bcfd8079a3', '58589e75-28ef-4e9d-a8a3-eeeae918c29d', '05a1afff-d995-46e0-a9d7-ccf45c13613a', '1', '7', '7', '7', '21', '21', '0', '0', '2025-11-30 04:04:41', '2025-11-29 20:04:41'),
('eed6a958-bb74-4db6-8ebc-3ac4b1aaf522', '60f3ce29-da05-470b-9cab-ab715af4a82e', '4b9e2cd3-b17f-4405-b149-6e3b109c1a29', '1', '7', '7', '7', '21', '21', '0', '0', '2025-11-30 09:42:05', '2025-11-30 01:42:05'),
('eee8b281-543e-4043-9195-19d700a57472', '4f696cd2-b7ec-400e-9f08-ccc1bb6dce3d', '604555de-a9a0-45d8-b2cc-678e43cb0934', '1', '10', '10', '10', '30', '30', '3', '0', '2025-11-30 08:18:16', '2025-11-30 00:18:16'),
('efbaefdb-f446-4c7d-a5ed-627796cf6589', '58589e75-28ef-4e9d-a8a3-eeeae918c29d', 'afd5b437-4a27-4b3b-afba-cc5001198169', '5', '7', '7', '7', '21', '111', '0', '0', '2025-11-30 03:49:49', '2025-11-29 19:49:49'),
('f05418f4-57e3-452a-a82b-fbf6f254dcee', '11930632-98f0-4b1b-9acf-6da1edb058ec', '8d108609-7b65-4095-b6fe-3b706b81ada1', '2', '7', '7', '7', '21', '42', '0', '0', '2025-11-30 04:10:59', '2025-11-29 20:10:59'),
('f10cbd17-b0f8-4e73-8cb9-9b698ba0ac3c', '11930632-98f0-4b1b-9acf-6da1edb058ec', '469a5a29-5940-4c8f-8f51-f1ed9839c4ea', '3', '6', '6', '6', '18', '45', '0', '0', '2025-11-30 04:14:41', '2025-11-29 20:14:41'),
('f181c99e-33b9-4ff6-b849-f9a963e3fb37', '60f3ce29-da05-470b-9cab-ab715af4a82e', '1be4d494-fd1b-44bd-9deb-7933311d885c', '3', '10', '10', '10', '30', '72', '3', '0', '2025-11-30 09:42:22', '2025-11-30 01:42:22'),
('f2ba4175-e980-4816-8b67-e2808949763f', '11930632-98f0-4b1b-9acf-6da1edb058ec', '105b6535-9ce4-4bd3-a686-5e4e69741d71', '7', '10', '10', '10', '30', '186', '3', '0', '2025-11-30 04:11:53', '2025-11-29 20:11:53'),
('f36b4661-d63d-44da-b71c-2fdb8ca266c4', '58589e75-28ef-4e9d-a8a3-eeeae918c29d', '099f27a6-5e67-4fcb-944e-90955690115d', '4', '6', '6', 'M', '12', '92', '0', '0', '2025-11-30 04:03:19', '2025-11-29 20:03:19'),
('f377e6f4-28f2-4fae-ba33-9f091bc0e2c0', '14119bd4-635f-4afb-a4f5-b9d9e715a36e', '2c609e88-dc14-42b0-9bf4-497e36a547e3', '10', '10', '10', '10', '30', '254', '3', '0', '2025-11-30 08:48:23', '2025-11-30 00:48:23'),
('f39f7042-8be6-421c-89b8-f7d0cd23cced', '11930632-98f0-4b1b-9acf-6da1edb058ec', '469a5a29-5940-4c8f-8f51-f1ed9839c4ea', '1', '6', '6', '6', '18', '18', '0', '0', '2025-11-30 04:14:28', '2025-11-29 20:14:28'),
('f599004c-f8f2-4444-a77e-85ae979618b3', '58589e75-28ef-4e9d-a8a3-eeeae918c29d', 'ab16bfdf-4a05-4153-bed1-c90b5e487e15', '5', '7', '7', '7', '21', '120', '0', '0', '2025-11-30 03:49:50', '2025-11-29 19:49:50'),
('f6a9a5d1-6338-4891-8369-ebe6b2a65c98', '11930632-98f0-4b1b-9acf-6da1edb058ec', '15a3f860-d034-4414-af0b-c0cb2463f958', '6', '7', '7', '7', '21', '120', '0', '0', '2025-11-30 04:14:57', '2025-11-29 20:14:57'),
('f78e827e-0613-425f-a2fa-a25ba3cedf5e', '11930632-98f0-4b1b-9acf-6da1edb058ec', '8d108609-7b65-4095-b6fe-3b706b81ada1', '1', '7', '7', '7', '21', '21', '0', '0', '2025-11-30 04:10:50', '2025-11-29 20:10:50'),
('f83e0fc0-31db-4ba1-8535-06beb2275a94', '14119bd4-635f-4afb-a4f5-b9d9e715a36e', 'ea948c31-f59b-45a7-90a9-919213676908', '10', '10', '10', '10', '30', '174', '3', '0', '2025-11-30 08:48:21', '2025-11-30 00:48:21'),
('f91e69a6-d818-43d0-97cf-a67ae7cfc996', '58589e75-28ef-4e9d-a8a3-eeeae918c29d', 'de9835a0-3f4a-4cb1-b211-dd6b974e57d1', '4', '6', '7', '6', '19', '91', '0', '0', '2025-11-30 03:43:47', '2025-11-29 19:43:47'),
('f98c71c6-7a20-4c50-b2ff-227c5e7dec61', 'cedd187a-e48a-45e1-ad7b-90609612b3ca', '9ae4e9f2-ac50-4f68-b105-d9dcbbb0b818', '4', '7', '7', '7', '21', '102', '0', '0', NULL, '2025-11-30 01:21:38'),
('f9d53d5f-097a-4044-b630-9cf3e4308159', '58589e75-28ef-4e9d-a8a3-eeeae918c29d', 'c42f5710-3880-4ac5-824c-87c1257212b9', '10', '7', '7', '7', '21', '210', '0', '0', '2025-11-30 03:50:10', '2025-11-29 19:50:10'),
('fafcbe8a-5c59-4796-9149-b62fe501bda5', '60f3ce29-da05-470b-9cab-ab715af4a82e', 'e7a87f16-8a25-4167-9335-7b22af4d7158', '8', '6', '6', '6', '18', '198', '0', '0', '2025-11-30 09:42:54', '2025-11-30 01:42:54'),
('fc801b82-34c2-47ae-80da-fd8668cbb429', '11930632-98f0-4b1b-9acf-6da1edb058ec', 'f4bf91db-383c-4ab1-b52a-d39608848439', '3', '7', '6', '7', '20', '47', '0', '0', '2025-11-30 04:14:39', '2025-11-29 20:14:39'),
('fcfdb201-3e97-49b6-b7a5-9489cedf7a65', '58589e75-28ef-4e9d-a8a3-eeeae918c29d', 'c42f5710-3880-4ac5-824c-87c1257212b9', '5', '7', '7', '7', '21', '105', '0', '0', '2025-11-30 03:49:49', '2025-11-29 19:49:49'),
('fdb8d01b-a3fb-4c40-bfae-bcab65faffd1', '11930632-98f0-4b1b-9acf-6da1edb058ec', 'd4d56c55-9fdb-43e3-8521-ed6989b2ba9f', '10', '7', '7', '7', '21', '189', '0', '0', '2025-11-30 04:15:26', '2025-11-29 20:15:26'),
('fe0d144c-8f52-4da2-b90a-f79d5bc84a86', '58589e75-28ef-4e9d-a8a3-eeeae918c29d', 'cebd5487-d4eb-4c3e-9f2e-9fc1b035cb34', '1', '7', '7', '7', '21', '21', '0', '0', '2025-11-30 04:03:01', '2025-11-29 20:03:01'),
('fe642ec1-813d-4ec1-b6a1-a0760f610630', '58589e75-28ef-4e9d-a8a3-eeeae918c29d', '099f27a6-5e67-4fcb-944e-90955690115d', '8', '8', '8', '8', '24', '188', '0', '0', '2025-11-30 04:03:44', '2025-11-29 20:03:44'),
('fe7e0de4-170d-46f2-974d-f22f8dfe33a0', '11930632-98f0-4b1b-9acf-6da1edb058ec', '8d5d4b9e-830a-4271-81b0-2a7b46939066', '4', '7', '7', '7', '21', '78', '0', '0', '2025-11-30 04:11:34', '2025-11-29 20:11:34');
UNLOCK TABLES;

-- Table structure for `events`
DROP TABLE IF EXISTS `events`;
CREATE TABLE `events` (
  `id` char(36) COLLATE utf8mb4_general_ci NOT NULL,
  `name` varchar(200) COLLATE utf8mb4_general_ci NOT NULL,
  `date` date NOT NULL,
  `created_at` timestamp NOT NULL DEFAULT CURRENT_TIMESTAMP,
  `status` varchar(20) COLLATE utf8mb4_general_ci NOT NULL DEFAULT 'Planned' COMMENT 'Planned, Active, or Completed',
  `event_type` varchar(20) COLLATE utf8mb4_general_ci DEFAULT 'auto_assign' COMMENT 'auto_assign or self_select',
  `entry_code` varchar(20) COLLATE utf8mb4_general_ci DEFAULT NULL COMMENT 'Optional entry code for archer access (e.g., for QR codes)',
  PRIMARY KEY (`id`),
  KEY `idx_events_date` (`date`),
  KEY `idx_events_entry_code` (`entry_code`)
) ENGINE=InnoDB DEFAULT CHARSET=utf8mb4 COLLATE=utf8mb4_general_ci;

-- Data for table `events` (4 rows)
LOCK TABLES `events` WRITE;
INSERT INTO `events` (`id`, `name`, `date`, `created_at`, `status`, `event_type`, `entry_code`) VALUES
('02a458ca-a44d-4f91-95d5-da4adea29fe1', 'Event', '2025-11-30', '2025-11-29 19:04:35', 'Planned', 'auto_assign', ''),
('1cacab15-0975-48ce-ae5b-4b62ca1dbfbb', 'Event Pre', '2025-11-30', '2025-11-29 19:04:42', 'Active', 'auto_assign', 'E2'),
('26050729-c865-4de8-83e3-7efa150cc703', 'Prog Test ...049', '2025-12-15', '2025-11-29 19:04:43', 'Active', 'auto_assign', 'progress'),
('999338c5-ed2a-4a17-a327-f42f410ed074', 'Event', '2025-11-30', '2025-11-29 19:04:17', 'Planned', 'auto_assign', '');
UNLOCK TABLES;

-- Table structure for `round_archers`
DROP TABLE IF EXISTS `round_archers`;
CREATE TABLE `round_archers` (
  `id` char(36) COLLATE utf8mb4_general_ci NOT NULL,
  `round_id` char(36) COLLATE utf8mb4_general_ci NOT NULL,
  `archer_id` char(36) COLLATE utf8mb4_general_ci DEFAULT NULL,
  `archer_name` varchar(200) COLLATE utf8mb4_general_ci NOT NULL,
  `school` varchar(3) COLLATE utf8mb4_general_ci DEFAULT NULL COMMENT '3-letter code',
  `level` varchar(3) COLLATE utf8mb4_general_ci DEFAULT NULL COMMENT 'VAR or JV',
  `gender` varchar(1) COLLATE utf8mb4_general_ci DEFAULT NULL COMMENT 'M or F',
  `target_assignment` varchar(2) COLLATE utf8mb4_general_ci DEFAULT NULL,
  `created_at` timestamp NOT NULL DEFAULT CURRENT_TIMESTAMP,
  `target_size` int DEFAULT NULL,
  `bale_number` int DEFAULT NULL COMMENT 'Assigned bale within event (continuous across divisions)',
  `completed` tinyint(1) DEFAULT '0' COMMENT 'Scorecard completed and verified',
  `verified_at` timestamp NULL DEFAULT NULL COMMENT 'When scorecard was verified and submitted',
  `verified_by` varchar(100) COLLATE utf8mb4_general_ci DEFAULT NULL COMMENT 'Who verified (device ID or user)',
  `locked` tinyint(1) DEFAULT '0' COMMENT 'Card locked after verification',
  `card_status` varchar(16) COLLATE utf8mb4_general_ci NOT NULL DEFAULT 'PENDING' COMMENT 'PENDING, VER, VOID',
  `notes` text COLLATE utf8mb4_general_ci COMMENT 'Verification notes / void reason',
  `lock_history` text COLLATE utf8mb4_general_ci COMMENT 'JSON array of lock/unlock events',
  PRIMARY KEY (`id`),
  KEY `idx_ra_round` (`round_id`),
  KEY `idx_ra_school_level` (`school`,`level`),
  KEY `idx_ra_bale` (`round_id`,`bale_number`),
  KEY `idx_ra_completed` (`round_id`,`completed`),
  KEY `idx_round_bale` (`round_id`,`bale_number`),
  KEY `idx_ra_archer` (`archer_id`),
  CONSTRAINT `fk_ra_round` FOREIGN KEY (`round_id`) REFERENCES `rounds` (`id`) ON DELETE CASCADE
) ENGINE=InnoDB DEFAULT CHARSET=utf8mb4 COLLATE=utf8mb4_general_ci;

-- Data for table `round_archers` (381 rows)
LOCK TABLES `round_archers` WRITE;
INSERT INTO `round_archers` (`id`, `round_id`, `archer_id`, `archer_name`, `school`, `level`, `gender`, `target_assignment`, `created_at`, `target_size`, `bale_number`, `completed`, `verified_at`, `verified_by`, `locked`, `card_status`, `notes`, `lock_history`) VALUES
('000016b3-5935-4d4b-ac24-468e1bc7cb04', 'f2469c5f-8103-4755-8861-e559e53bf38d', '111e50d2-c840-463d-99fd-95e2ed6b5fcd', 'Test Archer', 'TST', 'VAR', 'M', 'B', '2025-11-29 19:04:17', '122', '6', '0', NULL, NULL, '0', 'PENDING', NULL, NULL),
('0030d0d9-8e00-47ee-b520-e4f6cec3eb10', 'cedd187a-e48a-45e1-ad7b-90609612b3ca', '45e4984d-500a-4284-806d-f99da738a410', 'Alejandro Luna', 'T', 'VAR', 'M', 'A', '2025-11-29 19:04:42', '122', '1', '0', NULL, NULL, '0', 'PENDING', NULL, NULL),
('0093b844-5e43-494a-9853-522a42b30c42', '04597442-4d5d-4510-860c-311d5772b4b8', '4a09af1c-5052-4e2b-ac0e-6cdba37986e1', 'Alan Lopez', 'W', 'JV', 'M', 'A', '2025-11-29 19:04:17', '80', '12', '0', NULL, NULL, '0', 'PENDING', NULL, NULL),
('00ef51e1-ad60-406f-9036-177bc7b60fbe', '60f3ce29-da05-470b-9cab-ab715af4a82e', 'd29f88b9-caa9-4ec4-98c4-54233f495db7', 'Mikaylah Araujo', 'T', 'JV', 'F', 'A', '2025-11-29 19:04:42', '80', '23', '0', NULL, NULL, '0', 'PENDING', NULL, NULL),
('01929cdd-6ea0-4564-ac96-53bbff334eb0', '1db52787-d1d4-46b6-b7e9-14791075e965', '89560caf-123b-442c-a3be-9d3e57883485', 'Adjani De La Riva', 'DVD', 'VAR', 'F', 'A', '2025-11-29 19:04:17', '122', '8', '0', NULL, NULL, '0', 'PENDING', NULL, NULL),
('01cc3f63-4a23-491c-b6ee-caf274c4e96f', '4f696cd2-b7ec-400e-9f08-ccc1bb6dce3d', 'ee2e8fac-800b-4d18-be32-c4326169b7af', 'Isabella Diaz', 'W', 'JV', 'F', 'A', '2025-11-29 19:04:43', '80', '20', '0', NULL, NULL, '0', 'PENDING', NULL, NULL),
('0221870f-a7df-481f-8ef7-fd77ada5279a', '05eae739-866c-4841-bb8b-5b37dbc789e7', '2e3d6978-27a3-480d-89db-642f6f9fef6e', 'Ariana Ramirez', 'W', 'VAR', 'F', 'B', '2025-11-29 19:04:42', '122', '9', '0', NULL, NULL, '0', 'PENDING', NULL, NULL),
('032a5704-b7fc-4519-9259-256be11761e0', '05eae739-866c-4841-bb8b-5b37dbc789e7', '5df39a1f-c145-4a4a-9326-2344a6cf7814', 'Archer2 Team2', 'TST', 'VAR', 'F', 'D', '2025-11-29 19:04:42', '122', '8', '0', NULL, NULL, '0', 'PENDING', NULL, NULL),
('03487dcb-c31d-4e98-9bc5-019dcea529b9', '58589e75-28ef-4e9d-a8a3-eeeae918c29d', 'be6fac62-5467-45cc-a422-ef055de05e65', 'Workflow Test Archer', 'TST', 'VAR', 'M', 'B', '2025-11-29 19:04:43', '122', '7', '1', '2025-11-30 04:06:25', 'terry', '1', 'VOID', 'good', '[{"action":"void","actor":"terry","timestamp":"2025-11-30 04:06:25"}]'),
('03f8ac91-72ff-407d-93b1-d1d55736f5ec', 'd58adcd1-bde1-4a79-920b-f3bc99c494bf', '65eb473f-cca2-432a-ba9e-5ac0c64076a9', 'Molly Doran', 'T', 'JV', 'F', 'B', '2025-11-29 19:04:35', '80', '23', '0', NULL, NULL, '0', 'PENDING', NULL, NULL),
('048a15bc-7d6a-4732-8974-ae335872ea37', '60f3ce29-da05-470b-9cab-ab715af4a82e', 'da48eac8-8c9a-468c-9569-01e66e1d3863', 'Natalia Luna', 'T', 'JV', 'F', 'C', '2025-11-29 19:04:42', '80', '23', '0', NULL, NULL, '0', 'PENDING', NULL, NULL),
('04ca3873-7673-4f43-bf59-1dfe9ab7d3ba', '4f696cd2-b7ec-400e-9f08-ccc1bb6dce3d', 'f59e1f78-c6d6-44d1-bc3a-70dc7c656d50', 'Verina Saeed', 'W', 'JV', 'F', 'B', '2025-11-29 19:04:43', '80', '25', '0', NULL, NULL, '0', 'PENDING', NULL, NULL),
('04d61dee-10a7-429d-a047-977abfc337f6', 'b183c2b9-0ad1-4f1f-8751-a37068ffd1dd', '111e50d2-c840-463d-99fd-95e2ed6b5fcd', 'Test Archer', 'TST', 'VAR', 'M', 'B', '2025-11-29 19:04:35', '122', '6', '0', NULL, NULL, '0', 'PENDING', NULL, NULL),
('05a1afff-d995-46e0-a9d7-ccf45c13613a', '58589e75-28ef-4e9d-a8a3-eeeae918c29d', '7a5fbd06-d9bf-4543-8cee-6ed60dc12dea', 'Team1 Archer1', 'TST', 'VAR', 'M', 'C', '2025-11-29 19:04:43', NULL, '5', '1', '2025-11-30 04:06:25', 'terry', '1', 'VER', 'good', '[{"action":"lock","actor":"terry","timestamp":"2025-11-30 04:06:25"}]'),
('05e3b8fc-7f15-47e1-b808-df4d57df839a', '04597442-4d5d-4510-860c-311d5772b4b8', '43e53e92-2d7b-45df-a8fa-c938cdb0f21f', 'Ethan Hernandez', 'W', 'JV', 'M', 'C', '2025-11-29 19:04:17', '80', '14', '0', NULL, NULL, '0', 'PENDING', NULL, NULL),
('073747e5-8055-4e9e-96b7-49786d2e1807', '4f696cd2-b7ec-400e-9f08-ccc1bb6dce3d', '263fceea-9043-4077-a9f8-481295038c03', 'Becky Yang', 'W', 'JV', 'F', 'C', '2025-11-29 19:04:43', '80', '18', '0', NULL, NULL, '0', 'PENDING', NULL, NULL),
('075ed395-8e65-4ffa-afed-e31e122cda1e', '04597442-4d5d-4510-860c-311d5772b4b8', '784cb2b8-3769-49e2-a4fe-06e53e7cf837', 'Cruz Briseno', 'T', 'JV', 'M', 'C', '2025-11-29 19:04:17', '80', '13', '0', NULL, NULL, '0', 'PENDING', NULL, NULL),
('08a9ed48-0ecb-4d74-abc6-c85783f838df', '4f696cd2-b7ec-400e-9f08-ccc1bb6dce3d', 'd29f88b9-caa9-4ec4-98c4-54233f495db7', 'Mikaylah Araujo', 'T', 'JV', 'F', 'A', '2025-11-29 19:04:43', '80', '23', '0', NULL, NULL, '0', 'PENDING', NULL, NULL),
('08bb51b0-fb58-4542-b100-d1bf513325d6', 'cedd187a-e48a-45e1-ad7b-90609612b3ca', '1cc7db4d-f321-4fdb-a236-13668503b461', 'Dean Gomez', 'W', 'VAR', 'M', 'C', '2025-11-29 19:04:42', '122', '2', '0', NULL, NULL, '0', 'PENDING', NULL, NULL),
('099f27a6-5e67-4fcb-944e-90955690115d', '58589e75-28ef-4e9d-a8a3-eeeae918c29d', '632012a7-2645-481c-99cb-fae78be0a72f', 'Brandon Garcia', 'W', 'VAR', 'M', 'A', '2025-11-29 19:04:43', NULL, '2', '1', '2025-11-30 04:06:25', 'terry', '1', 'VER', 'good', '[{"action":"lock","actor":"terry","timestamp":"2025-11-30 04:06:25"}]'),
('0a39b172-ad94-4ff8-b7b8-a520daff5492', '05eae739-866c-4841-bb8b-5b37dbc789e7', 'a3be9dc0-9ce6-43dd-9c96-00f2bdcf730d', 'Archer1 Team2', 'TST', 'VAR', 'F', 'C', '2025-11-29 19:04:42', '122', '8', '0', NULL, NULL, '0', 'PENDING', NULL, NULL),
('0afae1ec-1e5c-4372-94ca-9a02340ffcb0', 'cedd187a-e48a-45e1-ad7b-90609612b3ca', 'f425ccf4-967c-4ae6-a3e7-f80eccab8989', 'Hawkeye Barton', 'SEN', 'VAR', 'M', 'B', '2025-11-29 19:04:42', '122', '3', '0', NULL, NULL, '0', 'PENDING', NULL, NULL),
('0b1d8b9e-19b1-430a-9a77-69cb24d4574e', 'e5db836c-2d81-4112-9892-6c29ea87870f', 'd50261c2-5185-4c00-ba74-37510c2c229a', 'Jennelle Parks', 'T', 'VAR', 'F', 'A', '2025-11-29 19:04:35', '122', '10', '0', NULL, NULL, '0', 'PENDING', NULL, NULL),
('0b7d28f3-2a00-4fb8-9ba1-35f8cce4f69e', 'a2385dbf-49e4-494d-b943-cddb453f5d6e', 'b8afc11a-bb1c-4c5d-9225-a04c2ae857c9', 'Awishkar Shrestha', 'W', 'JV', 'M', 'B', '2025-11-29 19:04:35', '80', '12', '0', NULL, NULL, '0', 'PENDING', NULL, NULL),
('0b923076-32dc-4da8-8dce-ac8eebbc8de4', 'd58adcd1-bde1-4a79-920b-f3bc99c494bf', 'a383dc6e-e45c-4ef3-b7d4-0c52eaefe4bb', 'Lux Rojas', 'T', 'JV', 'F', 'B', '2025-11-29 19:04:35', '80', '22', '0', NULL, NULL, '0', 'PENDING', NULL, NULL),
('0caea450-6a78-4ded-81e3-e72318770bce', 'f2469c5f-8103-4755-8861-e559e53bf38d', 'f425ccf4-967c-4ae6-a3e7-f80eccab8989', 'Hawkeye Barton', 'SEN', 'VAR', 'M', 'B', '2025-11-29 19:04:17', '122', '3', '0', NULL, NULL, '0', 'PENDING', NULL, NULL),
('0cbc9589-db93-4c7f-a2ad-0675851d6b16', '1db52787-d1d4-46b6-b7e9-14791075e965', 'f97ac500-a101-40b4-b39e-eceab3962e57', 'Liana Bils', 'W', 'VAR', 'F', 'B', '2025-11-29 19:04:17', '122', '10', '0', NULL, NULL, '0', 'PENDING', NULL, NULL),
('0d4f914b-2fb5-4c73-9a20-4f6e933fa346', '60f3ce29-da05-470b-9cab-ab715af4a82e', '80af14a8-b102-432b-ba1b-b89532dbd4e2', 'Samantha Rodriguez', 'T', 'JV', 'F', 'A', '2025-11-29 19:04:42', '80', '24', '0', NULL, NULL, '0', 'PENDING', NULL, NULL),
('0e23acd8-8537-4c85-96cf-96e692bd91ea', '60f3ce29-da05-470b-9cab-ab715af4a82e', 'c60a1695-1660-4178-a442-63537c1529b6', 'Giselle Gomez', 'T', 'JV', 'F', 'C', '2025-11-29 19:04:42', '80', '19', '0', NULL, NULL, '0', 'PENDING', NULL, NULL),
('102cde47-105f-45c3-a97f-e4b38a6876ba', '14119bd4-635f-4afb-a4f5-b9d9e715a36e', 'a6615802-49db-4c41-ba66-3c8f37808c1f', 'Natalia Montalvo', 'W', 'JV', 'F', 'D', '2025-11-29 19:04:17', '80', '23', '0', NULL, NULL, '0', 'PENDING', NULL, NULL),
('105b6535-9ce4-4bd3-a686-5e4e69741d71', '11930632-98f0-4b1b-9acf-6da1edb058ec', '89560caf-123b-442c-a3be-9d3e57883485', 'Adjani De La Riva', 'DVD', 'VAR', 'F', 'A', '2025-11-29 19:04:43', NULL, '8', '1', '2025-11-30 04:17:38', 'terry', '1', 'VER', NULL, '[{"action":"lock","actor":"terry","timestamp":"2025-11-30 04:17:38"}]'),
('10d9ea3d-fb7c-4dc4-8716-0f9baf414b03', 'cedd187a-e48a-45e1-ad7b-90609612b3ca', '91ae090c-2299-4ee5-85e6-fd8efd7848e1', 'Luke Garr', 'T', 'VAR', 'M', 'C', '2025-11-29 19:04:42', '122', '3', '0', NULL, NULL, '0', 'PENDING', NULL, NULL),
('124cfbdd-55e9-4ff3-bc32-256f456eb4c1', 'bbc02c88-72e4-4f0e-b7db-6798ac582b05', 'b8afc11a-bb1c-4c5d-9225-a04c2ae857c9', 'Awishkar Shrestha', 'W', 'JV', 'M', 'B', '2025-11-29 19:04:42', '80', '12', '0', NULL, NULL, '0', 'PENDING', NULL, NULL),
('135d8357-3d35-4910-9ca7-8ac0249870fc', '14119bd4-635f-4afb-a4f5-b9d9e715a36e', '000ef07e-7477-47e1-804c-9a9fbb63330a', 'Amelia Beall', 'T', 'JV', 'F', 'C', '2025-11-29 19:04:17', NULL, '17', '1', NULL, NULL, '0', 'COMPLETED', NULL, NULL),
('13f87f52-8cc2-4e99-be05-afdb4ed9c476', '58589e75-28ef-4e9d-a8a3-eeeae918c29d', '181ca2fa-36fc-4050-8869-51fdc06b0aad', 'Archer1 Team1', 'TST', 'VAR', 'M', 'B', '2025-11-29 19:04:43', '122', '1', '1', '2025-11-30 04:06:25', 'terry', '1', 'VOID', 'good', '[{"action":"void","actor":"terry","timestamp":"2025-11-30 04:06:25"}]'),
('1408cdf0-964b-450b-b33a-47b530accc62', 'a2385dbf-49e4-494d-b943-cddb453f5d6e', '22709b60-3406-4f5a-983b-d4f58a4c8e82', 'Brian O\' Connor', 'W', 'JV', 'M', 'C', '2025-11-29 19:04:35', '80', '12', '0', NULL, NULL, '0', 'PENDING', NULL, NULL),
('143ed898-b9c4-4743-a099-f2c47427f326', '60f3ce29-da05-470b-9cab-ab715af4a82e', '61cce540-e45e-4f4b-a68f-1de9ec1d845e', 'Sa’Rih Torrencebella_ngai', 'T', 'JV', 'F', 'B', '2025-11-29 19:04:42', '80', '24', '0', NULL, NULL, '0', 'PENDING', NULL, NULL),
('149651b5-da2d-440a-bf27-d4f5e1586b9d', 'bbc02c88-72e4-4f0e-b7db-6798ac582b05', 'eda90ff5-9f82-4b21-a0ef-7c2d971b02df', 'Jasper Peterson', 'W', 'JV', 'M', 'A', '2025-11-29 19:04:42', '80', '15', '0', NULL, NULL, '0', 'PENDING', NULL, NULL),
('14cca800-eb5a-4f5f-80f6-0f254151e008', '58589e75-28ef-4e9d-a8a3-eeeae918c29d', 'cdc51893-44ee-4adb-b4bb-812d17ab4674', 'SingleTest Archer', 'TST', 'VAR', 'M', 'D', '2025-11-29 19:04:43', '122', '4', '1', '2025-11-30 04:06:25', 'terry', '1', 'VOID', 'good', '[{"action":"void","actor":"terry","timestamp":"2025-11-30 04:06:25"}]'),
('15938d31-6a3f-4f5c-9083-4a509d45483e', 'bbc02c88-72e4-4f0e-b7db-6798ac582b05', 'd6e17810-489a-49b2-8b5a-58a6fc59884c', 'Levi Meeker', 'W', 'JV', 'M', 'B', '2025-11-29 19:04:42', '80', '16', '0', NULL, NULL, '0', 'PENDING', NULL, NULL),
('15a3f860-d034-4414-af0b-c0cb2463f958', '11930632-98f0-4b1b-9acf-6da1edb058ec', '572a9013-4805-4928-b4fe-8e42ecc5b9ed', 'Archer3 Team2', 'TST', 'VAR', 'F', 'A', '2025-11-29 19:04:43', NULL, '9', '1', '2025-11-30 04:17:44', 'terry', '1', 'VER', NULL, '[{"action":"lock","actor":"terry","timestamp":"2025-11-30 04:17:44"}]'),
('162dc0f1-86aa-4e75-9e3a-1d273ee93e7a', 'd58adcd1-bde1-4a79-920b-f3bc99c494bf', '762d0b89-a052-48b0-8921-ed2f646c3735', 'Jaylene Velazquez', 'T', 'JV', 'F', 'C', '2025-11-29 19:04:35', '80', '20', '0', NULL, NULL, '0', 'PENDING', NULL, NULL),
('16505551-8a65-46bc-ae36-914e6b7ed9e8', 'bbc02c88-72e4-4f0e-b7db-6798ac582b05', '6549db8f-77d9-4048-866c-4d3d7a1f9b2b', 'Danny Torres', 'W', 'JV', 'M', 'D', '2025-11-29 19:04:42', '80', '13', '0', NULL, NULL, '0', 'PENDING', NULL, NULL),
('16a2e439-9222-449a-9d9c-2e0b9bd9867d', 'e155bb1d-8e9c-4150-974a-50355b41c222', 'ad0b29a7-024c-4973-a4cd-df7b9f1a4116', 'Verify Test', 'T', 'JV', 'M', 'D', '2025-11-29 19:04:43', '80', '16', '0', NULL, NULL, '0', 'PENDING', NULL, NULL),
('16e06dfc-b966-437e-80fc-d01acd5afa1a', 'b183c2b9-0ad1-4f1f-8751-a37068ffd1dd', 'e83489e0-cbe5-49e2-8a7f-cbd5a5346744', 'SingleTest Archer', 'TST', 'VAR', 'M', 'A', '2025-11-29 19:04:35', '122', '5', '0', NULL, NULL, '0', 'PENDING', NULL, NULL),
('1738d5fe-fc98-402d-8954-4aa436fdd050', 'e155bb1d-8e9c-4150-974a-50355b41c222', 'af4f8661-c0be-48d7-a150-c982afad4fe2', 'Malachi Lawson', 'T', 'JV', 'M', 'C', '2025-11-29 19:04:43', '80', '16', '0', NULL, NULL, '0', 'PENDING', NULL, NULL),
('175c8adf-09c0-4c1f-8915-63171c27c6d0', 'd58adcd1-bde1-4a79-920b-f3bc99c494bf', '9878df28-7cbb-4090-b904-d78499f55fac', 'Eden Jonick', 'W', 'JV', 'F', 'A', '2025-11-29 19:04:35', '80', '19', '0', NULL, NULL, '0', 'PENDING', NULL, NULL),
('17735a43-6db3-4148-9154-30d771ffb9f6', '4f696cd2-b7ec-400e-9f08-ccc1bb6dce3d', '0423dd98-dc2d-4a60-ac3b-c4b6ceea1c8c', 'Jasmin Aranda', 'T', 'JV', 'F', 'B', '2025-11-29 19:04:43', '80', '20', '0', NULL, NULL, '0', 'PENDING', NULL, NULL),
('17e5f627-bf45-47a6-b894-92cfd42f7406', 'b183c2b9-0ad1-4f1f-8751-a37068ffd1dd', '2db86fe0-a620-4c8f-8aec-43420f320854', 'SingleTest Archer', 'TST', 'VAR', 'M', 'B', '2025-11-29 19:04:35', '122', '5', '0', NULL, NULL, '0', 'PENDING', NULL, NULL),
('1834656d-836a-489b-8164-7bff722ae650', '1db52787-d1d4-46b6-b7e9-14791075e965', 'c25bb4c4-b5f8-47b0-bb48-4be3b5d490b0', 'Sarah Coach', 'COA', 'VAR', 'F', 'C', '2025-11-29 19:04:17', '122', '10', '0', NULL, NULL, '0', 'PENDING', NULL, NULL),
('1be4d494-fd1b-44bd-9deb-7933311d885c', '60f3ce29-da05-470b-9cab-ab715af4a82e', 'c95f43d5-14ba-42c7-9c9b-83566efa0d75', 'Alaya Johnson', 'W', 'JV', 'F', 'B', '2025-11-29 19:04:42', NULL, '17', '0', NULL, NULL, '0', 'PENDING', NULL, NULL),
('1ede5871-db3f-4d82-8e16-5385e735a48f', 'bbc02c88-72e4-4f0e-b7db-6798ac582b05', '2ec9b469-d049-438c-a637-db610537ed47', 'Bryce Golliday', 'T', 'JV', 'M', 'D', '2025-11-29 19:04:42', '80', '12', '0', NULL, NULL, '0', 'PENDING', NULL, NULL),
('1fd3c513-c044-4b5d-bee3-b882c2862929', '4f696cd2-b7ec-400e-9f08-ccc1bb6dce3d', '65eb473f-cca2-432a-ba9e-5ac0c64076a9', 'Molly Doran', 'T', 'JV', 'F', 'B', '2025-11-29 19:04:43', '80', '23', '0', NULL, NULL, '0', 'PENDING', NULL, NULL),
('2074daae-f6a9-4aff-8715-0210b357d90b', 'e155bb1d-8e9c-4150-974a-50355b41c222', '8ddc8d62-afbe-472e-a7bd-20a5ee3c9dd1', 'Caio Lalau', 'T', 'JV', 'M', 'A', '2025-11-29 19:04:43', '80', '13', '0', NULL, NULL, '0', 'PENDING', NULL, NULL),
('20bfa188-e7e3-43dc-ba1d-308dbb9411c6', 'e5db836c-2d81-4112-9892-6c29ea87870f', 'c25bb4c4-b5f8-47b0-bb48-4be3b5d490b0', 'Sarah Coach', 'COA', 'VAR', 'F', 'C', '2025-11-29 19:04:35', '122', '10', '0', NULL, NULL, '0', 'PENDING', NULL, NULL),
('21a27189-d1ed-4f4a-afc4-4bcad50cfe06', 'f2469c5f-8103-4755-8861-e559e53bf38d', 'eaa7e802-64de-4a07-bb71-8b06f4fc9d5a', 'Cooper Colinsky', 'W', 'VAR', 'M', 'B', '2025-11-29 19:04:17', '122', '2', '0', NULL, NULL, '0', 'PENDING', NULL, NULL),
('22a5c534-4db2-42a4-a509-232521dca6f4', 'cedd187a-e48a-45e1-ad7b-90609612b3ca', 'eaa7e802-64de-4a07-bb71-8b06f4fc9d5a', 'Cooper Colinsky', 'W', 'VAR', 'M', 'B', '2025-11-29 19:04:42', '122', '2', '0', NULL, NULL, '0', 'PENDING', NULL, NULL),
('25829817-b262-4e8e-8621-635f1a60f81b', 'd58adcd1-bde1-4a79-920b-f3bc99c494bf', 'c95f43d5-14ba-42c7-9c9b-83566efa0d75', 'Alaya Johnson', 'W', 'JV', 'F', 'B', '2025-11-29 19:04:35', NULL, '17', '0', NULL, NULL, '0', 'PENDING', NULL, NULL),
('25f6fc22-d167-4718-b44e-60109a9a597b', 'd58adcd1-bde1-4a79-920b-f3bc99c494bf', '80af14a8-b102-432b-ba1b-b89532dbd4e2', 'Samantha Rodriguez', 'T', 'JV', 'F', 'A', '2025-11-29 19:04:35', '80', '24', '0', NULL, NULL, '0', 'PENDING', NULL, NULL),
('260658ee-46b9-4b80-8b96-f51be70b7a58', 'd58adcd1-bde1-4a79-920b-f3bc99c494bf', 'a6615802-49db-4c41-ba66-3c8f37808c1f', 'Natalia Montalvo', 'W', 'JV', 'F', 'D', '2025-11-29 19:04:35', '80', '23', '0', NULL, NULL, '0', 'PENDING', NULL, NULL),
('26401a19-6581-4f14-9bd3-fb52e8f4e4b7', '11930632-98f0-4b1b-9acf-6da1edb058ec', 'd50261c2-5185-4c00-ba74-37510c2c229a', 'Jennelle Parks', 'T', 'VAR', 'F', 'A', '2025-11-29 19:04:43', NULL, '10', '1', '2025-11-30 04:17:49', 'terry', '1', 'VER', NULL, '[{"action":"lock","actor":"terry","timestamp":"2025-11-30 04:17:49"}]'),
('2898c707-e2bd-49de-a992-10a58acd820c', '14119bd4-635f-4afb-a4f5-b9d9e715a36e', 'a383dc6e-e45c-4ef3-b7d4-0c52eaefe4bb', 'Lux Rojas', 'T', 'JV', 'F', 'B', '2025-11-29 19:04:17', '80', '22', '0', NULL, NULL, '0', 'PENDING', NULL, NULL),
('2a2cd84f-df71-4b47-86c1-516355c690bd', '60f3ce29-da05-470b-9cab-ab715af4a82e', '569fab48-bf83-4097-b176-1d3c4f42e740', 'Tica Facer', 'W', 'JV', 'F', 'A', '2025-11-29 19:04:42', '80', '25', '0', NULL, NULL, '0', 'PENDING', NULL, NULL),
('2c609e88-dc14-42b0-9bf4-497e36a547e3', '14119bd4-635f-4afb-a4f5-b9d9e715a36e', '13a1f75f-ba98-4d6f-b106-c50141e3816d', 'Amelie Casillas', 'W', 'JV', 'F', 'D', '2025-11-29 19:04:17', NULL, '17', '1', NULL, NULL, '0', 'COMPLETED', NULL, NULL),
('2ca5ae22-23d3-4439-b89b-2aab43bd2600', 'bbc02c88-72e4-4f0e-b7db-6798ac582b05', '6ce2b350-4c31-46f0-aa7c-68b7384dd4db', 'Landon Hines', 'T', 'JV', 'M', 'D', '2025-11-29 19:04:42', '80', '15', '0', NULL, NULL, '0', 'PENDING', NULL, NULL),
('2cd73981-8967-4da1-a3ae-4a851396124f', 'e155bb1d-8e9c-4150-974a-50355b41c222', 'ac06a059-60c0-4633-ae60-0cb908bcf738', 'Caleb Croft', 'W', 'JV', 'M', 'B', '2025-11-29 19:04:43', '80', '13', '0', NULL, NULL, '0', 'PENDING', NULL, NULL),
('2d03316e-7c7d-49f7-9d93-445619a22fd6', '60f3ce29-da05-470b-9cab-ab715af4a82e', '6a424c72-b16d-4085-8d8b-992065dbb252', 'Vida Vargas', 'W', 'JV', 'F', 'A', '2025-11-29 19:04:42', '80', '26', '0', NULL, NULL, '0', 'PENDING', NULL, NULL),
('2e116d07-2d1b-42e4-b704-d47fc3dad844', 'e155bb1d-8e9c-4150-974a-50355b41c222', '784cb2b8-3769-49e2-a4fe-06e53e7cf837', 'Cruz Briseno', 'T', 'JV', 'M', 'C', '2025-11-29 19:04:43', '80', '13', '0', NULL, NULL, '0', 'PENDING', NULL, NULL),
('2e9b11bb-20da-467c-abed-77731c88c47d', '11930632-98f0-4b1b-9acf-6da1edb058ec', '2aa2ed5a-62e3-4ed8-9d42-32e6efb56016', 'Team1 Archer2', 'TST', 'VAR', 'F', 'A', '2025-11-29 19:04:43', '122', '11', '0', NULL, NULL, '0', 'PENDING', NULL, NULL),
('302d81df-bd91-4319-994a-374ff4039bb2', 'cedd187a-e48a-45e1-ad7b-90609612b3ca', '48049306-afa2-4b9b-bafd-eca6cfc4c1ce', 'Vince Dikdan', 'W', 'VAR', 'M', 'A', '2025-11-29 19:04:42', '122', '7', '0', NULL, NULL, '0', 'PENDING', NULL, NULL),
('30900be4-73b4-43e7-9d63-0c1c74b514fa', 'cedd187a-e48a-45e1-ad7b-90609612b3ca', '2db86fe0-a620-4c8f-8aec-43420f320854', 'SingleTest Archer', 'TST', 'VAR', 'M', 'B', '2025-11-29 19:04:42', '122', '5', '0', NULL, NULL, '0', 'PENDING', NULL, NULL),
('3132e11f-ea45-42e3-9b18-a4bb52f8cdce', 'cedd187a-e48a-45e1-ad7b-90609612b3ca', '3c5b458b-4d0e-4156-91ad-5b542e631e52', 'Ethan De La Torre', 'W', 'VAR', 'M', 'A', '2025-11-29 19:04:42', '122', '3', '0', NULL, NULL, '0', 'PENDING', NULL, NULL),
('3169452e-ade7-41f6-95b1-035beaecb11b', 'e155bb1d-8e9c-4150-974a-50355b41c222', 'eda90ff5-9f82-4b21-a0ef-7c2d971b02df', 'Jasper Peterson', 'W', 'JV', 'M', 'A', '2025-11-29 19:04:43', '80', '15', '0', NULL, NULL, '0', 'PENDING', NULL, NULL),
('31b40eff-33f5-44fd-a703-25b60f63e1df', '14119bd4-635f-4afb-a4f5-b9d9e715a36e', 'da48eac8-8c9a-468c-9569-01e66e1d3863', 'Natalia Luna', 'T', 'JV', 'F', 'C', '2025-11-29 19:04:17', '80', '23', '0', NULL, NULL, '0', 'PENDING', NULL, NULL),
('3341dd64-619e-44b2-b963-6f4933bac08e', 'a2385dbf-49e4-494d-b943-cddb453f5d6e', '8ddc8d62-afbe-472e-a7bd-20a5ee3c9dd1', 'Caio Lalau', 'T', 'JV', 'M', 'A', '2025-11-29 19:04:35', '80', '13', '0', NULL, NULL, '0', 'PENDING', NULL, NULL),
('33af9d7a-48f4-4b9f-9dff-16ddb06aaeec', '1db52787-d1d4-46b6-b7e9-14791075e965', 'f0501017-9d98-416e-b95a-bb43d57892a8', 'Ellyse Legaspi', 'W', 'VAR', 'F', 'D', '2025-11-29 19:04:17', '122', '9', '0', NULL, NULL, '0', 'PENDING', NULL, NULL),
('33e9dba2-a37e-4594-8a84-1da47aa93ec0', '04597442-4d5d-4510-860c-311d5772b4b8', 'b8afc11a-bb1c-4c5d-9225-a04c2ae857c9', 'Awishkar Shrestha', 'W', 'JV', 'M', 'B', '2025-11-29 19:04:17', '80', '12', '0', NULL, NULL, '0', 'PENDING', NULL, NULL),
('33faa1ff-9c8f-4285-9b0f-64a5e31835e0', 'b183c2b9-0ad1-4f1f-8751-a37068ffd1dd', 'f0b91075-f2d4-4709-9333-d5663a511e43', 'Archer2 Team1', 'TST', 'VAR', 'M', 'C', '2025-11-29 19:04:35', '122', '1', '0', NULL, NULL, '0', 'PENDING', NULL, NULL),
('34f84aec-40b4-441c-9159-cc00c238120d', '60f3ce29-da05-470b-9cab-ab715af4a82e', 'f59e1f78-c6d6-44d1-bc3a-70dc7c656d50', 'Verina Saeed', 'W', 'JV', 'F', 'B', '2025-11-29 19:04:42', '80', '25', '0', NULL, NULL, '0', 'PENDING', NULL, NULL),
('35536c0e-ce02-4af1-88ec-7a82af875240', '14119bd4-635f-4afb-a4f5-b9d9e715a36e', 'db2d299e-9760-44c0-9b57-f79a7de46f51', 'Joslyn Chua', 'W', 'JV', 'F', 'D', '2025-11-29 19:04:17', '80', '20', '0', NULL, NULL, '0', 'PENDING', NULL, NULL),
('3555a869-e5f6-40d2-a0d1-0b91fbdc1df6', '60f3ce29-da05-470b-9cab-ab715af4a82e', '01c1de8a-c2a4-4db4-8895-57391411a6f5', 'Eva Campos', 'T', 'JV', 'F', 'B', '2025-11-29 19:04:42', '80', '19', '0', NULL, NULL, '0', 'PENDING', NULL, NULL),
('3699e725-ac82-4b84-a440-fb86521982b1', '04597442-4d5d-4510-860c-311d5772b4b8', '6ce2b350-4c31-46f0-aa7c-68b7384dd4db', 'Landon Hines', 'T', 'JV', 'M', 'D', '2025-11-29 19:04:17', '80', '15', '0', NULL, NULL, '0', 'PENDING', NULL, NULL),
('375a8190-84d6-4f36-8ef1-31615dbae00f', '4f696cd2-b7ec-400e-9f08-ccc1bb6dce3d', '61cce540-e45e-4f4b-a68f-1de9ec1d845e', 'Sa’Rih Torrencebella_ngai', 'T', 'JV', 'F', 'B', '2025-11-29 19:04:43', '80', '24', '0', NULL, NULL, '0', 'PENDING', NULL, NULL),
('378a7c26-db7f-4506-8c4e-9d6124cacd9b', '4f696cd2-b7ec-400e-9f08-ccc1bb6dce3d', '3d26b6f9-fa15-4c91-8ad8-647ca471df90', 'Jozelynne Rodasguillen', 'W', 'JV', 'F', 'A', '2025-11-29 19:04:43', '80', '21', '0', NULL, NULL, '0', 'PENDING', NULL, NULL),
('37ec9e47-f483-4f27-b468-f553e4b1c26d', '60f3ce29-da05-470b-9cab-ab715af4a82e', '2aae7c38-9378-4a6b-b909-d0e01b6bded0', 'Knox Mann Chavez', 'W', 'JV', 'F', 'D', '2025-11-29 19:04:42', '80', '21', '0', NULL, NULL, '0', 'PENDING', NULL, NULL),
('3979e188-c6c0-4f03-acff-62b7a52b7ff6', '14119bd4-635f-4afb-a4f5-b9d9e715a36e', '30636eb5-cf82-481a-97a7-68fe50f85e25', 'Kasandra Hernandez', 'W', 'JV', 'F', 'B', '2025-11-29 19:04:17', '80', '21', '0', NULL, NULL, '0', 'PENDING', NULL, NULL),
('3a705f51-a49b-46e7-9371-f795575bfd61', '14119bd4-635f-4afb-a4f5-b9d9e715a36e', '6a424c72-b16d-4085-8d8b-992065dbb252', 'Vida Vargas', 'W', 'JV', 'F', 'A', '2025-11-29 19:04:17', '80', '26', '0', NULL, NULL, '0', 'PENDING', NULL, NULL),
('3a847b2d-186c-4e01-a125-ff4d5612e7ce', 'a2385dbf-49e4-494d-b943-cddb453f5d6e', 'd6e17810-489a-49b2-8b5a-58a6fc59884c', 'Levi Meeker', 'W', 'JV', 'M', 'B', '2025-11-29 19:04:35', '80', '16', '0', NULL, NULL, '0', 'PENDING', NULL, NULL),
('3a9a8871-6780-4469-bb94-0baa4f550287', 'b183c2b9-0ad1-4f1f-8751-a37068ffd1dd', '91ae090c-2299-4ee5-85e6-fd8efd7848e1', 'Luke Garr', 'T', 'VAR', 'M', 'C', '2025-11-29 19:04:35', '122', '3', '0', NULL, NULL, '0', 'PENDING', NULL, NULL),
('3ad202da-4074-4141-afe8-b98b892a18c9', '4f696cd2-b7ec-400e-9f08-ccc1bb6dce3d', '551112f7-10b4-471c-90f3-50c4eae0d9eb', 'Katelyn Acosta De Lira', 'T', 'JV', 'F', 'C', '2025-11-29 19:04:43', '80', '21', '0', NULL, NULL, '0', 'PENDING', NULL, NULL),
('3afb4923-f9f4-403e-a877-0c53cd6e7290', '4f696cd2-b7ec-400e-9f08-ccc1bb6dce3d', '6d0ead96-9584-44a2-bd42-0cbf28d5f519', 'Angelica Perez', 'W', 'JV', 'F', 'A', '2025-11-29 19:04:43', '80', '18', '0', NULL, NULL, '0', 'PENDING', NULL, NULL),
('3b111df5-2196-4d4d-9a27-f66664ddd231', 'e5db836c-2d81-4112-9892-6c29ea87870f', 'a3be9dc0-9ce6-43dd-9c96-00f2bdcf730d', 'Archer1 Team2', 'TST', 'VAR', 'F', 'C', '2025-11-29 19:04:35', '122', '8', '0', NULL, NULL, '0', 'PENDING', NULL, NULL),
('3c8fd841-18f4-43da-b4bd-dca454bba4a3', 'bbc02c88-72e4-4f0e-b7db-6798ac582b05', 'feb34fa4-fdd5-4d79-a2b1-7182eebabb06', 'Joseph McCorkle', 'T', 'JV', 'M', 'B', '2025-11-29 19:04:42', '80', '15', '0', NULL, NULL, '0', 'PENDING', NULL, NULL),
('3cc6e674-f1ed-401e-8a9d-052b51f5686e', 'b183c2b9-0ad1-4f1f-8751-a37068ffd1dd', 'c11a6236-cff9-4933-bb61-75188731ba7f', 'Archer3 Team1', 'TST', 'VAR', 'M', 'D', '2025-11-29 19:04:35', '122', '1', '0', NULL, NULL, '0', 'PENDING', NULL, NULL),
('3d5f96b1-0d8d-4281-9bd2-f5ea714bbb92', '4f696cd2-b7ec-400e-9f08-ccc1bb6dce3d', '01c1de8a-c2a4-4db4-8895-57391411a6f5', 'Eva Campos', 'T', 'JV', 'F', 'B', '2025-11-29 19:04:43', '80', '19', '0', NULL, NULL, '0', 'PENDING', NULL, NULL),
('3d61cae0-2119-4fe8-9a6a-23c4c0e7d90a', '4f696cd2-b7ec-400e-9f08-ccc1bb6dce3d', '13a1f75f-ba98-4d6f-b106-c50141e3816d', 'Amelie Casillas', 'W', 'JV', 'F', 'D', '2025-11-29 19:04:43', NULL, '17', '0', NULL, NULL, '0', 'PENDING', NULL, NULL),
('3e120e9a-f4d2-4856-9b9d-edb96a2720df', 'bbc02c88-72e4-4f0e-b7db-6798ac582b05', 'ad0b29a7-024c-4973-a4cd-df7b9f1a4116', 'Verify Test', 'T', 'JV', 'M', 'D', '2025-11-29 19:04:42', '80', '16', '0', NULL, NULL, '0', 'PENDING', NULL, NULL),
('3e99be64-56b8-4e8f-8fb1-ba241a16d1e3', 'd58adcd1-bde1-4a79-920b-f3bc99c494bf', 'edffea21-d5b9-44b6-85a5-e3e0f238c7b6', 'Melanie Jimenez', 'W', 'JV', 'F', 'D', '2025-11-29 19:04:35', '80', '22', '0', NULL, NULL, '0', 'PENDING', NULL, NULL),
('3ee79b19-2b58-4728-9c10-b0c8354ca3ca', '14119bd4-635f-4afb-a4f5-b9d9e715a36e', 'c95f43d5-14ba-42c7-9c9b-83566efa0d75', 'Alaya Johnson', 'W', 'JV', 'F', 'B', '2025-11-29 19:04:17', NULL, '17', '1', NULL, NULL, '0', 'COMPLETED', NULL, NULL),
('3fcfd5e5-dcfe-471d-9298-262fde7aaecb', '58589e75-28ef-4e9d-a8a3-eeeae918c29d', '6a510731-3b23-4b84-b854-ef9e3a4ecaaf', 'SingleTest Archer', 'TST', 'VAR', 'M', 'C', '2025-11-29 19:04:43', '122', '4', '1', '2025-11-30 04:06:25', 'terry', '1', 'VOID', 'good', '[{"action":"void","actor":"terry","timestamp":"2025-11-30 04:06:25"}]');
INSERT INTO `round_archers` (`id`, `round_id`, `archer_id`, `archer_name`, `school`, `level`, `gender`, `target_assignment`, `created_at`, `target_size`, `bale_number`, `completed`, `verified_at`, `verified_by`, `locked`, `card_status`, `notes`, `lock_history`) VALUES
('40a07db0-555f-45e5-96ce-68fdbeee2e74', '4f696cd2-b7ec-400e-9f08-ccc1bb6dce3d', 'c60a1695-1660-4178-a442-63537c1529b6', 'Giselle Gomez', 'T', 'JV', 'F', 'C', '2025-11-29 19:04:43', '80', '19', '0', NULL, NULL, '0', 'PENDING', NULL, NULL),
('410a62ec-885f-4185-8683-6f9f079e2960', 'cedd187a-e48a-45e1-ad7b-90609612b3ca', '7a5fbd06-d9bf-4543-8cee-6ed60dc12dea', 'Team1 Archer1', 'TST', 'VAR', 'M', 'C', '2025-11-29 19:04:42', '122', '5', '0', NULL, NULL, '0', 'PENDING', NULL, NULL),
('413c1c53-f871-4c81-8d79-f6645455929c', '11930632-98f0-4b1b-9acf-6da1edb058ec', 'c25bb4c4-b5f8-47b0-bb48-4be3b5d490b0', 'Sarah Coach', 'COA', 'VAR', 'F', 'C', '2025-11-29 19:04:43', NULL, '10', '1', '2025-11-30 04:17:49', 'terry', '1', 'VER', NULL, '[{"action":"lock","actor":"terry","timestamp":"2025-11-30 04:17:49"}]'),
('4230f0db-5870-4864-9ca8-e3bb2e669096', '58589e75-28ef-4e9d-a8a3-eeeae918c29d', '111e50d2-c840-463d-99fd-95e2ed6b5fcd', 'Test Archer', 'TST', 'VAR', 'M', 'B', '2025-11-29 19:04:43', NULL, '6', '1', '2025-11-30 04:06:25', 'terry', '1', 'VOID', 'good', '[{"action":"void","actor":"terry","timestamp":"2025-11-30 04:06:25"}]'),
('429bdbb6-5314-4705-97f4-d89ce1f1f6cf', 'd58adcd1-bde1-4a79-920b-f3bc99c494bf', '61cce540-e45e-4f4b-a68f-1de9ec1d845e', 'Sa’Rih Torrencebella_ngai', 'T', 'JV', 'F', 'B', '2025-11-29 19:04:35', '80', '24', '0', NULL, NULL, '0', 'PENDING', NULL, NULL),
('437116f1-93c8-47a4-b4c3-e3b5d0e1e642', '14119bd4-635f-4afb-a4f5-b9d9e715a36e', 'f59e1f78-c6d6-44d1-bc3a-70dc7c656d50', 'Verina Saeed', 'W', 'JV', 'F', 'B', '2025-11-29 19:04:17', '80', '25', '0', NULL, NULL, '0', 'PENDING', NULL, NULL),
('446233a9-31a6-43ed-8f1e-a30db4d041fa', 'cedd187a-e48a-45e1-ad7b-90609612b3ca', 'c11a6236-cff9-4933-bb61-75188731ba7f', 'Archer3 Team1', 'TST', 'VAR', 'M', 'D', '2025-11-29 19:04:42', '122', '1', '0', NULL, NULL, '0', 'PENDING', NULL, NULL),
('44ffb4e6-7d5f-4632-b7cd-25d6b9436bfe', 'e155bb1d-8e9c-4150-974a-50355b41c222', 'feb34fa4-fdd5-4d79-a2b1-7182eebabb06', 'Joseph McCorkle', 'T', 'JV', 'M', 'B', '2025-11-29 19:04:43', '80', '15', '0', NULL, NULL, '0', 'PENDING', NULL, NULL),
('45ae5a34-7f7c-4c41-be14-76f0a1242c7a', '14119bd4-635f-4afb-a4f5-b9d9e715a36e', '2aae7c38-9378-4a6b-b909-d0e01b6bded0', 'Knox Mann Chavez', 'W', 'JV', 'F', 'D', '2025-11-29 19:04:17', '80', '21', '0', NULL, NULL, '0', 'PENDING', NULL, NULL),
('46242618-30ec-4349-9c0a-1e08a2f72309', 'b183c2b9-0ad1-4f1f-8751-a37068ffd1dd', 'eaa7e802-64de-4a07-bb71-8b06f4fc9d5a', 'Cooper Colinsky', 'W', 'VAR', 'M', 'B', '2025-11-29 19:04:35', '122', '2', '0', NULL, NULL, '0', 'PENDING', NULL, NULL),
('469a5a29-5940-4c8f-8f51-f1ed9839c4ea', '11930632-98f0-4b1b-9acf-6da1edb058ec', 'f0501017-9d98-416e-b95a-bb43d57892a8', 'Ellyse Legaspi', 'W', 'VAR', 'F', 'D', '2025-11-29 19:04:43', NULL, '9', '1', '2025-11-30 04:17:44', 'terry', '1', 'VER', NULL, '[{"action":"lock","actor":"terry","timestamp":"2025-11-30 04:17:44"}]'),
('47df9191-bd48-4f12-a9b3-ca41e63a7550', 'bbc02c88-72e4-4f0e-b7db-6798ac582b05', '22709b60-3406-4f5a-983b-d4f58a4c8e82', 'Brian O\' Connor', 'W', 'JV', 'M', 'C', '2025-11-29 19:04:42', '80', '12', '0', NULL, NULL, '0', 'PENDING', NULL, NULL),
('48da2bec-f586-4a06-a790-99783061b384', 'bbc02c88-72e4-4f0e-b7db-6798ac582b05', '8ddc8d62-afbe-472e-a7bd-20a5ee3c9dd1', 'Caio Lalau', 'T', 'JV', 'M', 'A', '2025-11-29 19:04:42', '80', '13', '0', NULL, NULL, '0', 'PENDING', NULL, NULL),
('48deb888-23c9-4031-a3f4-85eb203440c5', '14119bd4-635f-4afb-a4f5-b9d9e715a36e', '0423dd98-dc2d-4a60-ac3b-c4b6ceea1c8c', 'Jasmin Aranda', 'T', 'JV', 'F', 'B', '2025-11-29 19:04:17', '80', '20', '0', NULL, NULL, '0', 'PENDING', NULL, NULL),
('4920b797-db2b-4085-b25d-7d4519135106', 'a2385dbf-49e4-494d-b943-cddb453f5d6e', 'e743dfed-f6e8-493b-a3b5-cbf6079db6bd', 'Leo Hernandez', 'T', 'JV', 'M', 'A', '2025-11-29 19:04:35', '80', '16', '0', NULL, NULL, '0', 'PENDING', NULL, NULL),
('49c6b3fb-2e0b-485d-afc7-b48d2f7d37c2', 'f2469c5f-8103-4755-8861-e559e53bf38d', '3c5b458b-4d0e-4156-91ad-5b542e631e52', 'Ethan De La Torre', 'W', 'VAR', 'M', 'A', '2025-11-29 19:04:17', '122', '3', '0', NULL, NULL, '0', 'PENDING', NULL, NULL),
('49d3eb39-ac1a-4c27-bd64-25b150afb07d', 'd58adcd1-bde1-4a79-920b-f3bc99c494bf', 'f59e1f78-c6d6-44d1-bc3a-70dc7c656d50', 'Verina Saeed', 'W', 'JV', 'F', 'B', '2025-11-29 19:04:35', '80', '25', '0', NULL, NULL, '0', 'PENDING', NULL, NULL),
('49e2a3d3-c679-4249-8b64-baddc5d6e691', '60f3ce29-da05-470b-9cab-ab715af4a82e', 'a27bd9e2-b07b-4455-a9a0-805a9f5252f7', 'Solana Tsai', 'T', 'JV', 'F', 'D', '2025-11-29 19:04:42', '80', '24', '0', NULL, NULL, '0', 'PENDING', NULL, NULL),
('4a05ee56-c921-4f1b-9846-a4a431a4c769', 'a2385dbf-49e4-494d-b943-cddb453f5d6e', 'af4f8661-c0be-48d7-a150-c982afad4fe2', 'Malachi Lawson', 'T', 'JV', 'M', 'C', '2025-11-29 19:04:35', '80', '16', '0', NULL, NULL, '0', 'PENDING', NULL, NULL),
('4a2cba1b-3076-4038-b430-07dd406a22d3', '58589e75-28ef-4e9d-a8a3-eeeae918c29d', '34627862-e460-45dd-99d7-5aad716fb609', 'SingleTest Archer', 'TST', 'VAR', 'M', 'B', '2025-11-29 19:04:43', '122', '4', '1', '2025-11-30 04:06:25', 'terry', '1', 'VOID', 'good', '[{"action":"void","actor":"terry","timestamp":"2025-11-30 04:06:25"}]'),
('4a5a1ac4-1feb-49c0-9a68-755d298fab09', 'd58adcd1-bde1-4a79-920b-f3bc99c494bf', '000ef07e-7477-47e1-804c-9a9fbb63330a', 'Amelia Beall', 'T', 'JV', 'F', 'C', '2025-11-29 19:04:35', NULL, '17', '0', NULL, NULL, '0', 'PENDING', NULL, NULL),
('4b215fc1-93b3-460b-a96d-94bc9aa4aed0', '58589e75-28ef-4e9d-a8a3-eeeae918c29d', 'c5ea8014-e6a0-4175-ad0a-53deeb12c568', 'Test Archer1', 'TST', 'VAR', 'M', 'C', '2025-11-29 19:04:43', NULL, '6', '1', '2025-11-30 04:06:25', 'terry', '1', 'VOID', 'good', '[{"action":"void","actor":"terry","timestamp":"2025-11-30 04:06:25"}]'),
('4b320b52-de75-4f54-af01-e1f478b337f0', '04597442-4d5d-4510-860c-311d5772b4b8', 'ad0b29a7-024c-4973-a4cd-df7b9f1a4116', 'Verify Test', 'T', 'JV', 'M', 'D', '2025-11-29 19:04:17', '80', '16', '0', NULL, NULL, '0', 'PENDING', NULL, NULL),
('4b614f0f-0964-4c79-aa2b-d1bf8ad704fb', '58589e75-28ef-4e9d-a8a3-eeeae918c29d', 'f0b91075-f2d4-4709-9333-d5663a511e43', 'Archer2 Team1', 'TST', 'VAR', 'M', 'C', '2025-11-29 19:04:43', '122', '1', '1', '2025-11-30 04:06:25', 'terry', '1', 'VOID', 'good', '[{"action":"void","actor":"terry","timestamp":"2025-11-30 04:06:25"}]'),
('4b7e8008-e921-4362-a721-4669317e37c9', 'a2385dbf-49e4-494d-b943-cddb453f5d6e', 'eda90ff5-9f82-4b21-a0ef-7c2d971b02df', 'Jasper Peterson', 'W', 'JV', 'M', 'A', '2025-11-29 19:04:35', '80', '15', '0', NULL, NULL, '0', 'PENDING', NULL, NULL),
('4b9e2cd3-b17f-4405-b149-6e3b109c1a29', '60f3ce29-da05-470b-9cab-ab715af4a82e', '13a1f75f-ba98-4d6f-b106-c50141e3816d', 'Amelie Casillas', 'W', 'JV', 'F', 'D', '2025-11-29 19:04:42', NULL, '17', '0', NULL, NULL, '0', 'PENDING', NULL, NULL),
('4f9648e0-ac5b-4da8-947b-0f91ba9e73d9', '05eae739-866c-4841-bb8b-5b37dbc789e7', 'f97ac500-a101-40b4-b39e-eceab3962e57', 'Liana Bils', 'W', 'VAR', 'F', 'B', '2025-11-29 19:04:42', '122', '10', '0', NULL, NULL, '0', 'PENDING', NULL, NULL),
('4f970be7-b80e-4b45-9574-251e070ac044', 'f2469c5f-8103-4755-8861-e559e53bf38d', '6a510731-3b23-4b84-b854-ef9e3a4ecaaf', 'SingleTest Archer', 'TST', 'VAR', 'M', 'C', '2025-11-29 19:04:17', '122', '4', '0', NULL, NULL, '0', 'PENDING', NULL, NULL),
('4fed88f7-c318-4cfc-96ff-fa1e53f1b348', '4f696cd2-b7ec-400e-9f08-ccc1bb6dce3d', '57575dcf-61f4-4846-9539-152fa7fd4a11', 'Zoey Perez', 'W', 'JV', 'F', 'B', '2025-11-29 19:04:43', '80', '26', '0', NULL, NULL, '0', 'PENDING', NULL, NULL),
('5022d921-a04d-4a09-b6ef-28dd32646fb2', 'cedd187a-e48a-45e1-ad7b-90609612b3ca', '111e50d2-c840-463d-99fd-95e2ed6b5fcd', 'Test Archer', 'TST', 'VAR', 'M', 'B', '2025-11-29 19:04:42', NULL, '6', '0', NULL, NULL, '0', 'PENDING', NULL, NULL),
('50a18a0d-5952-4ae9-bba1-7ad1c8b6680c', '4f696cd2-b7ec-400e-9f08-ccc1bb6dce3d', '5c55e08a-ab6c-4981-8a57-42fc787220ae', 'Shiri Mross', 'W', 'JV', 'F', 'C', '2025-11-29 19:04:43', '80', '24', '0', NULL, NULL, '0', 'PENDING', NULL, NULL),
('534135ba-ee96-4a00-aaf3-2795c8a3c981', 'e155bb1d-8e9c-4150-974a-50355b41c222', '6ce2b350-4c31-46f0-aa7c-68b7384dd4db', 'Landon Hines', 'T', 'JV', 'M', 'D', '2025-11-29 19:04:43', '80', '15', '0', NULL, NULL, '0', 'PENDING', NULL, NULL),
('53ad2e27-aaea-43e7-a289-c3ccbc3e25ee', '58589e75-28ef-4e9d-a8a3-eeeae918c29d', '45e4984d-500a-4284-806d-f99da738a410', 'Alejandro Luna', 'T', 'VAR', 'M', 'A', '2025-11-29 19:04:43', '122', '1', '1', '2025-11-30 04:06:25', 'terry', '1', 'VOID', 'good', '[{"action":"void","actor":"terry","timestamp":"2025-11-30 04:06:25"}]'),
('53f6c7c3-0f89-4eed-a705-74631934fd21', 'a2385dbf-49e4-494d-b943-cddb453f5d6e', '3c7533af-eda1-48c7-b688-3279e75cc697', 'Kyan Shimazu', 'T', 'JV', 'M', 'C', '2025-11-29 19:04:35', '80', '15', '0', NULL, NULL, '0', 'PENDING', NULL, NULL),
('547598c3-358e-41cb-86df-fbef15ca0029', '60f3ce29-da05-470b-9cab-ab715af4a82e', '8b2638d2-f727-48c0-a167-8f0689119ee6', 'Maggie Zakrzewski', 'W', 'JV', 'F', 'C', '2025-11-29 19:04:42', '80', '22', '0', NULL, NULL, '0', 'PENDING', NULL, NULL),
('55ab06eb-f60a-4aa3-8e7b-2fa3ab967d5a', 'e5db836c-2d81-4112-9892-6c29ea87870f', '572a9013-4805-4928-b4fe-8e42ecc5b9ed', 'Archer3 Team2', 'TST', 'VAR', 'F', 'A', '2025-11-29 19:04:35', '122', '9', '0', NULL, NULL, '0', 'PENDING', NULL, NULL),
('5870574f-e6fd-476d-8317-cd983cdbf11d', 'e155bb1d-8e9c-4150-974a-50355b41c222', 'd6e17810-489a-49b2-8b5a-58a6fc59884c', 'Levi Meeker', 'W', 'JV', 'M', 'B', '2025-11-29 19:04:43', '80', '16', '0', NULL, NULL, '0', 'PENDING', NULL, NULL),
('59dd9559-f7e2-4bba-883d-663406db4836', 'b183c2b9-0ad1-4f1f-8751-a37068ffd1dd', '7a5fbd06-d9bf-4543-8cee-6ed60dc12dea', 'Team1 Archer1', 'TST', 'VAR', 'M', 'C', '2025-11-29 19:04:35', '122', '5', '0', NULL, NULL, '0', 'PENDING', NULL, NULL),
('5b6ffff7-1079-492d-821e-2a117dc0e931', '60f3ce29-da05-470b-9cab-ab715af4a82e', '551112f7-10b4-471c-90f3-50c4eae0d9eb', 'Katelyn Acosta De Lira', 'T', 'JV', 'F', 'C', '2025-11-29 19:04:42', '80', '21', '0', NULL, NULL, '0', 'PENDING', NULL, NULL),
('5bdd34a4-e9e0-4ab1-8f35-19c101231dd3', '4f696cd2-b7ec-400e-9f08-ccc1bb6dce3d', '8b2638d2-f727-48c0-a167-8f0689119ee6', 'Maggie Zakrzewski', 'W', 'JV', 'F', 'C', '2025-11-29 19:04:43', '80', '22', '0', NULL, NULL, '0', 'PENDING', NULL, NULL),
('5cf07e92-4aa7-4342-834f-ff4ce07b0028', 'b183c2b9-0ad1-4f1f-8751-a37068ffd1dd', '9b95d9eb-e766-447d-bc77-65f25b7e1c20', 'Salvador Arredondo', 'W', 'VAR', 'M', 'A', '2025-11-29 19:04:35', '122', '4', '0', NULL, NULL, '0', 'PENDING', NULL, NULL),
('5d48320d-577b-481b-ab73-957172170232', '1db52787-d1d4-46b6-b7e9-14791075e965', '892d740c-3718-4881-8d09-93ffc518679e', 'Test Archer2', 'TST', 'VAR', 'F', 'B', '2025-11-29 19:04:17', '122', '11', '0', NULL, NULL, '0', 'PENDING', NULL, NULL),
('5d8e27bc-0bb6-49f0-af8c-b64ecd96f99d', 'e155bb1d-8e9c-4150-974a-50355b41c222', 'c162420c-16ab-4054-82b9-766962a63cd8', 'Elijah Fykes', 'W', 'JV', 'M', 'A', '2025-11-29 19:04:43', '80', '14', '0', NULL, NULL, '0', 'PENDING', NULL, NULL),
('5f4f28e2-1b3e-4cc6-ac8b-14d976613eac', 'd58adcd1-bde1-4a79-920b-f3bc99c494bf', '0423dd98-dc2d-4a60-ac3b-c4b6ceea1c8c', 'Jasmin Aranda', 'T', 'JV', 'F', 'B', '2025-11-29 19:04:35', '80', '20', '0', NULL, NULL, '0', 'PENDING', NULL, NULL),
('5f6abc17-1dcb-4399-b18b-b02c1c8892bb', '04597442-4d5d-4510-860c-311d5772b4b8', '8ddc8d62-afbe-472e-a7bd-20a5ee3c9dd1', 'Caio Lalau', 'T', 'JV', 'M', 'A', '2025-11-29 19:04:17', '80', '13', '0', NULL, NULL, '0', 'PENDING', NULL, NULL),
('5fd3d77e-082d-42ae-a97f-dcab92ea6fd7', 'd58adcd1-bde1-4a79-920b-f3bc99c494bf', 'ee2e8fac-800b-4d18-be32-c4326169b7af', 'Isabella Diaz', 'W', 'JV', 'F', 'A', '2025-11-29 19:04:35', '80', '20', '0', NULL, NULL, '0', 'PENDING', NULL, NULL),
('60416b5e-5e18-4b68-9534-4fd83ee7d5d8', '05eae739-866c-4841-bb8b-5b37dbc789e7', 'f0501017-9d98-416e-b95a-bb43d57892a8', 'Ellyse Legaspi', 'W', 'VAR', 'F', 'D', '2025-11-29 19:04:42', '122', '9', '0', NULL, NULL, '0', 'PENDING', NULL, NULL),
('604555de-a9a0-45d8-b2cc-678e43cb0934', '4f696cd2-b7ec-400e-9f08-ccc1bb6dce3d', 'd6a82854-08d8-4ebd-a33c-f26eafbb067a', 'Adjani De La Riva', 'W', 'JV', 'F', 'A', '2025-11-29 19:04:43', NULL, '17', '1', NULL, NULL, '0', 'COMPLETED', NULL, NULL),
('606ff541-6b4d-493b-b58c-59bbec4c3c7b', 'b183c2b9-0ad1-4f1f-8751-a37068ffd1dd', '05c38abb-dff3-4325-9cd5-f2e03f13ba19', 'Ryder Singer', 'T', 'VAR', 'M', 'D', '2025-11-29 19:04:35', '122', '3', '0', NULL, NULL, '0', 'PENDING', NULL, NULL),
('60838f82-a6aa-41db-9321-b662459c1754', '05eae739-866c-4841-bb8b-5b37dbc789e7', 'c25bb4c4-b5f8-47b0-bb48-4be3b5d490b0', 'Sarah Coach', 'COA', 'VAR', 'F', 'C', '2025-11-29 19:04:42', '122', '10', '0', NULL, NULL, '0', 'PENDING', NULL, NULL),
('60cfdee6-3f6d-44a7-b2b7-299efa2400ca', '60f3ce29-da05-470b-9cab-ab715af4a82e', '6d0ead96-9584-44a2-bd42-0cbf28d5f519', 'Angelica Perez', 'W', 'JV', 'F', 'A', '2025-11-29 19:04:42', '80', '18', '0', NULL, NULL, '0', 'PENDING', NULL, NULL),
('60ee7b56-b09c-4c6e-97b9-01ca4a045da7', 'e5db836c-2d81-4112-9892-6c29ea87870f', '4c77693a-292e-4b9d-bcfa-bd2c05b78f8e', 'Alina Vizcarra', 'W', 'VAR', 'F', 'B', '2025-11-29 19:04:35', '122', '8', '0', NULL, NULL, '0', 'PENDING', NULL, NULL),
('611e2842-18a7-4883-bd97-99ce92461703', '14119bd4-635f-4afb-a4f5-b9d9e715a36e', '61cce540-e45e-4f4b-a68f-1de9ec1d845e', 'Sa’Rih Torrencebella_ngai', 'T', 'JV', 'F', 'B', '2025-11-29 19:04:17', '80', '24', '0', NULL, NULL, '0', 'PENDING', NULL, NULL),
('61c4d869-63a8-4b8f-b4da-886061bdd94c', '60f3ce29-da05-470b-9cab-ab715af4a82e', 'b316adba-ff21-4ef7-a120-1087083415f8', 'Bella Ngai', 'W', 'JV', 'F', 'D', '2025-11-29 19:04:42', '80', '18', '0', NULL, NULL, '0', 'PENDING', NULL, NULL),
('61da097d-8ba8-4a67-b78a-52f3d4af78f0', 'bbc02c88-72e4-4f0e-b7db-6798ac582b05', 'ac06a059-60c0-4633-ae60-0cb908bcf738', 'Caleb Croft', 'W', 'JV', 'M', 'B', '2025-11-29 19:04:42', '80', '13', '0', NULL, NULL, '0', 'PENDING', NULL, NULL),
('6303d68c-34fd-40ba-9e33-544f8a982394', 'cedd187a-e48a-45e1-ad7b-90609612b3ca', '34627862-e460-45dd-99d7-5aad716fb609', 'SingleTest Archer', 'TST', 'VAR', 'M', 'B', '2025-11-29 19:04:42', '122', '4', '0', NULL, NULL, '0', 'PENDING', NULL, NULL),
('631a84ba-9028-40ec-ba71-8a8c23f4d81e', '14119bd4-635f-4afb-a4f5-b9d9e715a36e', '762d0b89-a052-48b0-8921-ed2f646c3735', 'Jaylene Velazquez', 'T', 'JV', 'F', 'C', '2025-11-29 19:04:17', '80', '20', '0', NULL, NULL, '0', 'PENDING', NULL, NULL),
('637a686d-2397-4b7d-a289-8a98c072eb6d', 'bbc02c88-72e4-4f0e-b7db-6798ac582b05', 'c162420c-16ab-4054-82b9-766962a63cd8', 'Elijah Fykes', 'W', 'JV', 'M', 'A', '2025-11-29 19:04:42', '80', '14', '0', NULL, NULL, '0', 'PENDING', NULL, NULL),
('63c56afe-7ced-46d8-8a2f-846674709278', 'b183c2b9-0ad1-4f1f-8751-a37068ffd1dd', '181ca2fa-36fc-4050-8869-51fdc06b0aad', 'Archer1 Team1', 'TST', 'VAR', 'M', 'B', '2025-11-29 19:04:35', '122', '1', '0', NULL, NULL, '0', 'PENDING', NULL, NULL),
('65628511-9308-4670-a55f-8af4caa0ed25', '60f3ce29-da05-470b-9cab-ab715af4a82e', 'afd98f98-eff4-40fc-82bc-6e5aae351dd5', 'Ashriya Milton', 'W', 'JV', 'F', 'B', '2025-11-29 19:04:42', '80', '18', '0', NULL, NULL, '0', 'PENDING', NULL, NULL),
('65b73c78-b1bc-4838-a4cd-065c2714f3ac', 'e155bb1d-8e9c-4150-974a-50355b41c222', '22709b60-3406-4f5a-983b-d4f58a4c8e82', 'Brian O\' Connor', 'W', 'JV', 'M', 'C', '2025-11-29 19:04:43', '80', '12', '0', NULL, NULL, '0', 'PENDING', NULL, NULL),
('666ecad6-4139-4be2-bf3a-cf2acdebab67', 'd58adcd1-bde1-4a79-920b-f3bc99c494bf', 'a27bd9e2-b07b-4455-a9a0-805a9f5252f7', 'Solana Tsai', 'T', 'JV', 'F', 'D', '2025-11-29 19:04:35', '80', '24', '0', NULL, NULL, '0', 'PENDING', NULL, NULL),
('66dcaa1b-a5d8-4c86-89bc-ed025fd96bf2', 'cedd187a-e48a-45e1-ad7b-90609612b3ca', 'c5ea8014-e6a0-4175-ad0a-53deeb12c568', 'Test Archer1', 'TST', 'VAR', 'M', 'C', '2025-11-29 19:04:42', NULL, '6', '0', NULL, NULL, '0', 'PENDING', NULL, NULL),
('68942f60-2cc4-4c5b-99b1-ae69291e7345', 'bbc02c88-72e4-4f0e-b7db-6798ac582b05', 'af4f8661-c0be-48d7-a150-c982afad4fe2', 'Malachi Lawson', 'T', 'JV', 'M', 'C', '2025-11-29 19:04:42', '80', '16', '0', NULL, NULL, '0', 'PENDING', NULL, NULL),
('696dc357-9875-4977-bf23-4960ada90f89', 'e155bb1d-8e9c-4150-974a-50355b41c222', 'ca21be3e-7303-4f03-b833-0f277815a98c', 'Ethan Johnson', 'T', 'JV', 'M', 'D', '2025-11-29 19:04:43', '80', '14', '0', NULL, NULL, '0', 'PENDING', NULL, NULL),
('69d96ab3-7245-4d56-9aad-3c146d5f383b', '05eae739-866c-4841-bb8b-5b37dbc789e7', '2aa2ed5a-62e3-4ed8-9d42-32e6efb56016', 'Team1 Archer2', 'TST', 'VAR', 'F', 'A', '2025-11-29 19:04:42', '122', '11', '0', NULL, NULL, '0', 'PENDING', NULL, NULL),
('69e4a7ba-4eac-457f-bbae-63b18f50bf80', '58589e75-28ef-4e9d-a8a3-eeeae918c29d', 'c11a6236-cff9-4933-bb61-75188731ba7f', 'Archer3 Team1', 'TST', 'VAR', 'M', 'D', '2025-11-29 19:04:43', '122', '1', '1', '2025-11-30 04:06:25', 'terry', '1', 'VOID', 'good', '[{"action":"void","actor":"terry","timestamp":"2025-11-30 04:06:25"}]'),
('69e97709-7446-4bf7-a9f1-255102e4e898', '1db52787-d1d4-46b6-b7e9-14791075e965', 'a3be9dc0-9ce6-43dd-9c96-00f2bdcf730d', 'Archer1 Team2', 'TST', 'VAR', 'F', 'C', '2025-11-29 19:04:17', '122', '8', '0', NULL, NULL, '0', 'PENDING', NULL, NULL),
('69f6cbd8-74cf-43a2-b632-b17275321862', '14119bd4-635f-4afb-a4f5-b9d9e715a36e', '551112f7-10b4-471c-90f3-50c4eae0d9eb', 'Katelyn Acosta De Lira', 'T', 'JV', 'F', 'C', '2025-11-29 19:04:17', '80', '21', '0', NULL, NULL, '0', 'PENDING', NULL, NULL),
('6a10dfad-b6fb-4105-b65a-eb111c389c09', 'f2469c5f-8103-4755-8861-e559e53bf38d', '7a5fbd06-d9bf-4543-8cee-6ed60dc12dea', 'Team1 Archer1', 'TST', 'VAR', 'M', 'C', '2025-11-29 19:04:17', '122', '5', '0', NULL, NULL, '0', 'PENDING', NULL, NULL),
('6a43cb1e-9444-46e2-aa3c-66474646868c', '4f696cd2-b7ec-400e-9f08-ccc1bb6dce3d', 'c95f43d5-14ba-42c7-9c9b-83566efa0d75', 'Alaya Johnson', 'W', 'JV', 'F', 'B', '2025-11-29 19:04:43', NULL, '17', '1', NULL, NULL, '0', 'COMPLETED', NULL, NULL),
('6a5c0b85-ab0e-42c9-936b-7e4d3c19ecca', '05eae739-866c-4841-bb8b-5b37dbc789e7', '89560caf-123b-442c-a3be-9d3e57883485', 'Adjani De La Riva', 'DVD', 'VAR', 'F', 'A', '2025-11-29 19:04:42', '122', '8', '0', NULL, NULL, '0', 'PENDING', NULL, NULL),
('6a724dcc-f26f-4268-96a8-acb5179849cd', 'a2385dbf-49e4-494d-b943-cddb453f5d6e', '6549db8f-77d9-4048-866c-4d3d7a1f9b2b', 'Danny Torres', 'W', 'JV', 'M', 'D', '2025-11-29 19:04:35', '80', '13', '0', NULL, NULL, '0', 'PENDING', NULL, NULL),
('6c22d51b-4f55-4145-b4e9-1d6c33f52b38', 'e5db836c-2d81-4112-9892-6c29ea87870f', '5df39a1f-c145-4a4a-9326-2344a6cf7814', 'Archer2 Team2', 'TST', 'VAR', 'F', 'D', '2025-11-29 19:04:35', '122', '8', '0', NULL, NULL, '0', 'PENDING', NULL, NULL),
('6c8df752-5156-4d80-bdce-fcf1f1ae5414', '4f696cd2-b7ec-400e-9f08-ccc1bb6dce3d', '762d0b89-a052-48b0-8921-ed2f646c3735', 'Jaylene Velazquez', 'T', 'JV', 'F', 'C', '2025-11-29 19:04:43', '80', '20', '0', NULL, NULL, '0', 'PENDING', NULL, NULL),
('6d4926cb-eab7-42b9-82e0-30d7603bccc2', 'f2469c5f-8103-4755-8861-e559e53bf38d', '9b95d9eb-e766-447d-bc77-65f25b7e1c20', 'Salvador Arredondo', 'W', 'VAR', 'M', 'A', '2025-11-29 19:04:17', '122', '4', '0', NULL, NULL, '0', 'PENDING', NULL, NULL),
('7079224d-912f-43fb-9c63-53421e3f7504', 'f2469c5f-8103-4755-8861-e559e53bf38d', '0d5d3f91-d616-41ca-ab6e-dd08855b898a', 'Dominic Davis', 'T', 'VAR', 'M', 'D', '2025-11-29 19:04:17', '122', '2', '0', NULL, NULL, '0', 'PENDING', NULL, NULL),
('715bff5d-0564-4a64-be49-6091ea97d21c', '14119bd4-635f-4afb-a4f5-b9d9e715a36e', 'edffea21-d5b9-44b6-85a5-e3e0f238c7b6', 'Melanie Jimenez', 'W', 'JV', 'F', 'D', '2025-11-29 19:04:17', '80', '22', '0', NULL, NULL, '0', 'PENDING', NULL, NULL),
('716fe226-8eee-484e-9992-ccf2bd57aa72', '60f3ce29-da05-470b-9cab-ab715af4a82e', '762d0b89-a052-48b0-8921-ed2f646c3735', 'Jaylene Velazquez', 'T', 'JV', 'F', 'C', '2025-11-29 19:04:42', '80', '20', '0', NULL, NULL, '0', 'PENDING', NULL, NULL),
('71daa3e2-5790-4f93-adb0-bbcff21e9b63', '4f696cd2-b7ec-400e-9f08-ccc1bb6dce3d', '000ef07e-7477-47e1-804c-9a9fbb63330a', 'Amelia Beall', 'T', 'JV', 'F', 'C', '2025-11-29 19:04:43', NULL, '17', '1', NULL, NULL, '0', 'COMPLETED', NULL, NULL),
('71fec2a3-22a7-42f9-a989-9365c6de8188', '60f3ce29-da05-470b-9cab-ab715af4a82e', '9a163c17-230a-4839-a7f5-b52ae7876eb5', 'Haley Mills', 'T', 'JV', 'F', 'D', '2025-11-29 19:04:42', '80', '19', '0', NULL, NULL, '0', 'PENDING', NULL, NULL),
('74c73778-9ca9-4e8f-ac54-ca1acb71abe0', '60f3ce29-da05-470b-9cab-ab715af4a82e', 'db2d299e-9760-44c0-9b57-f79a7de46f51', 'Joslyn Chua', 'W', 'JV', 'F', 'D', '2025-11-29 19:04:42', '80', '20', '0', NULL, NULL, '0', 'PENDING', NULL, NULL),
('75dbd1c1-e386-4ce0-b97b-cedcb4e0bb22', '04597442-4d5d-4510-860c-311d5772b4b8', 'af4f8661-c0be-48d7-a150-c982afad4fe2', 'Malachi Lawson', 'T', 'JV', 'M', 'C', '2025-11-29 19:04:17', '80', '16', '0', NULL, NULL, '0', 'PENDING', NULL, NULL),
('75fbe2d1-82a0-4eb6-a4f2-43369e3c2ec1', '58589e75-28ef-4e9d-a8a3-eeeae918c29d', '48049306-afa2-4b9b-bafd-eca6cfc4c1ce', 'Vince Dikdan', 'W', 'VAR', 'M', 'A', '2025-11-29 19:04:43', '122', '7', '1', '2025-11-30 04:06:25', 'terry', '1', 'VOID', 'good', '[{"action":"void","actor":"terry","timestamp":"2025-11-30 04:06:25"}]'),
('761500ee-371a-43ef-a83b-3119c154bc61', '14119bd4-635f-4afb-a4f5-b9d9e715a36e', '3d26b6f9-fa15-4c91-8ad8-647ca471df90', 'Jozelynne Rodasguillen', 'W', 'JV', 'F', 'A', '2025-11-29 19:04:17', '80', '21', '0', NULL, NULL, '0', 'PENDING', NULL, NULL),
('77e5d504-9bd8-4b61-b470-d1603d51d0e1', 'b183c2b9-0ad1-4f1f-8751-a37068ffd1dd', '3c5b458b-4d0e-4156-91ad-5b542e631e52', 'Ethan De La Torre', 'W', 'VAR', 'M', 'A', '2025-11-29 19:04:35', '122', '3', '0', NULL, NULL, '0', 'PENDING', NULL, NULL),
('781dc638-b0cc-4400-b6a6-4866c9986854', 'b183c2b9-0ad1-4f1f-8751-a37068ffd1dd', '0d5d3f91-d616-41ca-ab6e-dd08855b898a', 'Dominic Davis', 'T', 'VAR', 'M', 'D', '2025-11-29 19:04:35', '122', '2', '0', NULL, NULL, '0', 'PENDING', NULL, NULL),
('782e64bc-cb77-4b68-9816-6fc613077d70', '4f696cd2-b7ec-400e-9f08-ccc1bb6dce3d', '9a163c17-230a-4839-a7f5-b52ae7876eb5', 'Haley Mills', 'T', 'JV', 'F', 'D', '2025-11-29 19:04:43', '80', '19', '0', NULL, NULL, '0', 'PENDING', NULL, NULL),
('78fa5909-07d2-4b65-99fc-1ccece1a1bf0', 'd58adcd1-bde1-4a79-920b-f3bc99c494bf', 'b316adba-ff21-4ef7-a120-1087083415f8', 'Bella Ngai', 'W', 'JV', 'F', 'D', '2025-11-29 19:04:35', '80', '18', '0', NULL, NULL, '0', 'PENDING', NULL, NULL),
('796753f9-db2a-439a-81fb-c88634960e41', '4f696cd2-b7ec-400e-9f08-ccc1bb6dce3d', 'edffea21-d5b9-44b6-85a5-e3e0f238c7b6', 'Melanie Jimenez', 'W', 'JV', 'F', 'D', '2025-11-29 19:04:43', '80', '22', '0', NULL, NULL, '0', 'PENDING', NULL, NULL),
('798e26ce-6e0b-4824-ade0-8d7cf7a77288', 'cedd187a-e48a-45e1-ad7b-90609612b3ca', 'e83489e0-cbe5-49e2-8a7f-cbd5a5346744', 'SingleTest Archer', 'TST', 'VAR', 'M', 'A', '2025-11-29 19:04:42', '122', '5', '0', NULL, NULL, '0', 'PENDING', NULL, NULL),
('79d17a3e-3032-4393-817e-47d0d4ff143b', 'e155bb1d-8e9c-4150-974a-50355b41c222', '2ec9b469-d049-438c-a637-db610537ed47', 'Bryce Golliday', 'T', 'JV', 'M', 'D', '2025-11-29 19:04:43', '80', '12', '0', NULL, NULL, '0', 'PENDING', NULL, NULL),
('7a557eb4-121f-4d86-87d9-9695e755ba1b', '4f696cd2-b7ec-400e-9f08-ccc1bb6dce3d', '2aae7c38-9378-4a6b-b909-d0e01b6bded0', 'Knox Mann Chavez', 'W', 'JV', 'F', 'D', '2025-11-29 19:04:43', '80', '21', '0', NULL, NULL, '0', 'PENDING', NULL, NULL),
('7b20ffcd-17f7-4e9b-a362-e19a3087cdfe', '4f696cd2-b7ec-400e-9f08-ccc1bb6dce3d', 'a6615802-49db-4c41-ba66-3c8f37808c1f', 'Natalia Montalvo', 'W', 'JV', 'F', 'D', '2025-11-29 19:04:43', '80', '23', '0', NULL, NULL, '0', 'PENDING', NULL, NULL),
('7be5994b-0ba3-4487-a475-09415f5c43aa', '14119bd4-635f-4afb-a4f5-b9d9e715a36e', '65eb473f-cca2-432a-ba9e-5ac0c64076a9', 'Molly Doran', 'T', 'JV', 'F', 'B', '2025-11-29 19:04:17', '80', '23', '0', NULL, NULL, '0', 'PENDING', NULL, NULL),
('7c8ca191-3494-4a13-9e8b-ef3a817af00b', '05eae739-866c-4841-bb8b-5b37dbc789e7', '892d740c-3718-4881-8d09-93ffc518679e', 'Test Archer2', 'TST', 'VAR', 'F', 'B', '2025-11-29 19:04:42', '122', '11', '0', NULL, NULL, '0', 'PENDING', NULL, NULL),
('7d10b103-8aa8-4039-853f-c2ed56207f61', 'd58adcd1-bde1-4a79-920b-f3bc99c494bf', 'f6c6da50-e204-4649-8ff1-d4eb9aaac9eb', 'Victoria Salcedo', 'W', 'JV', 'F', 'C', '2025-11-29 19:04:35', '80', '25', '0', NULL, NULL, '0', 'PENDING', NULL, NULL),
('7d5d781f-f000-4414-9cc0-2c8450b0dcf7', '58589e75-28ef-4e9d-a8a3-eeeae918c29d', '2db86fe0-a620-4c8f-8aec-43420f320854', 'SingleTest Archer', 'TST', 'VAR', 'M', 'B', '2025-11-29 19:04:43', NULL, '5', '1', '2025-11-30 04:06:25', 'terry', '1', 'VER', 'good', '[{"action":"lock","actor":"terry","timestamp":"2025-11-30 04:06:25"}]'),
('7d87c1e9-0ee6-4f61-bade-7e4e55c786b2', 'cedd187a-e48a-45e1-ad7b-90609612b3ca', '6a510731-3b23-4b84-b854-ef9e3a4ecaaf', 'SingleTest Archer', 'TST', 'VAR', 'M', 'C', '2025-11-29 19:04:42', '122', '4', '0', NULL, NULL, '0', 'PENDING', NULL, NULL),
('7de00e2c-7101-4b47-86b7-595452418f9f', 'd58adcd1-bde1-4a79-920b-f3bc99c494bf', '3d26b6f9-fa15-4c91-8ad8-647ca471df90', 'Jozelynne Rodasguillen', 'W', 'JV', 'F', 'A', '2025-11-29 19:04:35', '80', '21', '0', NULL, NULL, '0', 'PENDING', NULL, NULL);
INSERT INTO `round_archers` (`id`, `round_id`, `archer_id`, `archer_name`, `school`, `level`, `gender`, `target_assignment`, `created_at`, `target_size`, `bale_number`, `completed`, `verified_at`, `verified_by`, `locked`, `card_status`, `notes`, `lock_history`) VALUES
('7f3c015b-607b-43bf-875a-69bbd9ffec56', '60f3ce29-da05-470b-9cab-ab715af4a82e', '3d26b6f9-fa15-4c91-8ad8-647ca471df90', 'Jozelynne Rodasguillen', 'W', 'JV', 'F', 'A', '2025-11-29 19:04:42', '80', '21', '0', NULL, NULL, '0', 'PENDING', NULL, NULL),
('7ff35ffc-1a75-46e3-b6ce-c8f752ccd09d', '1db52787-d1d4-46b6-b7e9-14791075e965', '4c77693a-292e-4b9d-bcfa-bd2c05b78f8e', 'Alina Vizcarra', 'W', 'VAR', 'F', 'B', '2025-11-29 19:04:17', '122', '8', '0', NULL, NULL, '0', 'PENDING', NULL, NULL),
('80d17594-47ea-49f0-85c1-342925da8759', 'cedd187a-e48a-45e1-ad7b-90609612b3ca', '632012a7-2645-481c-99cb-fae78be0a72f', 'Brandon Garcia', 'W', 'VAR', 'M', 'A', '2025-11-29 19:04:42', '122', '2', '0', NULL, NULL, '0', 'PENDING', NULL, NULL),
('8265cbfb-7f5e-42fb-9769-765b5ace8ba2', 'a2385dbf-49e4-494d-b943-cddb453f5d6e', '0008b068-eaa4-44cc-be62-df67faa4232a', 'Eric Salas', 'T', 'JV', 'M', 'B', '2025-11-29 19:04:35', '80', '14', '0', NULL, NULL, '0', 'PENDING', NULL, NULL),
('85701bc3-f550-43a7-88c6-412e55b2661a', '14119bd4-635f-4afb-a4f5-b9d9e715a36e', '9878df28-7cbb-4090-b904-d78499f55fac', 'Eden Jonick', 'W', 'JV', 'F', 'A', '2025-11-29 19:04:17', '80', '19', '0', NULL, NULL, '0', 'PENDING', NULL, NULL),
('85f88a38-a393-4709-82a9-3d536ea06bba', 'e5db836c-2d81-4112-9892-6c29ea87870f', '892d740c-3718-4881-8d09-93ffc518679e', 'Test Archer2', 'TST', 'VAR', 'F', 'B', '2025-11-29 19:04:35', '122', '11', '0', NULL, NULL, '0', 'PENDING', NULL, NULL),
('86d4caea-1341-4d89-ac38-a7459b6d01ea', 'a2385dbf-49e4-494d-b943-cddb453f5d6e', 'feb34fa4-fdd5-4d79-a2b1-7182eebabb06', 'Joseph McCorkle', 'T', 'JV', 'M', 'B', '2025-11-29 19:04:35', '80', '15', '0', NULL, NULL, '0', 'PENDING', NULL, NULL),
('8846ffbb-d052-4953-811c-498637dff04a', 'e155bb1d-8e9c-4150-974a-50355b41c222', 'b8afc11a-bb1c-4c5d-9225-a04c2ae857c9', 'Awishkar Shrestha', 'W', 'JV', 'M', 'B', '2025-11-29 19:04:43', '80', '12', '0', NULL, NULL, '0', 'PENDING', NULL, NULL),
('891e2554-e84f-4a24-ba5a-d1d5696f0b58', '05eae739-866c-4841-bb8b-5b37dbc789e7', '572a9013-4805-4928-b4fe-8e42ecc5b9ed', 'Archer3 Team2', 'TST', 'VAR', 'F', 'A', '2025-11-29 19:04:42', '122', '9', '0', NULL, NULL, '0', 'PENDING', NULL, NULL),
('8962d550-8791-4443-9066-5209693de217', '14119bd4-635f-4afb-a4f5-b9d9e715a36e', 'd29f88b9-caa9-4ec4-98c4-54233f495db7', 'Mikaylah Araujo', 'T', 'JV', 'F', 'A', '2025-11-29 19:04:17', '80', '23', '0', NULL, NULL, '0', 'PENDING', NULL, NULL),
('89d01250-183c-4e11-bd97-2c42a288ee30', 'f2469c5f-8103-4755-8861-e559e53bf38d', 'be6fac62-5467-45cc-a422-ef055de05e65', 'Workflow Test Archer', 'TST', 'VAR', 'M', 'B', '2025-11-29 19:04:17', '122', '7', '0', NULL, NULL, '0', 'PENDING', NULL, NULL),
('8a056969-24fa-4484-9124-b11f62bf1b78', '58589e75-28ef-4e9d-a8a3-eeeae918c29d', '9b95d9eb-e766-447d-bc77-65f25b7e1c20', 'Salvador Arredondo', 'W', 'VAR', 'M', 'A', '2025-11-29 19:04:43', '122', '4', '1', '2025-11-30 04:06:25', 'terry', '1', 'VOID', 'good', '[{"action":"void","actor":"terry","timestamp":"2025-11-30 04:06:25"}]'),
('8a1591c1-d25b-4504-8892-672d0e1ea5a4', 'bbc02c88-72e4-4f0e-b7db-6798ac582b05', '4a09af1c-5052-4e2b-ac0e-6cdba37986e1', 'Alan Lopez', 'W', 'JV', 'M', 'A', '2025-11-29 19:04:42', '80', '12', '0', NULL, NULL, '0', 'PENDING', NULL, NULL),
('8a945541-63cf-49f8-98fb-a7b0bc74fafa', '1db52787-d1d4-46b6-b7e9-14791075e965', '2aa2ed5a-62e3-4ed8-9d42-32e6efb56016', 'Team1 Archer2', 'TST', 'VAR', 'F', 'A', '2025-11-29 19:04:17', '122', '11', '0', NULL, NULL, '0', 'PENDING', NULL, NULL),
('8aa5cfc7-92c2-4963-8d93-a732b638e48e', '4f696cd2-b7ec-400e-9f08-ccc1bb6dce3d', 'f6c6da50-e204-4649-8ff1-d4eb9aaac9eb', 'Victoria Salcedo', 'W', 'JV', 'F', 'C', '2025-11-29 19:04:43', '80', '25', '0', NULL, NULL, '0', 'PENDING', NULL, NULL),
('8c052e49-721e-4c7b-86e0-94ba3a8e5ec2', '4f696cd2-b7ec-400e-9f08-ccc1bb6dce3d', 'b316adba-ff21-4ef7-a120-1087083415f8', 'Bella Ngai', 'W', 'JV', 'F', 'D', '2025-11-29 19:04:43', '80', '18', '0', NULL, NULL, '0', 'PENDING', NULL, NULL),
('8c219514-75b4-436d-bafc-ddd3b671ddda', '60f3ce29-da05-470b-9cab-ab715af4a82e', 'ee2e8fac-800b-4d18-be32-c4326169b7af', 'Isabella Diaz', 'W', 'JV', 'F', 'A', '2025-11-29 19:04:42', '80', '20', '0', NULL, NULL, '0', 'PENDING', NULL, NULL),
('8cebcda7-3413-41fc-9dcd-424c3fc3220a', 'd58adcd1-bde1-4a79-920b-f3bc99c494bf', '569fab48-bf83-4097-b176-1d3c4f42e740', 'Tica Facer', 'W', 'JV', 'F', 'A', '2025-11-29 19:04:35', '80', '25', '0', NULL, NULL, '0', 'PENDING', NULL, NULL),
('8d108609-7b65-4095-b6fe-3b706b81ada1', '11930632-98f0-4b1b-9acf-6da1edb058ec', 'a3be9dc0-9ce6-43dd-9c96-00f2bdcf730d', 'Archer1 Team2', 'TST', 'VAR', 'F', 'C', '2025-11-29 19:04:43', NULL, '8', '1', '2025-11-30 04:17:38', 'terry', '1', 'VER', NULL, '[{"action":"lock","actor":"terry","timestamp":"2025-11-30 04:17:38"}]'),
('8d5d4b9e-830a-4271-81b0-2a7b46939066', '11930632-98f0-4b1b-9acf-6da1edb058ec', '4c77693a-292e-4b9d-bcfa-bd2c05b78f8e', 'Alina Vizcarra', 'W', 'VAR', 'F', 'B', '2025-11-29 19:04:43', NULL, '8', '1', '2025-11-30 04:17:38', 'terry', '1', 'VER', NULL, '[{"action":"lock","actor":"terry","timestamp":"2025-11-30 04:17:38"}]'),
('8d75576f-82ef-4c48-b53b-d26a23edf344', '14119bd4-635f-4afb-a4f5-b9d9e715a36e', '9a163c17-230a-4839-a7f5-b52ae7876eb5', 'Haley Mills', 'T', 'JV', 'F', 'D', '2025-11-29 19:04:17', '80', '19', '0', NULL, NULL, '0', 'PENDING', NULL, NULL),
('8edb16c8-21a3-4f44-af4b-e51e573c870d', '05eae739-866c-4841-bb8b-5b37dbc789e7', '4c77693a-292e-4b9d-bcfa-bd2c05b78f8e', 'Alina Vizcarra', 'W', 'VAR', 'F', 'B', '2025-11-29 19:04:42', '122', '8', '0', NULL, NULL, '0', 'PENDING', NULL, NULL),
('8edfd944-c04d-4787-8e01-8937e61a1a7a', 'e155bb1d-8e9c-4150-974a-50355b41c222', '43e53e92-2d7b-45df-a8fa-c938cdb0f21f', 'Ethan Hernandez', 'W', 'JV', 'M', 'C', '2025-11-29 19:04:43', '80', '14', '0', NULL, NULL, '0', 'PENDING', NULL, NULL),
('8ee21cec-07dc-4252-951d-ddda2688a344', 'bbc02c88-72e4-4f0e-b7db-6798ac582b05', '43e53e92-2d7b-45df-a8fa-c938cdb0f21f', 'Ethan Hernandez', 'W', 'JV', 'M', 'C', '2025-11-29 19:04:42', '80', '14', '0', NULL, NULL, '0', 'PENDING', NULL, NULL),
('8fbe6d6e-88b0-4bf5-97a9-971eda5e20ce', 'b183c2b9-0ad1-4f1f-8751-a37068ffd1dd', '48049306-afa2-4b9b-bafd-eca6cfc4c1ce', 'Vince Dikdan', 'W', 'VAR', 'M', 'A', '2025-11-29 19:04:35', '122', '7', '0', NULL, NULL, '0', 'PENDING', NULL, NULL),
('93861b22-317f-47f0-98f2-f900e8223aef', '1db52787-d1d4-46b6-b7e9-14791075e965', '2e3d6978-27a3-480d-89db-642f6f9fef6e', 'Ariana Ramirez', 'W', 'VAR', 'F', 'B', '2025-11-29 19:04:17', '122', '9', '0', NULL, NULL, '0', 'PENDING', NULL, NULL),
('941be5c7-fb9e-4c74-8fe2-701037ca1fd7', 'cedd187a-e48a-45e1-ad7b-90609612b3ca', 'be6fac62-5467-45cc-a422-ef055de05e65', 'Workflow Test Archer', 'TST', 'VAR', 'M', 'B', '2025-11-29 19:04:42', '122', '7', '0', NULL, NULL, '0', 'PENDING', NULL, NULL),
('94c2c963-395c-4ebf-8d4a-afce10a3a604', '14119bd4-635f-4afb-a4f5-b9d9e715a36e', '3f799c9b-6a9f-4c71-95e1-98d8305636e1', 'Leah Toji', 'W', 'JV', 'F', 'A', '2025-11-29 19:04:17', '80', '22', '0', NULL, NULL, '0', 'PENDING', NULL, NULL),
('9581b5ef-9e2f-48c7-954d-4af84cc9bfd1', '60f3ce29-da05-470b-9cab-ab715af4a82e', '0423dd98-dc2d-4a60-ac3b-c4b6ceea1c8c', 'Jasmin Aranda', 'T', 'JV', 'F', 'B', '2025-11-29 19:04:42', '80', '20', '0', NULL, NULL, '0', 'PENDING', NULL, NULL),
('95da494a-1f08-4af0-ab63-e526eb76291d', 'f2469c5f-8103-4755-8861-e559e53bf38d', '34627862-e460-45dd-99d7-5aad716fb609', 'SingleTest Archer', 'TST', 'VAR', 'M', 'B', '2025-11-29 19:04:17', '122', '4', '0', NULL, NULL, '0', 'PENDING', NULL, NULL),
('96560b3f-4a95-48b7-9ffc-cfff7e01070a', 'd58adcd1-bde1-4a79-920b-f3bc99c494bf', 'db2d299e-9760-44c0-9b57-f79a7de46f51', 'Joslyn Chua', 'W', 'JV', 'F', 'D', '2025-11-29 19:04:35', '80', '20', '0', NULL, NULL, '0', 'PENDING', NULL, NULL),
('97163518-2531-4f30-8b1c-29e6d125333c', '58589e75-28ef-4e9d-a8a3-eeeae918c29d', '1cc7db4d-f321-4fdb-a236-13668503b461', 'Dean Gomez', 'W', 'VAR', 'M', 'C', '2025-11-29 19:04:43', NULL, '2', '1', '2025-11-30 04:06:25', 'terry', '1', 'VER', 'good', '[{"action":"lock","actor":"terry","timestamp":"2025-11-30 04:06:25"}]'),
('9749f59b-ca9a-4b51-b5b4-0bd4a2372981', '60f3ce29-da05-470b-9cab-ab715af4a82e', '3f799c9b-6a9f-4c71-95e1-98d8305636e1', 'Leah Toji', 'W', 'JV', 'F', 'A', '2025-11-29 19:04:42', '80', '22', '0', NULL, NULL, '0', 'PENDING', NULL, NULL),
('98ca49c6-92eb-4a4f-a278-6225d958f2e3', '14119bd4-635f-4afb-a4f5-b9d9e715a36e', '5c55e08a-ab6c-4981-8a57-42fc787220ae', 'Shiri Mross', 'W', 'JV', 'F', 'C', '2025-11-29 19:04:17', '80', '24', '0', NULL, NULL, '0', 'PENDING', NULL, NULL),
('98d9ebe1-22fd-41e6-a0de-fc143a67d815', 'f2469c5f-8103-4755-8861-e559e53bf38d', '632012a7-2645-481c-99cb-fae78be0a72f', 'Brandon Garcia', 'W', 'VAR', 'M', 'A', '2025-11-29 19:04:17', '122', '2', '0', NULL, NULL, '0', 'PENDING', NULL, NULL),
('98ef3682-b3fd-4c97-b350-74495e1bf812', '04597442-4d5d-4510-860c-311d5772b4b8', 'feb34fa4-fdd5-4d79-a2b1-7182eebabb06', 'Joseph McCorkle', 'T', 'JV', 'M', 'B', '2025-11-29 19:04:17', '80', '15', '0', NULL, NULL, '0', 'PENDING', NULL, NULL),
('993ee102-dd08-41f8-a756-2d93d3ddd219', '14119bd4-635f-4afb-a4f5-b9d9e715a36e', 'afd98f98-eff4-40fc-82bc-6e5aae351dd5', 'Ashriya Milton', 'W', 'JV', 'F', 'B', '2025-11-29 19:04:17', '80', '18', '0', NULL, NULL, '0', 'PENDING', NULL, NULL),
('9ae4e9f2-ac50-4f68-b105-d9dcbbb0b818', 'cedd187a-e48a-45e1-ad7b-90609612b3ca', '3edd0f5d-8f17-4e4f-ac72-e5c04d9899b1', 'Terry Adams', 'COA', 'VAR', 'M', 'A', '2025-11-29 19:04:42', NULL, '6', '1', '2025-11-30 09:21:38', 'Coach', '1', 'VER', 'Score correction: test', '[{"action":"lock","actor":"Coach","timestamp":"2025-11-30 09:21:38"}]'),
('9bc4f9d0-9eb6-4703-ade2-bae4ccacc6d0', 'bbc02c88-72e4-4f0e-b7db-6798ac582b05', '784cb2b8-3769-49e2-a4fe-06e53e7cf837', 'Cruz Briseno', 'T', 'JV', 'M', 'C', '2025-11-29 19:04:42', '80', '13', '0', NULL, NULL, '0', 'PENDING', NULL, NULL),
('9bd88ed9-45f4-4223-820a-af752fa82a82', 'f2469c5f-8103-4755-8861-e559e53bf38d', '45e4984d-500a-4284-806d-f99da738a410', 'Alejandro Luna', 'T', 'VAR', 'M', 'A', '2025-11-29 19:04:17', '122', '1', '0', NULL, NULL, '0', 'PENDING', NULL, NULL),
('9ceb7728-8737-4f1f-92fa-10675fd1fa40', 'e5db836c-2d81-4112-9892-6c29ea87870f', 'f0501017-9d98-416e-b95a-bb43d57892a8', 'Ellyse Legaspi', 'W', 'VAR', 'F', 'D', '2025-11-29 19:04:35', '122', '9', '0', NULL, NULL, '0', 'PENDING', NULL, NULL),
('9d7ded36-96e6-4d5d-84fd-2594f241466e', '04597442-4d5d-4510-860c-311d5772b4b8', 'd6e17810-489a-49b2-8b5a-58a6fc59884c', 'Levi Meeker', 'W', 'JV', 'M', 'B', '2025-11-29 19:04:17', '80', '16', '0', NULL, NULL, '0', 'PENDING', NULL, NULL),
('9e914c8f-0f62-431c-aaf9-e25491f3ab36', '4f696cd2-b7ec-400e-9f08-ccc1bb6dce3d', '569fab48-bf83-4097-b176-1d3c4f42e740', 'Tica Facer', 'W', 'JV', 'F', 'A', '2025-11-29 19:04:43', '80', '25', '0', NULL, NULL, '0', 'PENDING', NULL, NULL),
('9f0f52b5-6996-42ca-ad35-d18f6218ce45', '60f3ce29-da05-470b-9cab-ab715af4a82e', '57575dcf-61f4-4846-9539-152fa7fd4a11', 'Zoey Perez', 'W', 'JV', 'F', 'B', '2025-11-29 19:04:42', '80', '26', '0', NULL, NULL, '0', 'PENDING', NULL, NULL),
('9fb40411-5b86-4a3b-81be-482004abcd1e', 'd58adcd1-bde1-4a79-920b-f3bc99c494bf', '2aae7c38-9378-4a6b-b909-d0e01b6bded0', 'Knox Mann Chavez', 'W', 'JV', 'F', 'D', '2025-11-29 19:04:35', '80', '21', '0', NULL, NULL, '0', 'PENDING', NULL, NULL),
('a057e498-8517-4bff-a766-bf2abe70001c', 'd58adcd1-bde1-4a79-920b-f3bc99c494bf', 'da48eac8-8c9a-468c-9569-01e66e1d3863', 'Natalia Luna', 'T', 'JV', 'F', 'C', '2025-11-29 19:04:35', '80', '23', '0', NULL, NULL, '0', 'PENDING', NULL, NULL),
('a06cdb60-61f1-42a2-b2af-018c73530ce4', 'f2469c5f-8103-4755-8861-e559e53bf38d', '05c38abb-dff3-4325-9cd5-f2e03f13ba19', 'Ryder Singer', 'T', 'VAR', 'M', 'D', '2025-11-29 19:04:17', '122', '3', '0', NULL, NULL, '0', 'PENDING', NULL, NULL),
('a11b507c-bc5c-4d09-8a4a-6dd43d4fe846', '38c860f7-1afb-4df1-b91d-07aebc44f84f', '3edd0f5d-8f17-4e4f-ac72-e5c04d9899b1', 'Terry Adams', 'COA', 'VAR', 'M', 'A', '2025-11-29 18:18:50', NULL, NULL, '1', NULL, NULL, '0', 'COMPLETED', NULL, NULL),
('a3a75987-d379-47e8-b028-9eb0142a385d', 'e155bb1d-8e9c-4150-974a-50355b41c222', '4a09af1c-5052-4e2b-ac0e-6cdba37986e1', 'Alan Lopez', 'W', 'JV', 'M', 'A', '2025-11-29 19:04:43', '80', '12', '0', NULL, NULL, '0', 'PENDING', NULL, NULL),
('a4ab16ce-25d5-4bb8-b30c-3b4af3c122dc', 'd58adcd1-bde1-4a79-920b-f3bc99c494bf', 'c60a1695-1660-4178-a442-63537c1529b6', 'Giselle Gomez', 'T', 'JV', 'F', 'C', '2025-11-29 19:04:35', '80', '19', '0', NULL, NULL, '0', 'PENDING', NULL, NULL),
('a4c1943e-f260-47ee-bd9b-578252da52dc', '1db52787-d1d4-46b6-b7e9-14791075e965', '572a9013-4805-4928-b4fe-8e42ecc5b9ed', 'Archer3 Team2', 'TST', 'VAR', 'F', 'A', '2025-11-29 19:04:17', '122', '9', '0', NULL, NULL, '0', 'PENDING', NULL, NULL),
('a4e55724-58dd-4c98-adec-dd5e6b1e893e', 'b183c2b9-0ad1-4f1f-8751-a37068ffd1dd', '45e4984d-500a-4284-806d-f99da738a410', 'Alejandro Luna', 'T', 'VAR', 'M', 'A', '2025-11-29 19:04:35', '122', '1', '0', NULL, NULL, '0', 'PENDING', NULL, NULL),
('a52896b3-6ad1-4da8-b7a8-81ad240c78cd', 'd58adcd1-bde1-4a79-920b-f3bc99c494bf', '263fceea-9043-4077-a9f8-481295038c03', 'Becky Yang', 'W', 'JV', 'F', 'C', '2025-11-29 19:04:35', '80', '18', '0', NULL, NULL, '0', 'PENDING', NULL, NULL),
('a5714cab-bb7a-464a-a3f0-4d1f5caae95b', 'e155bb1d-8e9c-4150-974a-50355b41c222', 'e743dfed-f6e8-493b-a3b5-cbf6079db6bd', 'Leo Hernandez', 'T', 'JV', 'M', 'A', '2025-11-29 19:04:43', '80', '16', '0', NULL, NULL, '0', 'PENDING', NULL, NULL),
('a79d9df4-81d4-4cf8-837a-ee3669cca04d', 'a2385dbf-49e4-494d-b943-cddb453f5d6e', '784cb2b8-3769-49e2-a4fe-06e53e7cf837', 'Cruz Briseno', 'T', 'JV', 'M', 'C', '2025-11-29 19:04:35', '80', '13', '0', NULL, NULL, '0', 'PENDING', NULL, NULL),
('a7c244dc-1fbe-4d10-8622-05eedba95416', 'bbc02c88-72e4-4f0e-b7db-6798ac582b05', 'e743dfed-f6e8-493b-a3b5-cbf6079db6bd', 'Leo Hernandez', 'T', 'JV', 'M', 'A', '2025-11-29 19:04:42', '80', '16', '0', NULL, NULL, '0', 'PENDING', NULL, NULL),
('aa3372fe-e5e4-462b-a7c3-09a9134eb247', 'a2385dbf-49e4-494d-b943-cddb453f5d6e', '4a09af1c-5052-4e2b-ac0e-6cdba37986e1', 'Alan Lopez', 'W', 'JV', 'M', 'A', '2025-11-29 19:04:35', '80', '12', '0', NULL, NULL, '0', 'PENDING', NULL, NULL),
('ab16bfdf-4a05-4153-bed1-c90b5e487e15', '58589e75-28ef-4e9d-a8a3-eeeae918c29d', '91ae090c-2299-4ee5-85e6-fd8efd7848e1', 'Luke Garr', 'T', 'VAR', 'M', 'C', '2025-11-29 19:04:43', NULL, '3', '1', '2025-11-30 04:06:25', 'terry', '1', 'VER', 'good', '[{"action":"lock","actor":"terry","timestamp":"2025-11-30 04:06:25"}]'),
('ace8a7bf-467b-4b0a-ada7-b2a23d4669ce', '4f696cd2-b7ec-400e-9f08-ccc1bb6dce3d', '30636eb5-cf82-481a-97a7-68fe50f85e25', 'Kasandra Hernandez', 'W', 'JV', 'F', 'B', '2025-11-29 19:04:43', '80', '21', '0', NULL, NULL, '0', 'PENDING', NULL, NULL),
('ad05d60c-caf5-47fa-8b81-739266461b31', 'e5db836c-2d81-4112-9892-6c29ea87870f', '2e3d6978-27a3-480d-89db-642f6f9fef6e', 'Ariana Ramirez', 'W', 'VAR', 'F', 'B', '2025-11-29 19:04:35', '122', '9', '0', NULL, NULL, '0', 'PENDING', NULL, NULL),
('ad980261-1042-4754-acce-c719cec6def1', 'e155bb1d-8e9c-4150-974a-50355b41c222', '6549db8f-77d9-4048-866c-4d3d7a1f9b2b', 'Danny Torres', 'W', 'JV', 'M', 'D', '2025-11-29 19:04:43', '80', '13', '0', NULL, NULL, '0', 'PENDING', NULL, NULL),
('add0937e-4227-411c-9cf1-18d008febdce', '60f3ce29-da05-470b-9cab-ab715af4a82e', '9878df28-7cbb-4090-b904-d78499f55fac', 'Eden Jonick', 'W', 'JV', 'F', 'A', '2025-11-29 19:04:42', '80', '19', '0', NULL, NULL, '0', 'PENDING', NULL, NULL),
('ae29a6b2-ed47-414f-81f5-d4a09ff2d5f4', 'e5db836c-2d81-4112-9892-6c29ea87870f', 'f97ac500-a101-40b4-b39e-eceab3962e57', 'Liana Bils', 'W', 'VAR', 'F', 'B', '2025-11-29 19:04:35', '122', '10', '0', NULL, NULL, '0', 'PENDING', NULL, NULL),
('af743fdb-4af7-4731-a636-bd1a66c2e5be', 'a2385dbf-49e4-494d-b943-cddb453f5d6e', 'ac06a059-60c0-4633-ae60-0cb908bcf738', 'Caleb Croft', 'W', 'JV', 'M', 'B', '2025-11-29 19:04:35', '80', '13', '0', NULL, NULL, '0', 'PENDING', NULL, NULL),
('af9b4493-71f9-4414-b551-7c3f0d52095a', '14119bd4-635f-4afb-a4f5-b9d9e715a36e', 'c60a1695-1660-4178-a442-63537c1529b6', 'Giselle Gomez', 'T', 'JV', 'F', 'C', '2025-11-29 19:04:17', '80', '19', '0', NULL, NULL, '0', 'PENDING', NULL, NULL),
('afd5b437-4a27-4b3b-afba-cc5001198169', '58589e75-28ef-4e9d-a8a3-eeeae918c29d', 'f425ccf4-967c-4ae6-a3e7-f80eccab8989', 'Hawkeye Barton', 'SEN', 'VAR', 'M', 'B', '2025-11-29 19:04:43', NULL, '3', '1', '2025-11-30 04:06:25', 'terry', '1', 'VER', 'good', '[{"action":"lock","actor":"terry","timestamp":"2025-11-30 04:06:25"}]'),
('b12eb526-d411-4ce5-8447-0898aa7de07f', '60f3ce29-da05-470b-9cab-ab715af4a82e', 'a6615802-49db-4c41-ba66-3c8f37808c1f', 'Natalia Montalvo', 'W', 'JV', 'F', 'D', '2025-11-29 19:04:42', '80', '23', '0', NULL, NULL, '0', 'PENDING', NULL, NULL),
('b3ed6391-6fa5-4091-ac52-493f2b250f00', '4f696cd2-b7ec-400e-9f08-ccc1bb6dce3d', 'a383dc6e-e45c-4ef3-b7d4-0c52eaefe4bb', 'Lux Rojas', 'T', 'JV', 'F', 'B', '2025-11-29 19:04:43', '80', '22', '0', NULL, NULL, '0', 'PENDING', NULL, NULL),
('b59e28c8-44d8-4553-8eca-78d3f87e4767', 'e5db836c-2d81-4112-9892-6c29ea87870f', '89560caf-123b-442c-a3be-9d3e57883485', 'Adjani De La Riva', 'DVD', 'VAR', 'F', 'A', '2025-11-29 19:04:35', '122', '8', '0', NULL, NULL, '0', 'PENDING', NULL, NULL),
('b812ffe3-18b8-4844-b5b4-e6851ada9486', 'd58adcd1-bde1-4a79-920b-f3bc99c494bf', '9a163c17-230a-4839-a7f5-b52ae7876eb5', 'Haley Mills', 'T', 'JV', 'F', 'D', '2025-11-29 19:04:35', '80', '19', '0', NULL, NULL, '0', 'PENDING', NULL, NULL),
('b9a64636-c30c-43b6-b4b4-10e858710038', '58589e75-28ef-4e9d-a8a3-eeeae918c29d', '2e662151-854d-48a4-ad1b-06c72c9fbdb8', 'Team1 Archer3', 'TST', 'VAR', 'M', 'D', '2025-11-29 19:04:43', NULL, '5', '1', '2025-11-30 04:06:25', 'terry', '1', 'VER', 'good', '[{"action":"lock","actor":"terry","timestamp":"2025-11-30 04:06:25"}]'),
('bb74c5c8-4515-4d5e-92f9-7d22c9244b0a', 'e155bb1d-8e9c-4150-974a-50355b41c222', '0008b068-eaa4-44cc-be62-df67faa4232a', 'Eric Salas', 'T', 'JV', 'M', 'B', '2025-11-29 19:04:43', '80', '14', '0', NULL, NULL, '0', 'PENDING', NULL, NULL),
('bd58cf3c-146f-4664-8338-ceb38e45932b', '58589e75-28ef-4e9d-a8a3-eeeae918c29d', 'eaa7e802-64de-4a07-bb71-8b06f4fc9d5a', 'Cooper Colinsky', 'W', 'VAR', 'M', 'B', '2025-11-29 19:04:43', NULL, '2', '1', '2025-11-30 04:06:25', 'terry', '1', 'VER', 'good', '[{"action":"lock","actor":"terry","timestamp":"2025-11-30 04:06:25"}]'),
('bd68ef42-1044-4ae5-8fa1-e6d86b738882', 'f2469c5f-8103-4755-8861-e559e53bf38d', 'cdc51893-44ee-4adb-b4bb-812d17ab4674', 'SingleTest Archer', 'TST', 'VAR', 'M', 'D', '2025-11-29 19:04:17', '122', '4', '0', NULL, NULL, '0', 'PENDING', NULL, NULL),
('bd6b76b5-7b45-456b-be6b-d82cf42ba48c', '14119bd4-635f-4afb-a4f5-b9d9e715a36e', '8b2638d2-f727-48c0-a167-8f0689119ee6', 'Maggie Zakrzewski', 'W', 'JV', 'F', 'C', '2025-11-29 19:04:17', '80', '22', '0', NULL, NULL, '0', 'PENDING', NULL, NULL),
('beff1bb7-d138-4493-93fe-f42182d5aa9c', '14119bd4-635f-4afb-a4f5-b9d9e715a36e', 'ee2e8fac-800b-4d18-be32-c4326169b7af', 'Isabella Diaz', 'W', 'JV', 'F', 'A', '2025-11-29 19:04:17', '80', '20', '0', NULL, NULL, '0', 'PENDING', NULL, NULL),
('bff2cae0-59e8-4630-846f-e92911b3a51b', 'b183c2b9-0ad1-4f1f-8751-a37068ffd1dd', 'cdc51893-44ee-4adb-b4bb-812d17ab4674', 'SingleTest Archer', 'TST', 'VAR', 'M', 'D', '2025-11-29 19:04:35', '122', '4', '0', NULL, NULL, '0', 'PENDING', NULL, NULL),
('c1149316-be97-42f5-9748-e12b34cc3ef4', '60f3ce29-da05-470b-9cab-ab715af4a82e', '263fceea-9043-4077-a9f8-481295038c03', 'Becky Yang', 'W', 'JV', 'F', 'C', '2025-11-29 19:04:42', '80', '18', '0', NULL, NULL, '0', 'PENDING', NULL, NULL),
('c24b1498-45d1-45e7-aaea-b08114a23389', 'd58adcd1-bde1-4a79-920b-f3bc99c494bf', '01c1de8a-c2a4-4db4-8895-57391411a6f5', 'Eva Campos', 'T', 'JV', 'F', 'B', '2025-11-29 19:04:35', '80', '19', '0', NULL, NULL, '0', 'PENDING', NULL, NULL),
('c25979d6-79d5-494c-9e3f-e2221eddbd6f', 'cedd187a-e48a-45e1-ad7b-90609612b3ca', 'cdc51893-44ee-4adb-b4bb-812d17ab4674', 'SingleTest Archer', 'TST', 'VAR', 'M', 'D', '2025-11-29 19:04:42', '122', '4', '0', NULL, NULL, '0', 'PENDING', NULL, NULL),
('c3426e9f-7a1a-41d9-b1d7-d54bc720292e', '4f696cd2-b7ec-400e-9f08-ccc1bb6dce3d', 'afd98f98-eff4-40fc-82bc-6e5aae351dd5', 'Ashriya Milton', 'W', 'JV', 'F', 'B', '2025-11-29 19:04:43', '80', '18', '0', NULL, NULL, '0', 'PENDING', NULL, NULL),
('c34cb7d3-799b-4d89-86a6-7cf1a781a316', '14119bd4-635f-4afb-a4f5-b9d9e715a36e', 'f6c6da50-e204-4649-8ff1-d4eb9aaac9eb', 'Victoria Salcedo', 'W', 'JV', 'F', 'C', '2025-11-29 19:04:17', '80', '25', '0', NULL, NULL, '0', 'PENDING', NULL, NULL),
('c3ac9360-8ccd-4256-8248-7be7f7e4c883', 'cedd187a-e48a-45e1-ad7b-90609612b3ca', '2e662151-854d-48a4-ad1b-06c72c9fbdb8', 'Team1 Archer3', 'TST', 'VAR', 'M', 'D', '2025-11-29 19:04:42', '122', '5', '0', NULL, NULL, '0', 'PENDING', NULL, NULL),
('c3bffb89-cee5-4ae8-bd7c-3269fe924b3b', 'f2469c5f-8103-4755-8861-e559e53bf38d', '2db86fe0-a620-4c8f-8aec-43420f320854', 'SingleTest Archer', 'TST', 'VAR', 'M', 'B', '2025-11-29 19:04:17', '122', '5', '0', NULL, NULL, '0', 'PENDING', NULL, NULL),
('c4284591-ede0-4e21-b12e-4bfd1dd13fe2', '04597442-4d5d-4510-860c-311d5772b4b8', 'e743dfed-f6e8-493b-a3b5-cbf6079db6bd', 'Leo Hernandez', 'T', 'JV', 'M', 'A', '2025-11-29 19:04:17', '80', '16', '0', NULL, NULL, '0', 'PENDING', NULL, NULL),
('c4284baa-f0df-4688-bb74-f26fc40cc1ad', 'd58adcd1-bde1-4a79-920b-f3bc99c494bf', 'afd98f98-eff4-40fc-82bc-6e5aae351dd5', 'Ashriya Milton', 'W', 'JV', 'F', 'B', '2025-11-29 19:04:35', '80', '18', '0', NULL, NULL, '0', 'PENDING', NULL, NULL),
('c42f5710-3880-4ac5-824c-87c1257212b9', '58589e75-28ef-4e9d-a8a3-eeeae918c29d', '3c5b458b-4d0e-4156-91ad-5b542e631e52', 'Ethan De La Torre', 'W', 'VAR', 'M', 'A', '2025-11-29 19:04:43', NULL, '3', '1', '2025-11-30 04:06:25', 'terry', '1', 'VER', 'good', '[{"action":"lock","actor":"terry","timestamp":"2025-11-30 04:06:25"}]'),
('c4ce3dec-867d-40f6-b496-ca71227d3a9c', '4f696cd2-b7ec-400e-9f08-ccc1bb6dce3d', 'da48eac8-8c9a-468c-9569-01e66e1d3863', 'Natalia Luna', 'T', 'JV', 'F', 'C', '2025-11-29 19:04:43', '80', '23', '0', NULL, NULL, '0', 'PENDING', NULL, NULL),
('c4d1a3fb-c1c8-43ca-a00f-2fdd625dae36', 'f2469c5f-8103-4755-8861-e559e53bf38d', 'c11a6236-cff9-4933-bb61-75188731ba7f', 'Archer3 Team1', 'TST', 'VAR', 'M', 'D', '2025-11-29 19:04:17', '122', '1', '0', NULL, NULL, '0', 'PENDING', NULL, NULL),
('c740b988-8f24-48c2-b708-e03dd8298020', '14119bd4-635f-4afb-a4f5-b9d9e715a36e', '80af14a8-b102-432b-ba1b-b89532dbd4e2', 'Samantha Rodriguez', 'T', 'JV', 'F', 'A', '2025-11-29 19:04:17', '80', '24', '0', NULL, NULL, '0', 'PENDING', NULL, NULL),
('c7a61a55-b7a0-46f9-a9e5-0de9c7e731a3', '04597442-4d5d-4510-860c-311d5772b4b8', '3c7533af-eda1-48c7-b688-3279e75cc697', 'Kyan Shimazu', 'T', 'JV', 'M', 'C', '2025-11-29 19:04:17', '80', '15', '0', NULL, NULL, '0', 'PENDING', NULL, NULL),
('c96b066f-ec45-4ce4-9485-01eaf714e54c', '11930632-98f0-4b1b-9acf-6da1edb058ec', '892d740c-3718-4881-8d09-93ffc518679e', 'Test Archer2', 'TST', 'VAR', 'F', 'B', '2025-11-29 19:04:43', '122', '11', '0', NULL, NULL, '0', 'PENDING', NULL, NULL),
('ca2410b0-18c0-4614-8030-4f04f5eed01f', '60f3ce29-da05-470b-9cab-ab715af4a82e', '5c55e08a-ab6c-4981-8a57-42fc787220ae', 'Shiri Mross', 'W', 'JV', 'F', 'C', '2025-11-29 19:04:42', '80', '24', '0', NULL, NULL, '0', 'PENDING', NULL, NULL),
('cabf001c-c405-4833-800b-5ea608f1bb4b', '60f3ce29-da05-470b-9cab-ab715af4a82e', 'f6c6da50-e204-4649-8ff1-d4eb9aaac9eb', 'Victoria Salcedo', 'W', 'JV', 'F', 'C', '2025-11-29 19:04:42', '80', '25', '0', NULL, NULL, '0', 'PENDING', NULL, NULL),
('cb9c8db7-fbea-4169-ac49-41b0c0760fa2', 'b183c2b9-0ad1-4f1f-8751-a37068ffd1dd', '1cc7db4d-f321-4fdb-a236-13668503b461', 'Dean Gomez', 'W', 'VAR', 'M', 'C', '2025-11-29 19:04:35', '122', '2', '0', NULL, NULL, '0', 'PENDING', NULL, NULL),
('cb9eb72f-6051-47a0-9191-5663c2c89280', '60f3ce29-da05-470b-9cab-ab715af4a82e', 'a383dc6e-e45c-4ef3-b7d4-0c52eaefe4bb', 'Lux Rojas', 'T', 'JV', 'F', 'B', '2025-11-29 19:04:42', '80', '22', '0', NULL, NULL, '0', 'PENDING', NULL, NULL),
('cc135c73-9b61-42ed-983b-631f378640e3', 'b183c2b9-0ad1-4f1f-8751-a37068ffd1dd', 'be6fac62-5467-45cc-a422-ef055de05e65', 'Workflow Test Archer', 'TST', 'VAR', 'M', 'B', '2025-11-29 19:04:35', '122', '7', '0', NULL, NULL, '0', 'PENDING', NULL, NULL),
('cd405b77-cc77-46f6-a71e-4179234198b3', 'b183c2b9-0ad1-4f1f-8751-a37068ffd1dd', '2e662151-854d-48a4-ad1b-06c72c9fbdb8', 'Team1 Archer3', 'TST', 'VAR', 'M', 'D', '2025-11-29 19:04:35', '122', '5', '0', NULL, NULL, '0', 'PENDING', NULL, NULL),
('cd58d11a-035f-44b4-b476-eaf098070862', '1db52787-d1d4-46b6-b7e9-14791075e965', '21a57105-37d8-47ef-a0b6-aff1aec46804', 'Chelsea Riddle', 'T', 'VAR', 'F', 'C', '2025-11-29 19:04:17', '122', '9', '0', NULL, NULL, '0', 'PENDING', NULL, NULL),
('cd77d800-29b4-4c38-bcf6-c301bdf8f0d3', '58589e75-28ef-4e9d-a8a3-eeeae918c29d', '3edd0f5d-8f17-4e4f-ac72-e5c04d9899b1', 'Terry Adams', 'COA', 'VAR', 'M', 'A', '2025-11-29 19:04:43', NULL, '6', '1', '2025-11-30 04:06:25', 'terry', '1', 'VOID', 'good', '[{"action":"void","actor":"terry","timestamp":"2025-11-30 04:06:25"}]');
INSERT INTO `round_archers` (`id`, `round_id`, `archer_id`, `archer_name`, `school`, `level`, `gender`, `target_assignment`, `created_at`, `target_size`, `bale_number`, `completed`, `verified_at`, `verified_by`, `locked`, `card_status`, `notes`, `lock_history`) VALUES
('cd84f84b-940f-4b27-828b-08469885e380', '04597442-4d5d-4510-860c-311d5772b4b8', '22709b60-3406-4f5a-983b-d4f58a4c8e82', 'Brian O\' Connor', 'W', 'JV', 'M', 'C', '2025-11-29 19:04:17', '80', '12', '0', NULL, NULL, '0', 'PENDING', NULL, NULL),
('ce06a97a-1085-455d-b53e-6d0e391eba78', '14119bd4-635f-4afb-a4f5-b9d9e715a36e', '57575dcf-61f4-4846-9539-152fa7fd4a11', 'Zoey Perez', 'W', 'JV', 'F', 'B', '2025-11-29 19:04:17', '80', '26', '0', NULL, NULL, '0', 'PENDING', NULL, NULL),
('cebd5487-d4eb-4c3e-9f2e-9fc1b035cb34', '58589e75-28ef-4e9d-a8a3-eeeae918c29d', '0d5d3f91-d616-41ca-ab6e-dd08855b898a', 'Dominic Davis', 'T', 'VAR', 'M', 'D', '2025-11-29 19:04:43', NULL, '2', '1', '2025-11-30 04:06:25', 'terry', '1', 'VER', 'good', '[{"action":"lock","actor":"terry","timestamp":"2025-11-30 04:06:25"}]'),
('cf308c6b-4ef8-4579-a2d3-a1af95f05425', '14119bd4-635f-4afb-a4f5-b9d9e715a36e', '01c1de8a-c2a4-4db4-8895-57391411a6f5', 'Eva Campos', 'T', 'JV', 'F', 'B', '2025-11-29 19:04:17', '80', '19', '0', NULL, NULL, '0', 'PENDING', NULL, NULL),
('cf7522cb-e33d-45ac-9513-9f61eec5e446', 'b183c2b9-0ad1-4f1f-8751-a37068ffd1dd', '34627862-e460-45dd-99d7-5aad716fb609', 'SingleTest Archer', 'TST', 'VAR', 'M', 'B', '2025-11-29 19:04:35', '122', '4', '0', NULL, NULL, '0', 'PENDING', NULL, NULL),
('cfcd9751-626c-4394-af4f-1d88a026f539', '05eae739-866c-4841-bb8b-5b37dbc789e7', 'd50261c2-5185-4c00-ba74-37510c2c229a', 'Jennelle Parks', 'T', 'VAR', 'F', 'A', '2025-11-29 19:04:42', '122', '10', '0', NULL, NULL, '0', 'PENDING', NULL, NULL),
('cff814ac-8b64-4280-b7b2-82347f2acf9e', '11930632-98f0-4b1b-9acf-6da1edb058ec', 'f97ac500-a101-40b4-b39e-eceab3962e57', 'Liana Bils', 'W', 'VAR', 'F', 'B', '2025-11-29 19:04:43', NULL, '10', '1', '2025-11-30 04:17:49', 'terry', '1', 'VER', NULL, '[{"action":"lock","actor":"terry","timestamp":"2025-11-30 04:17:49"}]'),
('d23006f6-91cb-4459-a602-2d95509c479e', 'f2469c5f-8103-4755-8861-e559e53bf38d', '181ca2fa-36fc-4050-8869-51fdc06b0aad', 'Archer1 Team1', 'TST', 'VAR', 'M', 'B', '2025-11-29 19:04:17', '122', '1', '0', NULL, NULL, '0', 'PENDING', NULL, NULL),
('d24afe7e-214b-40d6-8068-9eb905b91157', 'e155bb1d-8e9c-4150-974a-50355b41c222', '3c7533af-eda1-48c7-b688-3279e75cc697', 'Kyan Shimazu', 'T', 'JV', 'M', 'C', '2025-11-29 19:04:43', '80', '15', '0', NULL, NULL, '0', 'PENDING', NULL, NULL),
('d4d56c55-9fdb-43e3-8521-ed6989b2ba9f', '11930632-98f0-4b1b-9acf-6da1edb058ec', '21a57105-37d8-47ef-a0b6-aff1aec46804', 'Chelsea Riddle', 'T', 'VAR', 'F', 'C', '2025-11-29 19:04:43', NULL, '9', '1', '2025-11-30 04:17:44', 'terry', '1', 'VER', NULL, '[{"action":"lock","actor":"terry","timestamp":"2025-11-30 04:17:44"}]'),
('d4ead84a-ea27-4af5-af79-63eab4cd1c4e', '04597442-4d5d-4510-860c-311d5772b4b8', '6549db8f-77d9-4048-866c-4d3d7a1f9b2b', 'Danny Torres', 'W', 'JV', 'M', 'D', '2025-11-29 19:04:17', '80', '13', '0', NULL, NULL, '0', 'PENDING', NULL, NULL),
('d5da2b3a-20e5-49ee-90ae-a30a678ef3b4', 'd58adcd1-bde1-4a79-920b-f3bc99c494bf', '551112f7-10b4-471c-90f3-50c4eae0d9eb', 'Katelyn Acosta De Lira', 'T', 'JV', 'F', 'C', '2025-11-29 19:04:35', '80', '21', '0', NULL, NULL, '0', 'PENDING', NULL, NULL),
('d5f6b076-45a9-43a4-8021-721dacb46454', 'bbc02c88-72e4-4f0e-b7db-6798ac582b05', 'ca21be3e-7303-4f03-b833-0f277815a98c', 'Ethan Johnson', 'T', 'JV', 'M', 'D', '2025-11-29 19:04:42', '80', '14', '0', NULL, NULL, '0', 'PENDING', NULL, NULL),
('d6a4200b-f6a8-4b78-babd-7edd8a708374', 'a2385dbf-49e4-494d-b943-cddb453f5d6e', '6ce2b350-4c31-46f0-aa7c-68b7384dd4db', 'Landon Hines', 'T', 'JV', 'M', 'D', '2025-11-29 19:04:35', '80', '15', '0', NULL, NULL, '0', 'PENDING', NULL, NULL),
('d6c190d5-87f2-4038-8b96-be8dd253fff7', '04597442-4d5d-4510-860c-311d5772b4b8', 'eda90ff5-9f82-4b21-a0ef-7c2d971b02df', 'Jasper Peterson', 'W', 'JV', 'M', 'A', '2025-11-29 19:04:17', '80', '15', '0', NULL, NULL, '0', 'PENDING', NULL, NULL),
('d756e2fa-4a1e-485f-b92b-9077cdc6c67f', 'cedd187a-e48a-45e1-ad7b-90609612b3ca', '0d5d3f91-d616-41ca-ab6e-dd08855b898a', 'Dominic Davis', 'T', 'VAR', 'M', 'D', '2025-11-29 19:04:42', '122', '2', '0', NULL, NULL, '0', 'PENDING', NULL, NULL),
('da63b5ee-81c7-4c50-8c06-2d5f81113e4d', 'bbc02c88-72e4-4f0e-b7db-6798ac582b05', '3c7533af-eda1-48c7-b688-3279e75cc697', 'Kyan Shimazu', 'T', 'JV', 'M', 'C', '2025-11-29 19:04:42', '80', '15', '0', NULL, NULL, '0', 'PENDING', NULL, NULL),
('da9aef97-b530-4376-ad40-6d633dbd76c3', '04597442-4d5d-4510-860c-311d5772b4b8', '0008b068-eaa4-44cc-be62-df67faa4232a', 'Eric Salas', 'T', 'JV', 'M', 'B', '2025-11-29 19:04:17', '80', '14', '0', NULL, NULL, '0', 'PENDING', NULL, NULL),
('db656273-7194-4b08-a809-46de22f46a50', 'd58adcd1-bde1-4a79-920b-f3bc99c494bf', 'd6a82854-08d8-4ebd-a33c-f26eafbb067a', 'Adjani De La Riva', 'W', 'JV', 'F', 'A', '2025-11-29 19:04:35', NULL, '17', '0', NULL, NULL, '0', 'PENDING', NULL, NULL),
('dcffcd90-4c09-4138-8732-eb7b35fb517e', 'a2385dbf-49e4-494d-b943-cddb453f5d6e', 'ad0b29a7-024c-4973-a4cd-df7b9f1a4116', 'Verify Test', 'T', 'JV', 'M', 'D', '2025-11-29 19:04:35', '80', '16', '0', NULL, NULL, '0', 'PENDING', NULL, NULL),
('de268891-a391-40f5-9994-9ab8177bd81b', 'd58adcd1-bde1-4a79-920b-f3bc99c494bf', '8b2638d2-f727-48c0-a167-8f0689119ee6', 'Maggie Zakrzewski', 'W', 'JV', 'F', 'C', '2025-11-29 19:04:35', '80', '22', '0', NULL, NULL, '0', 'PENDING', NULL, NULL),
('de9835a0-3f4a-4cb1-b211-dd6b974e57d1', '58589e75-28ef-4e9d-a8a3-eeeae918c29d', '05c38abb-dff3-4325-9cd5-f2e03f13ba19', 'Ryder Singer', 'T', 'VAR', 'M', 'D', '2025-11-29 19:04:43', NULL, '3', '1', '2025-11-30 04:06:25', 'terry', '1', 'VER', 'good', '[{"action":"lock","actor":"terry","timestamp":"2025-11-30 04:06:25"}]'),
('df596259-5979-4749-8d4b-92f54e0c4f0b', 'e5db836c-2d81-4112-9892-6c29ea87870f', '2aa2ed5a-62e3-4ed8-9d42-32e6efb56016', 'Team1 Archer2', 'TST', 'VAR', 'F', 'A', '2025-11-29 19:04:35', '122', '11', '0', NULL, NULL, '0', 'PENDING', NULL, NULL),
('df998fb9-bc9b-48b7-a24d-ec7ea176e5f9', '04597442-4d5d-4510-860c-311d5772b4b8', 'c162420c-16ab-4054-82b9-766962a63cd8', 'Elijah Fykes', 'W', 'JV', 'M', 'A', '2025-11-29 19:04:17', '80', '14', '0', NULL, NULL, '0', 'PENDING', NULL, NULL),
('df9e93eb-a097-4142-a339-a8536d1146a9', 'd58adcd1-bde1-4a79-920b-f3bc99c494bf', '5c55e08a-ab6c-4981-8a57-42fc787220ae', 'Shiri Mross', 'W', 'JV', 'F', 'C', '2025-11-29 19:04:35', '80', '24', '0', NULL, NULL, '0', 'PENDING', NULL, NULL),
('e021518a-e9f8-4e3c-863a-3ab63f7b22c8', 'f2469c5f-8103-4755-8861-e559e53bf38d', '1cc7db4d-f321-4fdb-a236-13668503b461', 'Dean Gomez', 'W', 'VAR', 'M', 'C', '2025-11-29 19:04:17', '122', '2', '0', NULL, NULL, '0', 'PENDING', NULL, NULL),
('e06250df-9b07-410f-a197-23439bf29b1f', 'b183c2b9-0ad1-4f1f-8751-a37068ffd1dd', '3edd0f5d-8f17-4e4f-ac72-e5c04d9899b1', 'Terry Adams', 'COA', 'VAR', 'M', 'A', '2025-11-29 19:04:35', '122', '6', '0', NULL, NULL, '0', 'PENDING', NULL, NULL),
('e1f76bd2-91f5-4edc-993d-85cf72bcd21e', 'bbc02c88-72e4-4f0e-b7db-6798ac582b05', '0008b068-eaa4-44cc-be62-df67faa4232a', 'Eric Salas', 'T', 'JV', 'M', 'B', '2025-11-29 19:04:42', '80', '14', '0', NULL, NULL, '0', 'PENDING', NULL, NULL),
('e2c54408-2a78-46cc-a671-79d3e95677cc', 'b183c2b9-0ad1-4f1f-8751-a37068ffd1dd', 'f425ccf4-967c-4ae6-a3e7-f80eccab8989', 'Hawkeye Barton', 'SEN', 'VAR', 'M', 'B', '2025-11-29 19:04:35', '122', '3', '0', NULL, NULL, '0', 'PENDING', NULL, NULL),
('e3a2b774-5337-435d-8b7c-fa8b921549e7', '14119bd4-635f-4afb-a4f5-b9d9e715a36e', '263fceea-9043-4077-a9f8-481295038c03', 'Becky Yang', 'W', 'JV', 'F', 'C', '2025-11-29 19:04:17', '80', '18', '0', NULL, NULL, '0', 'PENDING', NULL, NULL),
('e5927c07-f6e7-4567-9076-19dc96498bb2', '1db52787-d1d4-46b6-b7e9-14791075e965', '5df39a1f-c145-4a4a-9326-2344a6cf7814', 'Archer2 Team2', 'TST', 'VAR', 'F', 'D', '2025-11-29 19:04:17', '122', '8', '0', NULL, NULL, '0', 'PENDING', NULL, NULL),
('e5a292a0-e7e0-46de-bb42-33e69c6f03d9', '14119bd4-635f-4afb-a4f5-b9d9e715a36e', 'b316adba-ff21-4ef7-a120-1087083415f8', 'Bella Ngai', 'W', 'JV', 'F', 'D', '2025-11-29 19:04:17', '80', '18', '0', NULL, NULL, '0', 'PENDING', NULL, NULL),
('e60a9f6e-74e6-4ce9-846b-393aa129ef2c', '04597442-4d5d-4510-860c-311d5772b4b8', '2ec9b469-d049-438c-a637-db610537ed47', 'Bryce Golliday', 'T', 'JV', 'M', 'D', '2025-11-29 19:04:17', '80', '12', '0', NULL, NULL, '0', 'PENDING', NULL, NULL),
('e6b60610-9356-4cdb-91cd-edc50e219d08', 'f2469c5f-8103-4755-8861-e559e53bf38d', 'f0b91075-f2d4-4709-9333-d5663a511e43', 'Archer2 Team1', 'TST', 'VAR', 'M', 'C', '2025-11-29 19:04:17', '122', '1', '0', NULL, NULL, '0', 'PENDING', NULL, NULL),
('e760a638-35a2-4855-89db-d292cf280b7d', '4f696cd2-b7ec-400e-9f08-ccc1bb6dce3d', '9878df28-7cbb-4090-b904-d78499f55fac', 'Eden Jonick', 'W', 'JV', 'F', 'A', '2025-11-29 19:04:43', '80', '19', '0', NULL, NULL, '0', 'PENDING', NULL, NULL),
('e7a87f16-8a25-4167-9335-7b22af4d7158', '60f3ce29-da05-470b-9cab-ab715af4a82e', 'd6a82854-08d8-4ebd-a33c-f26eafbb067a', 'Adjani De La Riva', 'W', 'JV', 'F', 'A', '2025-11-29 19:04:42', NULL, '17', '0', NULL, NULL, '0', 'PENDING', NULL, NULL),
('e87553af-56a2-4659-b7f4-e99772419d02', '4f696cd2-b7ec-400e-9f08-ccc1bb6dce3d', '80af14a8-b102-432b-ba1b-b89532dbd4e2', 'Samantha Rodriguez', 'T', 'JV', 'F', 'A', '2025-11-29 19:04:43', '80', '24', '0', NULL, NULL, '0', 'PENDING', NULL, NULL),
('e8c55a6e-58bd-49ce-921d-be43389adba8', 'cedd187a-e48a-45e1-ad7b-90609612b3ca', '9b95d9eb-e766-447d-bc77-65f25b7e1c20', 'Salvador Arredondo', 'W', 'VAR', 'M', 'A', '2025-11-29 19:04:42', '122', '4', '0', NULL, NULL, '0', 'PENDING', NULL, NULL),
('e8d8ed8b-abc8-44ce-bbf4-19602e99b9ab', 'd58adcd1-bde1-4a79-920b-f3bc99c494bf', '30636eb5-cf82-481a-97a7-68fe50f85e25', 'Kasandra Hernandez', 'W', 'JV', 'F', 'B', '2025-11-29 19:04:35', '80', '21', '0', NULL, NULL, '0', 'PENDING', NULL, NULL),
('e93b9b7e-bd1c-480a-b9fb-8f3d56457135', '60f3ce29-da05-470b-9cab-ab715af4a82e', '30636eb5-cf82-481a-97a7-68fe50f85e25', 'Kasandra Hernandez', 'W', 'JV', 'F', 'B', '2025-11-29 19:04:42', '80', '21', '0', NULL, NULL, '0', 'PENDING', NULL, NULL),
('e9d3c7a6-824d-48ed-9e4d-1c19526622e6', '4f696cd2-b7ec-400e-9f08-ccc1bb6dce3d', '6a424c72-b16d-4085-8d8b-992065dbb252', 'Vida Vargas', 'W', 'JV', 'F', 'A', '2025-11-29 19:04:43', '80', '26', '0', NULL, NULL, '0', 'PENDING', NULL, NULL),
('ea948c31-f59b-45a7-90a9-919213676908', '14119bd4-635f-4afb-a4f5-b9d9e715a36e', 'd6a82854-08d8-4ebd-a33c-f26eafbb067a', 'Adjani De La Riva', 'W', 'JV', 'F', 'A', '2025-11-29 19:04:17', NULL, '17', '1', NULL, NULL, '0', 'COMPLETED', NULL, NULL),
('eafcf1b8-b910-496f-b333-2d0099d49e0b', 'f2469c5f-8103-4755-8861-e559e53bf38d', '3edd0f5d-8f17-4e4f-ac72-e5c04d9899b1', 'Terry Adams', 'COA', 'VAR', 'M', 'A', '2025-11-29 19:04:17', '122', '6', '0', NULL, NULL, '0', 'PENDING', NULL, NULL),
('eb0ec0ec-704b-4c1b-8b56-1ca9061485fa', 'a2385dbf-49e4-494d-b943-cddb453f5d6e', 'ca21be3e-7303-4f03-b833-0f277815a98c', 'Ethan Johnson', 'T', 'JV', 'M', 'D', '2025-11-29 19:04:35', '80', '14', '0', NULL, NULL, '0', 'PENDING', NULL, NULL),
('eb805abb-c3a8-4257-a983-9d9dfba69bf2', '60f3ce29-da05-470b-9cab-ab715af4a82e', '65eb473f-cca2-432a-ba9e-5ac0c64076a9', 'Molly Doran', 'T', 'JV', 'F', 'B', '2025-11-29 19:04:42', '80', '23', '0', NULL, NULL, '0', 'PENDING', NULL, NULL),
('ec4ddd35-a6bd-47a9-8381-88cd1d0b7cfc', 'f2469c5f-8103-4755-8861-e559e53bf38d', 'e83489e0-cbe5-49e2-8a7f-cbd5a5346744', 'SingleTest Archer', 'TST', 'VAR', 'M', 'A', '2025-11-29 19:04:17', '122', '5', '0', NULL, NULL, '0', 'PENDING', NULL, NULL),
('ec66378b-376a-44e0-ab4c-04453576857d', 'a2385dbf-49e4-494d-b943-cddb453f5d6e', 'c162420c-16ab-4054-82b9-766962a63cd8', 'Elijah Fykes', 'W', 'JV', 'M', 'A', '2025-11-29 19:04:35', '80', '14', '0', NULL, NULL, '0', 'PENDING', NULL, NULL),
('ecfb1d90-8582-4a6e-a754-024dddcf8ccb', '4f696cd2-b7ec-400e-9f08-ccc1bb6dce3d', 'a27bd9e2-b07b-4455-a9a0-805a9f5252f7', 'Solana Tsai', 'T', 'JV', 'F', 'D', '2025-11-29 19:04:43', '80', '24', '0', NULL, NULL, '0', 'PENDING', NULL, NULL),
('edb65f90-55f7-4e14-bc0e-214843c385f1', '58589e75-28ef-4e9d-a8a3-eeeae918c29d', 'e83489e0-cbe5-49e2-8a7f-cbd5a5346744', 'SingleTest Archer', 'TST', 'VAR', 'M', 'A', '2025-11-29 19:04:43', '122', '5', '1', '2025-11-30 04:06:25', 'terry', '1', 'VOID', 'good', '[{"action":"void","actor":"terry","timestamp":"2025-11-30 04:06:25"}]'),
('ee568680-ff52-4756-8a4a-8bd4dec730dc', '05eae739-866c-4841-bb8b-5b37dbc789e7', '21a57105-37d8-47ef-a0b6-aff1aec46804', 'Chelsea Riddle', 'T', 'VAR', 'F', 'C', '2025-11-29 19:04:42', '122', '9', '0', NULL, NULL, '0', 'PENDING', NULL, NULL),
('ee8dfa79-8555-44b2-806e-8ba257668ebc', 'd58adcd1-bde1-4a79-920b-f3bc99c494bf', '3f799c9b-6a9f-4c71-95e1-98d8305636e1', 'Leah Toji', 'W', 'JV', 'F', 'A', '2025-11-29 19:04:35', '80', '22', '0', NULL, NULL, '0', 'PENDING', NULL, NULL),
('eef682bc-a032-4483-9a12-2a1d3c843ca8', 'f2469c5f-8103-4755-8861-e559e53bf38d', '91ae090c-2299-4ee5-85e6-fd8efd7848e1', 'Luke Garr', 'T', 'VAR', 'M', 'C', '2025-11-29 19:04:17', '122', '3', '0', NULL, NULL, '0', 'PENDING', NULL, NULL),
('eefb5047-32e0-4994-a47c-fb1158160d5b', '4f696cd2-b7ec-400e-9f08-ccc1bb6dce3d', '3f799c9b-6a9f-4c71-95e1-98d8305636e1', 'Leah Toji', 'W', 'JV', 'F', 'A', '2025-11-29 19:04:43', '80', '22', '0', NULL, NULL, '0', 'PENDING', NULL, NULL),
('ef841e62-1fdd-4e96-b554-39c88aeac1dd', '14119bd4-635f-4afb-a4f5-b9d9e715a36e', 'a27bd9e2-b07b-4455-a9a0-805a9f5252f7', 'Solana Tsai', 'T', 'JV', 'F', 'D', '2025-11-29 19:04:17', '80', '24', '0', NULL, NULL, '0', 'PENDING', NULL, NULL),
('f02d800b-2966-43c5-b728-a44efa933ca2', '1db52787-d1d4-46b6-b7e9-14791075e965', 'd50261c2-5185-4c00-ba74-37510c2c229a', 'Jennelle Parks', 'T', 'VAR', 'F', 'A', '2025-11-29 19:04:17', '122', '10', '0', NULL, NULL, '0', 'PENDING', NULL, NULL),
('f09731c0-546c-41e9-89e7-7ee162f1a65c', 'cedd187a-e48a-45e1-ad7b-90609612b3ca', '05c38abb-dff3-4325-9cd5-f2e03f13ba19', 'Ryder Singer', 'T', 'VAR', 'M', 'D', '2025-11-29 19:04:42', '122', '3', '0', NULL, NULL, '0', 'PENDING', NULL, NULL),
('f0d9f9ec-8e94-4d24-896e-9e2dc23efbbc', 'cedd187a-e48a-45e1-ad7b-90609612b3ca', 'f0b91075-f2d4-4709-9333-d5663a511e43', 'Archer2 Team1', 'TST', 'VAR', 'M', 'C', '2025-11-29 19:04:42', '122', '1', '0', NULL, NULL, '0', 'PENDING', NULL, NULL),
('f2ca1718-a42a-4266-95a4-30dc263e8109', 'd58adcd1-bde1-4a79-920b-f3bc99c494bf', '57575dcf-61f4-4846-9539-152fa7fd4a11', 'Zoey Perez', 'W', 'JV', 'F', 'B', '2025-11-29 19:04:35', '80', '26', '0', NULL, NULL, '0', 'PENDING', NULL, NULL),
('f2e30a84-1cef-4470-bc73-a5f4145a97c5', 'd58adcd1-bde1-4a79-920b-f3bc99c494bf', '6a424c72-b16d-4085-8d8b-992065dbb252', 'Vida Vargas', 'W', 'JV', 'F', 'A', '2025-11-29 19:04:35', '80', '26', '0', NULL, NULL, '0', 'PENDING', NULL, NULL),
('f3ea383b-fc53-49cb-9b39-98a50a3fd294', '60f3ce29-da05-470b-9cab-ab715af4a82e', '000ef07e-7477-47e1-804c-9a9fbb63330a', 'Amelia Beall', 'T', 'JV', 'F', 'C', '2025-11-29 19:04:42', NULL, '17', '1', NULL, NULL, '0', 'COMPLETED', NULL, NULL),
('f4293e03-1ca0-44d5-95a3-017dfafd52d0', '04597442-4d5d-4510-860c-311d5772b4b8', 'ca21be3e-7303-4f03-b833-0f277815a98c', 'Ethan Johnson', 'T', 'JV', 'M', 'D', '2025-11-29 19:04:17', '80', '14', '0', NULL, NULL, '0', 'PENDING', NULL, NULL),
('f4553de3-e906-4169-a71c-baadc2346d2e', 'f2469c5f-8103-4755-8861-e559e53bf38d', 'c5ea8014-e6a0-4175-ad0a-53deeb12c568', 'Test Archer1', 'TST', 'VAR', 'M', 'C', '2025-11-29 19:04:17', '122', '6', '0', NULL, NULL, '0', 'PENDING', NULL, NULL),
('f4bf91db-383c-4ab1-b52a-d39608848439', '11930632-98f0-4b1b-9acf-6da1edb058ec', '2e3d6978-27a3-480d-89db-642f6f9fef6e', 'Ariana Ramirez', 'W', 'VAR', 'F', 'B', '2025-11-29 19:04:43', NULL, '9', '1', '2025-11-30 04:17:44', 'terry', '1', 'VER', NULL, '[{"action":"lock","actor":"terry","timestamp":"2025-11-30 04:17:44"}]'),
('f4f4986f-a632-4dd5-8e16-a11b2445bb9a', '04597442-4d5d-4510-860c-311d5772b4b8', 'ac06a059-60c0-4633-ae60-0cb908bcf738', 'Caleb Croft', 'W', 'JV', 'M', 'B', '2025-11-29 19:04:17', '80', '13', '0', NULL, NULL, '0', 'PENDING', NULL, NULL),
('f5487f02-fe2b-4078-a858-29747e11adaf', 'b183c2b9-0ad1-4f1f-8751-a37068ffd1dd', '632012a7-2645-481c-99cb-fae78be0a72f', 'Brandon Garcia', 'W', 'VAR', 'M', 'A', '2025-11-29 19:04:35', '122', '2', '0', NULL, NULL, '0', 'PENDING', NULL, NULL),
('f5bd6c24-ab6f-4954-9761-981f5374a51e', 'cedd187a-e48a-45e1-ad7b-90609612b3ca', '181ca2fa-36fc-4050-8869-51fdc06b0aad', 'Archer1 Team1', 'TST', 'VAR', 'M', 'B', '2025-11-29 19:04:42', '122', '1', '0', NULL, NULL, '0', 'PENDING', NULL, NULL),
('f5fa1c9b-6304-4ffa-8679-88a5df086cd8', 'd58adcd1-bde1-4a79-920b-f3bc99c494bf', '6d0ead96-9584-44a2-bd42-0cbf28d5f519', 'Angelica Perez', 'W', 'JV', 'F', 'A', '2025-11-29 19:04:35', '80', '18', '0', NULL, NULL, '0', 'PENDING', NULL, NULL),
('f7dad607-b1be-44ee-a504-e724e0b40626', 'a2385dbf-49e4-494d-b943-cddb453f5d6e', '43e53e92-2d7b-45df-a8fa-c938cdb0f21f', 'Ethan Hernandez', 'W', 'JV', 'M', 'C', '2025-11-29 19:04:35', '80', '14', '0', NULL, NULL, '0', 'PENDING', NULL, NULL),
('f877877d-a072-489d-9ae9-bc97e32fafe5', 'f2469c5f-8103-4755-8861-e559e53bf38d', '2e662151-854d-48a4-ad1b-06c72c9fbdb8', 'Team1 Archer3', 'TST', 'VAR', 'M', 'D', '2025-11-29 19:04:17', '122', '5', '0', NULL, NULL, '0', 'PENDING', NULL, NULL),
('fa376b36-ccba-4f45-9f99-0e87749efd12', 'd58adcd1-bde1-4a79-920b-f3bc99c494bf', 'd29f88b9-caa9-4ec4-98c4-54233f495db7', 'Mikaylah Araujo', 'T', 'JV', 'F', 'A', '2025-11-29 19:04:35', '80', '23', '0', NULL, NULL, '0', 'PENDING', NULL, NULL),
('fa5f6062-dcce-444a-bdb7-3174f193eda9', '60f3ce29-da05-470b-9cab-ab715af4a82e', 'edffea21-d5b9-44b6-85a5-e3e0f238c7b6', 'Melanie Jimenez', 'W', 'JV', 'F', 'D', '2025-11-29 19:04:42', '80', '22', '0', NULL, NULL, '0', 'PENDING', NULL, NULL),
('fb14b184-2e8c-4f94-a807-20736729cabc', '14119bd4-635f-4afb-a4f5-b9d9e715a36e', '6d0ead96-9584-44a2-bd42-0cbf28d5f519', 'Angelica Perez', 'W', 'JV', 'F', 'A', '2025-11-29 19:04:17', '80', '18', '0', NULL, NULL, '0', 'PENDING', NULL, NULL),
('fb9ab013-c11b-45b0-bd64-e1d6f969b5ce', 'b183c2b9-0ad1-4f1f-8751-a37068ffd1dd', '6a510731-3b23-4b84-b854-ef9e3a4ecaaf', 'SingleTest Archer', 'TST', 'VAR', 'M', 'C', '2025-11-29 19:04:35', '122', '4', '0', NULL, NULL, '0', 'PENDING', NULL, NULL),
('fbdb9038-d26a-425f-83cd-116ce5255fe2', '11930632-98f0-4b1b-9acf-6da1edb058ec', '5df39a1f-c145-4a4a-9326-2344a6cf7814', 'Archer2 Team2', 'TST', 'VAR', 'F', 'D', '2025-11-29 19:04:43', NULL, '8', '1', '2025-11-30 04:17:38', 'terry', '1', 'VER', NULL, '[{"action":"lock","actor":"terry","timestamp":"2025-11-30 04:17:38"}]'),
('fc0ae174-e7e7-46d8-90ea-c73a6b89587c', 'e5db836c-2d81-4112-9892-6c29ea87870f', '21a57105-37d8-47ef-a0b6-aff1aec46804', 'Chelsea Riddle', 'T', 'VAR', 'F', 'C', '2025-11-29 19:04:35', '122', '9', '0', NULL, NULL, '0', 'PENDING', NULL, NULL),
('fcd78dd9-50a7-4e64-8791-b38dc9f2cbb2', 'a2385dbf-49e4-494d-b943-cddb453f5d6e', '2ec9b469-d049-438c-a637-db610537ed47', 'Bryce Golliday', 'T', 'JV', 'M', 'D', '2025-11-29 19:04:35', '80', '12', '0', NULL, NULL, '0', 'PENDING', NULL, NULL),
('fd07f13f-7d0d-4b6e-a20e-b0f8305c9d72', 'f2469c5f-8103-4755-8861-e559e53bf38d', '48049306-afa2-4b9b-bafd-eca6cfc4c1ce', 'Vince Dikdan', 'W', 'VAR', 'M', 'A', '2025-11-29 19:04:17', '122', '7', '0', NULL, NULL, '0', 'PENDING', NULL, NULL),
('fdbbe476-e40c-443f-8203-f1847bcb5866', '4f696cd2-b7ec-400e-9f08-ccc1bb6dce3d', 'db2d299e-9760-44c0-9b57-f79a7de46f51', 'Joslyn Chua', 'W', 'JV', 'F', 'D', '2025-11-29 19:04:43', '80', '20', '0', NULL, NULL, '0', 'PENDING', NULL, NULL),
('feee1b69-20ba-4a09-b7b9-f1591cca7d3f', 'b183c2b9-0ad1-4f1f-8751-a37068ffd1dd', 'c5ea8014-e6a0-4175-ad0a-53deeb12c568', 'Test Archer1', 'TST', 'VAR', 'M', 'C', '2025-11-29 19:04:35', '122', '6', '0', NULL, NULL, '0', 'PENDING', NULL, NULL),
('ff405ae2-907c-4930-b704-e20938d1c744', 'd58adcd1-bde1-4a79-920b-f3bc99c494bf', '13a1f75f-ba98-4d6f-b106-c50141e3816d', 'Amelie Casillas', 'W', 'JV', 'F', 'D', '2025-11-29 19:04:35', NULL, '17', '0', NULL, NULL, '0', 'PENDING', NULL, NULL),
('ffd85695-0811-43ff-a83d-8a1140d568ee', '14119bd4-635f-4afb-a4f5-b9d9e715a36e', '569fab48-bf83-4097-b176-1d3c4f42e740', 'Tica Facer', 'W', 'JV', 'F', 'A', '2025-11-29 19:04:17', '80', '25', '0', NULL, NULL, '0', 'PENDING', NULL, NULL);
UNLOCK TABLES;

-- Table structure for `rounds`
DROP TABLE IF EXISTS `rounds`;
CREATE TABLE `rounds` (
  `id` char(36) COLLATE utf8mb4_general_ci NOT NULL,
  `round_type` varchar(20) COLLATE utf8mb4_general_ci NOT NULL,
  `date` date NOT NULL,
  `bale_number` int DEFAULT NULL,
  `created_at` timestamp NOT NULL DEFAULT CURRENT_TIMESTAMP,
  `event_id` char(36) COLLATE utf8mb4_general_ci DEFAULT NULL,
  `division` varchar(50) COLLATE utf8mb4_general_ci DEFAULT NULL,
  `gender` varchar(1) COLLATE utf8mb4_general_ci DEFAULT NULL COMMENT 'M or F',
  `level` varchar(3) COLLATE utf8mb4_general_ci DEFAULT NULL COMMENT 'VAR or JV',
  `status` varchar(20) COLLATE utf8mb4_general_ci DEFAULT 'Not Started' COMMENT 'Not Started, In Progress, Completed, Voided',
  PRIMARY KEY (`id`),
  UNIQUE KEY `uq_round_identity` (`round_type`,`date`,`bale_number`),
  UNIQUE KEY `uq_event_division` (`event_id`,`division`),
  KEY `idx_rounds_date` (`date`),
  KEY `idx_rounds_event` (`event_id`),
  KEY `idx_rounds_division` (`event_id`,`division`),
  KEY `idx_rounds_status` (`status`),
  CONSTRAINT `rounds_ibfk_1` FOREIGN KEY (`event_id`) REFERENCES `events` (`id`) ON DELETE CASCADE ON UPDATE CASCADE
) ENGINE=InnoDB DEFAULT CHARSET=utf8mb4 COLLATE=utf8mb4_general_ci;

-- Data for table `rounds` (17 rows)
LOCK TABLES `rounds` WRITE;
INSERT INTO `rounds` (`id`, `round_type`, `date`, `bale_number`, `created_at`, `event_id`, `division`, `gender`, `level`, `status`) VALUES
('04597442-4d5d-4510-860c-311d5772b4b8', 'R300', '2025-11-30', NULL, '2025-11-29 19:04:17', '999338c5-ed2a-4a17-a327-f42f410ed074', 'BJV', 'M', 'JV', 'Not Started'),
('05eae739-866c-4841-bb8b-5b37dbc789e7', 'R300', '2025-11-30', NULL, '2025-11-29 19:04:42', '1cacab15-0975-48ce-ae5b-4b62ca1dbfbb', 'GVAR', 'F', 'VAR', 'Not Started'),
('11930632-98f0-4b1b-9acf-6da1edb058ec', 'R300', '2025-12-15', NULL, '2025-11-29 19:04:43', '26050729-c865-4de8-83e3-7efa150cc703', 'GVAR', 'F', 'VAR', 'Not Started'),
('14119bd4-635f-4afb-a4f5-b9d9e715a36e', 'R300', '2025-11-30', NULL, '2025-11-29 19:04:17', '999338c5-ed2a-4a17-a327-f42f410ed074', 'GJV', 'F', 'JV', 'Not Started'),
('1db52787-d1d4-46b6-b7e9-14791075e965', 'R300', '2025-11-30', NULL, '2025-11-29 19:04:17', '999338c5-ed2a-4a17-a327-f42f410ed074', 'GVAR', 'F', 'VAR', 'Not Started'),
('38c860f7-1afb-4df1-b91d-07aebc44f84f', 'PRACTICE', '2025-11-30', NULL, '2025-11-29 18:18:50', NULL, 'OPEN', NULL, NULL, 'Not Started'),
('4f696cd2-b7ec-400e-9f08-ccc1bb6dce3d', 'R300', '2025-12-15', NULL, '2025-11-29 19:04:43', '26050729-c865-4de8-83e3-7efa150cc703', 'GJV', 'F', 'JV', 'Not Started'),
('58589e75-28ef-4e9d-a8a3-eeeae918c29d', 'R300', '2025-12-15', NULL, '2025-11-29 19:04:43', '26050729-c865-4de8-83e3-7efa150cc703', 'BVAR', 'M', 'VAR', 'Voided'),
('60f3ce29-da05-470b-9cab-ab715af4a82e', 'R300', '2025-11-30', NULL, '2025-11-29 19:04:42', '1cacab15-0975-48ce-ae5b-4b62ca1dbfbb', 'GJV', 'F', 'JV', 'Not Started'),
('a2385dbf-49e4-494d-b943-cddb453f5d6e', 'R300', '2025-11-30', NULL, '2025-11-29 19:04:35', '02a458ca-a44d-4f91-95d5-da4adea29fe1', 'BJV', 'M', 'JV', 'Not Started'),
('b183c2b9-0ad1-4f1f-8751-a37068ffd1dd', 'R300', '2025-11-30', NULL, '2025-11-29 19:04:35', '02a458ca-a44d-4f91-95d5-da4adea29fe1', 'BVAR', 'M', 'VAR', 'Not Started'),
('bbc02c88-72e4-4f0e-b7db-6798ac582b05', 'R300', '2025-11-30', NULL, '2025-11-29 19:04:42', '1cacab15-0975-48ce-ae5b-4b62ca1dbfbb', 'BJV', 'M', 'JV', 'Not Started'),
('cedd187a-e48a-45e1-ad7b-90609612b3ca', 'R300', '2025-11-30', NULL, '2025-11-29 19:04:42', '1cacab15-0975-48ce-ae5b-4b62ca1dbfbb', 'BVAR', 'M', 'VAR', 'Not Started'),
('d58adcd1-bde1-4a79-920b-f3bc99c494bf', 'R300', '2025-11-30', NULL, '2025-11-29 19:04:35', '02a458ca-a44d-4f91-95d5-da4adea29fe1', 'GJV', 'F', 'JV', 'Not Started'),
('e155bb1d-8e9c-4150-974a-50355b41c222', 'R300', '2025-12-15', NULL, '2025-11-29 19:04:43', '26050729-c865-4de8-83e3-7efa150cc703', 'BJV', 'M', 'JV', 'Not Started'),
('e5db836c-2d81-4112-9892-6c29ea87870f', 'R300', '2025-11-30', NULL, '2025-11-29 19:04:35', '02a458ca-a44d-4f91-95d5-da4adea29fe1', 'GVAR', 'F', 'VAR', 'Not Started'),
('f2469c5f-8103-4755-8861-e559e53bf38d', 'R300', '2025-11-30', NULL, '2025-11-29 19:04:17', '999338c5-ed2a-4a17-a327-f42f410ed074', 'BVAR', 'M', 'VAR', 'Not Started');
UNLOCK TABLES;

-- Table structure for `solo_match_archers`
DROP TABLE IF EXISTS `solo_match_archers`;
CREATE TABLE `solo_match_archers` (
  `id` char(36) CHARACTER SET utf8mb4 COLLATE utf8mb4_general_ci NOT NULL,
  `match_id` char(36) CHARACTER SET utf8mb4 COLLATE utf8mb4_general_ci NOT NULL COMMENT 'Parent solo match',
  `archer_id` char(36) CHARACTER SET utf8mb4 COLLATE utf8mb4_general_ci DEFAULT NULL COMMENT 'Reference to archers table (optional)',
  `archer_name` varchar(200) NOT NULL COMMENT 'Denormalized for performance',
  `school` varchar(3) DEFAULT NULL COMMENT '3-letter school code',
  `level` varchar(3) DEFAULT NULL COMMENT 'VAR or JV',
  `gender` varchar(1) DEFAULT NULL COMMENT 'M or F',
  `position` tinyint NOT NULL COMMENT '1 or 2 (left/right)',
  `sets_won` int DEFAULT '0' COMMENT 'Number of sets won',
  `total_score` int DEFAULT '0' COMMENT 'Cumulative match score',
  `winner` tinyint(1) DEFAULT '0' COMMENT 'TRUE if this archer won',
  `created_at` timestamp NULL DEFAULT CURRENT_TIMESTAMP,
  PRIMARY KEY (`id`),
  UNIQUE KEY `uq_solo_match_position` (`match_id`,`position`),
  KEY `idx_soma_match` (`match_id`),
  KEY `idx_soma_archer` (`archer_id`),
  KEY `idx_soma_winner` (`match_id`,`winner`),
  KEY `idx_soma_name` (`archer_name`),
  CONSTRAINT `fk_soma_archer` FOREIGN KEY (`archer_id`) REFERENCES `archers` (`id`) ON DELETE SET NULL,
  CONSTRAINT `fk_soma_match` FOREIGN KEY (`match_id`) REFERENCES `solo_matches` (`id`) ON DELETE CASCADE
) ENGINE=InnoDB DEFAULT CHARSET=utf8mb4 COLLATE=utf8mb4_0900_ai_ci;

-- Data for table `solo_match_archers` (12 rows)
LOCK TABLES `solo_match_archers` WRITE;
INSERT INTO `solo_match_archers` (`id`, `match_id`, `archer_id`, `archer_name`, `school`, `level`, `gender`, `position`, `sets_won`, `total_score`, `winner`, `created_at`) VALUES
('0b1f9524-2275-4d58-b258-4110ba35707a', '399766b5-feb7-4132-9717-4990866825d4', '89560caf-123b-442c-a3be-9d3e57883485', 'Adjani De La Riva', 'DVD', 'VAR', 'F', '2', '0', '0', '0', '2025-11-30 01:43:53'),
('18994f1d-81ca-4f2b-a106-17a801174386', 'c9e32b64-08f5-4df7-8b63-6a3bf556b0e2', 'c95f43d5-14ba-42c7-9c9b-83566efa0d75', 'Alaya Johnson', 'W', 'JV', 'F', '1', '0', '0', '0', '2025-11-29 23:21:57'),
('2d5f0a23-504e-4fb0-9ffd-6f64aec5fe69', 'c9e32b64-08f5-4df7-8b63-6a3bf556b0e2', '4c77693a-292e-4b9d-bcfa-bd2c05b78f8e', 'Alina Vizcarra', 'W', 'VAR', 'F', '2', '0', '0', '0', '2025-11-29 23:21:57'),
('350c3e9c-1e60-42f1-9eb8-7a93f8fcc9bd', '1062ced4-6fc8-457e-ba01-1294a6ae3522', '3edd0f5d-8f17-4e4f-ac72-e5c04d9899b1', 'Terry Adams', 'COA', 'VAR', 'M', '1', '0', '0', '0', '2025-11-29 22:57:27'),
('35f7f2fe-c758-4e8a-8d83-d59c529df1c7', '06f46450-9b23-4429-9064-069d53bbf2af', '89560caf-123b-442c-a3be-9d3e57883485', 'Adjani De La Riva', 'DVD', 'VAR', 'F', '2', '0', '0', '0', '2025-11-29 06:50:43'),
('3814bca6-99da-443d-a315-16d41024ed6c', '1062ced4-6fc8-457e-ba01-1294a6ae3522', 'c25bb4c4-b5f8-47b0-bb48-4be3b5d490b0', 'Sarah Coach', 'COA', 'VAR', 'F', '2', '0', '0', '0', '2025-11-29 22:57:27'),
('770ea45f-198a-4257-974f-2b3a4f3a6575', '06f46450-9b23-4429-9064-069d53bbf2af', '3edd0f5d-8f17-4e4f-ac72-e5c04d9899b1', 'Terry Adams', 'COA', 'VAR', 'M', '1', '0', '0', '0', '2025-11-29 06:50:43'),
('8049ef87-b4ed-4847-a77c-73b3588220cf', '1f0cbe9a-0d45-4f60-a2e9-430012e377f4', '4c77693a-292e-4b9d-bcfa-bd2c05b78f8e', 'Alina Vizcarra', 'W', 'VAR', 'F', '2', '0', '0', '0', '2025-11-29 23:21:18'),
('8d89dfa8-c509-4151-b936-35319438fbe1', '399766b5-feb7-4132-9717-4990866825d4', '000ef07e-7477-47e1-804c-9a9fbb63330a', 'Amelia Beall', 'T', 'JV', 'F', '1', '0', '0', '0', '2025-11-30 01:43:53'),
('ca1f582f-4fb6-44d5-9afe-b9920c036305', '1f0cbe9a-0d45-4f60-a2e9-430012e377f4', '45e4984d-500a-4284-806d-f99da738a410', 'Alejandro Luna', 'T', 'VAR', 'M', '1', '0', '0', '0', '2025-11-29 23:21:18'),
('e81dfa09-af05-46ea-97a5-bae8e53e1c65', 'e731d61c-e15b-46ea-af77-27d0faabe4d0', '4a09af1c-5052-4e2b-ac0e-6cdba37986e1', 'Alan Lopez', 'W', 'JV', 'M', '1', '0', '0', '0', '2025-11-29 23:49:04'),
('f83ae7c4-fc7e-4ce9-ad91-e64e1fd68302', 'e731d61c-e15b-46ea-af77-27d0faabe4d0', 'c95f43d5-14ba-42c7-9c9b-83566efa0d75', 'Alaya Johnson', 'W', 'JV', 'F', '2', '0', '0', '0', '2025-11-29 23:49:04');
UNLOCK TABLES;

-- Table structure for `solo_match_sets`
DROP TABLE IF EXISTS `solo_match_sets`;
CREATE TABLE `solo_match_sets` (
  `id` char(36) CHARACTER SET utf8mb4 COLLATE utf8mb4_general_ci NOT NULL,
  `match_id` char(36) CHARACTER SET utf8mb4 COLLATE utf8mb4_general_ci NOT NULL,
  `match_archer_id` char(36) CHARACTER SET utf8mb4 COLLATE utf8mb4_general_ci NOT NULL,
  `set_number` int NOT NULL COMMENT '1-5 (or 6 for shoot-off)',
  `a1` varchar(3) DEFAULT NULL COMMENT 'Arrow 1 score',
  `a2` varchar(3) DEFAULT NULL COMMENT 'Arrow 2 score',
  `a3` varchar(3) DEFAULT NULL COMMENT 'Arrow 3 score',
  `set_total` int DEFAULT NULL COMMENT 'Total for this set (max 30)',
  `set_points` int DEFAULT NULL COMMENT '2 (win), 1 (tie), 0 (loss)',
  `running_points` int DEFAULT NULL COMMENT 'Cumulative set points',
  `tens` int DEFAULT NULL COMMENT 'Count of 10s/Xs in this set',
  `xs` int DEFAULT NULL COMMENT 'Count of Xs in this set',
  `device_ts` datetime DEFAULT NULL COMMENT 'Client device timestamp',
  `server_ts` datetime NOT NULL DEFAULT CURRENT_TIMESTAMP,
  PRIMARY KEY (`id`),
  UNIQUE KEY `uq_soma_set` (`match_archer_id`,`set_number`),
  KEY `idx_soms_match` (`match_id`,`set_number`),
  KEY `idx_soms_ts` (`server_ts`),
  CONSTRAINT `fk_soms_archer` FOREIGN KEY (`match_archer_id`) REFERENCES `solo_match_archers` (`id`) ON DELETE CASCADE,
  CONSTRAINT `fk_soms_match` FOREIGN KEY (`match_id`) REFERENCES `solo_matches` (`id`) ON DELETE CASCADE
) ENGINE=InnoDB DEFAULT CHARSET=utf8mb4 COLLATE=utf8mb4_0900_ai_ci;

-- Data for table `solo_match_sets` (34 rows)
LOCK TABLES `solo_match_sets` WRITE;
INSERT INTO `solo_match_sets` (`id`, `match_id`, `match_archer_id`, `set_number`, `a1`, `a2`, `a3`, `set_total`, `set_points`, `running_points`, `tens`, `xs`, `device_ts`, `server_ts`) VALUES
('1bb654e6-842f-42ac-8188-618f0f64f2de', 'c9e32b64-08f5-4df7-8b63-6a3bf556b0e2', '18994f1d-81ca-4f2b-a106-17a801174386', '5', '3', '3', '3', '9', '2', '9', '0', '0', '2025-11-30 07:27:17', '2025-11-29 23:27:17'),
('27455958-2c67-4882-9e27-cd31b1d7a9ac', '399766b5-feb7-4132-9717-4990866825d4', '8d89dfa8-c509-4151-b936-35319438fbe1', '2', 'X', 'X', 'X', '30', '2', '4', '3', '3', '2025-11-30 09:44:01', '2025-11-30 01:44:01'),
('2c1fb793-9ea8-44da-a83d-f62c1dfa563f', 'c9e32b64-08f5-4df7-8b63-6a3bf556b0e2', '18994f1d-81ca-4f2b-a106-17a801174386', '3', '6', '6', '6', '18', '2', '6', '0', '0', '2025-11-30 07:27:09', '2025-11-29 23:27:09'),
('310b3f98-5009-44bf-92cd-0d9e21306274', '1062ced4-6fc8-457e-ba01-1294a6ae3522', '350c3e9c-1e60-42f1-9eb8-7a93f8fcc9bd', '2', '7', '9', '9', '25', '0', '2', '0', '0', '2025-11-30 07:10:43', '2025-11-29 22:57:47'),
('401e4762-7a72-44c7-bfc1-2e0cd7e8cf50', '06f46450-9b23-4429-9064-069d53bbf2af', '770ea45f-198a-4257-974f-2b3a4f3a6575', '1', '10', '10', '10', '30', '2', '2', '3', '0', '2025-11-29 14:50:47', '2025-11-29 06:50:47'),
('433867bd-e79f-4269-a29d-2695037aeb2d', '1062ced4-6fc8-457e-ba01-1294a6ae3522', '3814bca6-99da-443d-a315-16d41024ed6c', '4', '10', '8', 'M', '18', '1', '5', '1', '0', '2025-11-30 06:58:27', '2025-11-29 22:58:27'),
('4e740d44-e52f-4762-afa1-6ee0a8bdc733', '399766b5-feb7-4132-9717-4990866825d4', '8d89dfa8-c509-4151-b936-35319438fbe1', '3', '7', '7', '7', '21', '2', '5', '0', '0', '2025-11-30 09:44:08', '2025-11-30 01:44:08'),
('51686668-311a-4dc2-8b37-b733149f93c1', '1062ced4-6fc8-457e-ba01-1294a6ae3522', '350c3e9c-1e60-42f1-9eb8-7a93f8fcc9bd', '5', '8', '7', '7', '22', '2', '5', '0', '0', '2025-11-30 06:58:32', '2025-11-29 22:58:32'),
('643b3527-b368-48bc-b4c3-9703c53c79d9', 'c9e32b64-08f5-4df7-8b63-6a3bf556b0e2', '2d5f0a23-504e-4fb0-9ffd-6f64aec5fe69', '3', '6', '6', '6', '18', '1', '1', '0', '0', '2025-11-30 07:27:09', '2025-11-29 23:27:09'),
('676472b1-eb07-4db9-a9fe-174a5ebcb997', 'c9e32b64-08f5-4df7-8b63-6a3bf556b0e2', '2d5f0a23-504e-4fb0-9ffd-6f64aec5fe69', '2', '6', '6', '6', '18', '0', '0', '0', '0', '2025-11-30 07:27:08', '2025-11-29 23:27:08'),
('6def4980-f342-4883-8681-5599bf8e27b1', 'c9e32b64-08f5-4df7-8b63-6a3bf556b0e2', '2d5f0a23-504e-4fb0-9ffd-6f64aec5fe69', '4', '3', '3', '3', '9', '0', '1', '0', '0', '2025-11-30 07:27:16', '2025-11-29 23:27:16'),
('7289981d-ba44-4cc4-a246-992d39d738e1', '1062ced4-6fc8-457e-ba01-1294a6ae3522', '350c3e9c-1e60-42f1-9eb8-7a93f8fcc9bd', '1', '10', '9', '7', '26', '2', '2', '1', '0', '2025-11-30 06:57:42', '2025-11-29 22:57:42'),
('7424047d-ff47-4d2e-8a8b-1a8c1fe843aa', 'c9e32b64-08f5-4df7-8b63-6a3bf556b0e2', '18994f1d-81ca-4f2b-a106-17a801174386', '4', '6', '6', '3', '15', '2', '7', '0', '0', '2025-11-30 07:27:15', '2025-11-29 23:27:15'),
('763f0ea5-2e9e-41c4-a163-7bcf467c8989', '06f46450-9b23-4429-9064-069d53bbf2af', '35f7f2fe-c758-4e8a-8d83-d59c529df1c7', '1', '8', '7', '9', '24', '0', '0', '0', '0', '2025-11-29 14:50:49', '2025-11-29 06:50:49'),
('8af489b2-5d7a-41c7-a470-0068f940af2f', '1062ced4-6fc8-457e-ba01-1294a6ae3522', '350c3e9c-1e60-42f1-9eb8-7a93f8fcc9bd', '4', '6', '6', '6', '18', '2', '4', '0', '0', '2025-11-30 06:58:23', '2025-11-29 22:58:23'),
('8ec95225-4fc6-4163-8a42-9d056e883588', '399766b5-feb7-4132-9717-4990866825d4', '8d89dfa8-c509-4151-b936-35319438fbe1', '4', '7', '7', '7', '21', '2', '5', '0', '0', '2025-11-30 09:44:11', '2025-11-30 01:44:11'),
('910aeefc-e85c-48b8-982b-11f6c779595b', 'c9e32b64-08f5-4df7-8b63-6a3bf556b0e2', '18994f1d-81ca-4f2b-a106-17a801174386', '1', '10', '7', '7', '24', '2', '2', '1', '0', '2025-11-30 07:26:57', '2025-11-29 23:26:57'),
('96957543-cb05-4a57-bb01-91166d9b03fb', '399766b5-feb7-4132-9717-4990866825d4', '0b1f9524-2275-4d58-b258-4110ba35707a', '5', '10', '10', '10', '30', '2', '7', '3', '0', '2025-11-30 09:44:19', '2025-11-30 01:44:19'),
('99b1663f-ced5-4bef-bf48-bae5d70933be', 'c9e32b64-08f5-4df7-8b63-6a3bf556b0e2', '2d5f0a23-504e-4fb0-9ffd-6f64aec5fe69', '5', '3', '3', '3', '9', '1', '2', '0', '0', '2025-11-30 07:27:18', '2025-11-29 23:27:18'),
('a8ad88f3-efcb-419c-aff1-bc7205b75783', '399766b5-feb7-4132-9717-4990866825d4', '0b1f9524-2275-4d58-b258-4110ba35707a', '3', '10', '10', '10', '30', '2', '3', '3', '0', '2025-11-30 09:44:09', '2025-11-30 01:44:09'),
('ba738d73-8a32-46d3-a782-6dad11494fc2', '1062ced4-6fc8-457e-ba01-1294a6ae3522', '3814bca6-99da-443d-a315-16d41024ed6c', '2', 'X', '10', '8', '28', '2', '2', '2', '1', '2025-11-30 06:57:51', '2025-11-29 22:57:51'),
('bd43f86b-fc5d-4f2f-b00e-f919f07a5141', '1062ced4-6fc8-457e-ba01-1294a6ae3522', '350c3e9c-1e60-42f1-9eb8-7a93f8fcc9bd', '3', '8', '8', '8', '24', '2', '4', '0', '0', '2025-11-30 06:58:14', '2025-11-29 22:58:14'),
('ca55622f-2265-4ef6-8fe7-8099307cecfe', '1062ced4-6fc8-457e-ba01-1294a6ae3522', '3814bca6-99da-443d-a315-16d41024ed6c', '5', '6', '10', '10', '26', '2', '7', '2', '0', '2025-11-30 06:58:39', '2025-11-29 22:58:39'),
('ce0e1a43-b5e6-487d-ab5f-f8bc57480914', '399766b5-feb7-4132-9717-4990866825d4', '0b1f9524-2275-4d58-b258-4110ba35707a', '4', '9', '9', '9', '27', '2', '5', '0', '0', '2025-11-30 09:44:13', '2025-11-30 01:44:13'),
('d235f819-2eaa-44bc-bc74-a84224f56b27', '399766b5-feb7-4132-9717-4990866825d4', '8d89dfa8-c509-4151-b936-35319438fbe1', '1', '10', '10', '10', '30', '2', '2', '3', '0', '2025-11-30 09:43:56', '2025-11-30 01:43:56'),
('d8e30db2-bc16-432c-927c-71c863850ab7', '1062ced4-6fc8-457e-ba01-1294a6ae3522', '3814bca6-99da-443d-a315-16d41024ed6c', '1', '7', '7', '7', '21', '0', '0', '0', '0', '2025-11-30 06:57:45', '2025-11-29 22:57:45'),
('db66adcf-9e47-4fbe-afb4-c1c2d440334c', 'e731d61c-e15b-46ea-af77-27d0faabe4d0', 'e81dfa09-af05-46ea-97a5-bae8e53e1c65', '1', '10', '7', '6', '23', '2', '2', '1', '0', '2025-11-30 07:49:08', '2025-11-29 23:49:08'),
('dca4590e-fa99-47ac-97a2-be9a45fae0b6', '399766b5-feb7-4132-9717-4990866825d4', '0b1f9524-2275-4d58-b258-4110ba35707a', '1', '9', '9', '9', '27', '0', '0', '0', '0', '2025-11-30 09:43:58', '2025-11-30 01:43:58'),
('e5f9e4a3-9964-4e38-9a18-5db89ba43657', '1062ced4-6fc8-457e-ba01-1294a6ae3522', '3814bca6-99da-443d-a315-16d41024ed6c', '3', '10', '10', '5', '25', '2', '4', '2', '0', '2025-11-30 06:58:20', '2025-11-29 22:58:20'),
('effff596-0df2-43ae-9c19-a59f4586850e', 'c9e32b64-08f5-4df7-8b63-6a3bf556b0e2', '2d5f0a23-504e-4fb0-9ffd-6f64aec5fe69', '1', '7', '7', '7', '21', '0', '0', '0', '0', '2025-11-30 07:26:59', '2025-11-29 23:26:59'),
('f096cad9-d60b-4d08-9933-a5cb7fc4bb22', 'c9e32b64-08f5-4df7-8b63-6a3bf556b0e2', '18994f1d-81ca-4f2b-a106-17a801174386', '2', '7', '6', '6', '19', '2', '4', '0', '0', '2025-11-30 07:27:07', '2025-11-29 23:27:07'),
('f491c426-9e3f-44a0-bdc4-c23ca6996820', 'e731d61c-e15b-46ea-af77-27d0faabe4d0', 'f83ae7c4-fc7e-4ce9-ad91-e64e1fd68302', '1', '3', '2', '2', '7', '0', '0', '0', '0', '2025-11-30 07:49:10', '2025-11-29 23:49:10'),
('f8603853-bde0-4008-b12a-a33b9a34d96b', '399766b5-feb7-4132-9717-4990866825d4', '8d89dfa8-c509-4151-b936-35319438fbe1', '5', '8', '8', '8', '24', '2', '5', '0', '0', '2025-11-30 09:44:15', '2025-11-30 01:44:15'),
('fa498870-d2ae-4a84-b306-4f474ca8538f', '399766b5-feb7-4132-9717-4990866825d4', '0b1f9524-2275-4d58-b258-4110ba35707a', '2', 'X', 'X', 'X', '30', '1', '1', '3', '3', '2025-11-30 09:44:05', '2025-11-30 01:44:05');
UNLOCK TABLES;

-- Table structure for `solo_matches`
DROP TABLE IF EXISTS `solo_matches`;
CREATE TABLE `solo_matches` (
  `id` char(36) CHARACTER SET utf8mb4 COLLATE utf8mb4_general_ci NOT NULL,
  `event_id` char(36) CHARACTER SET utf8mb4 COLLATE utf8mb4_general_ci DEFAULT NULL COMMENT 'Parent event for coach visibility',
  `bracket_id` char(36) DEFAULT NULL COMMENT 'Links match to bracket',
  `bracket_match_id` varchar(30) DEFAULT NULL COMMENT 'Bracket match identifier',
  `match_type` varchar(20) NOT NULL DEFAULT 'SOLO_OLYMPIC' COMMENT 'Match format',
  `date` date NOT NULL,
  `location` varchar(200) DEFAULT NULL COMMENT 'Venue name',
  `status` varchar(20) DEFAULT 'Not Started' COMMENT 'Not Started, In Progress, Completed, Voided',
  `max_sets` int NOT NULL DEFAULT '5' COMMENT 'Best of 5 (first to 3 wins)',
  `shoot_off` tinyint(1) DEFAULT '0' COMMENT 'Whether match went to shoot-off',
  `shoot_off_winner` tinyint DEFAULT NULL COMMENT '1 or 2 (archer position)',
  `winner_archer_id` char(36) DEFAULT NULL COMMENT 'Reference to winning archer',
  `locked` tinyint(1) DEFAULT '0' COMMENT 'Match locked after verification',
  `card_status` varchar(16) NOT NULL DEFAULT 'PENDING' COMMENT 'PENDING, VER, VOID',
  `verified_at` timestamp NULL DEFAULT NULL COMMENT 'When verified by coach',
  `verified_by` varchar(100) DEFAULT NULL COMMENT 'Who verified (coach ID)',
  `notes` text COMMENT 'Match notes / void reason',
  `lock_history` text COMMENT 'JSON array of lock/unlock/void events',
  `created_at` timestamp NULL DEFAULT CURRENT_TIMESTAMP,
  `updated_at` timestamp NULL DEFAULT NULL ON UPDATE CURRENT_TIMESTAMP,
  `match_code` varchar(20) DEFAULT NULL COMMENT 'Unique access code for this match (format: solo-INITIALS-MMDD)',
  PRIMARY KEY (`id`),
  UNIQUE KEY `match_code` (`match_code`),
  KEY `idx_solo_event` (`event_id`),
  KEY `idx_solo_date` (`date`),
  KEY `idx_solo_status` (`status`),
  KEY `idx_solo_locked` (`locked`),
  KEY `idx_solo_complete` (`status`,`date` DESC),
  KEY `idx_solo_event_status` (`event_id`,`status`),
  KEY `idx_solo_match_code` (`match_code`),
  KEY `idx_bracket` (`bracket_id`),
  KEY `idx_bracket_match` (`bracket_match_id`),
  CONSTRAINT `fk_solo_event` FOREIGN KEY (`event_id`) REFERENCES `events` (`id`) ON DELETE SET NULL
) ENGINE=InnoDB DEFAULT CHARSET=utf8mb4 COLLATE=utf8mb4_0900_ai_ci;

-- Data for table `solo_matches` (6 rows)
LOCK TABLES `solo_matches` WRITE;
INSERT INTO `solo_matches` (`id`, `event_id`, `bracket_id`, `bracket_match_id`, `match_type`, `date`, `location`, `status`, `max_sets`, `shoot_off`, `shoot_off_winner`, `winner_archer_id`, `locked`, `card_status`, `verified_at`, `verified_by`, `notes`, `lock_history`, `created_at`, `updated_at`, `match_code`) VALUES
('06f46450-9b23-4429-9064-069d53bbf2af', NULL, NULL, NULL, 'SOLO_OLYMPIC', '2025-11-29', '', 'In Progress', '5', '0', NULL, NULL, '0', 'PENDING', NULL, NULL, NULL, NULL, '2025-11-29 06:50:43', '2025-11-29 06:50:47', 'solo-TAAD-1129'),
('1062ced4-6fc8-457e-ba01-1294a6ae3522', NULL, NULL, NULL, 'SOLO_OLYMPIC', '2025-11-30', '', 'In Progress', '5', '0', NULL, NULL, '0', 'PENDING', NULL, NULL, NULL, NULL, '2025-11-29 22:57:27', '2025-11-29 22:57:42', 'solo-TASC-1130'),
('1f0cbe9a-0d45-4f60-a2e9-430012e377f4', NULL, NULL, NULL, 'SOLO_OLYMPIC', '2025-11-30', '', 'Not Started', '5', '0', NULL, NULL, '0', 'PENDING', NULL, NULL, NULL, NULL, '2025-11-29 23:21:18', '2025-11-29 23:21:18', 'solo-ALAV-1130'),
('399766b5-feb7-4132-9717-4990866825d4', NULL, NULL, NULL, 'SOLO_OLYMPIC', '2025-11-30', '', 'In Progress', '5', '0', NULL, NULL, '0', 'PENDING', NULL, NULL, NULL, NULL, '2025-11-30 01:43:53', '2025-11-30 01:43:56', 'solo-ABAD-1130'),
('c9e32b64-08f5-4df7-8b63-6a3bf556b0e2', NULL, NULL, NULL, 'SOLO_OLYMPIC', '2025-11-30', '', 'In Progress', '5', '0', NULL, NULL, '0', 'PENDING', NULL, NULL, NULL, NULL, '2025-11-29 23:21:57', '2025-11-29 23:26:58', 'solo-AJAV-1130'),
('e731d61c-e15b-46ea-af77-27d0faabe4d0', NULL, NULL, NULL, 'SOLO_OLYMPIC', '2025-11-30', '', 'In Progress', '5', '0', NULL, NULL, '0', 'PENDING', NULL, NULL, NULL, NULL, '2025-11-29 23:49:04', '2025-11-29 23:49:08', 'solo-ALAJ-1130');
UNLOCK TABLES;

-- Table structure for `team_match_archers`
DROP TABLE IF EXISTS `team_match_archers`;
CREATE TABLE `team_match_archers` (
  `id` char(36) CHARACTER SET utf8mb4 COLLATE utf8mb4_general_ci NOT NULL,
  `match_id` char(36) CHARACTER SET utf8mb4 COLLATE utf8mb4_general_ci NOT NULL,
  `team_id` char(36) CHARACTER SET utf8mb4 COLLATE utf8mb4_general_ci NOT NULL COMMENT 'Which team this archer is on',
  `archer_id` char(36) CHARACTER SET utf8mb4 COLLATE utf8mb4_general_ci DEFAULT NULL COMMENT 'Reference to archers table (optional)',
  `archer_name` varchar(200) NOT NULL COMMENT 'Denormalized for performance',
  `school` varchar(3) DEFAULT NULL COMMENT '3-letter school code',
  `level` varchar(3) DEFAULT NULL COMMENT 'VAR or JV',
  `gender` varchar(1) DEFAULT NULL COMMENT 'M or F',
  `position` tinyint DEFAULT NULL COMMENT 'Position within team (1-3)',
  `total_score` int DEFAULT '0' COMMENT 'Cumulative match score for this archer',
  `created_at` timestamp NULL DEFAULT CURRENT_TIMESTAMP,
  PRIMARY KEY (`id`),
  KEY `idx_tma_match` (`match_id`),
  KEY `idx_tma_team` (`team_id`),
  KEY `idx_tma_archer` (`archer_id`),
  KEY `idx_tma_name` (`archer_name`),
  CONSTRAINT `fk_tma_archer` FOREIGN KEY (`archer_id`) REFERENCES `archers` (`id`) ON DELETE SET NULL,
  CONSTRAINT `fk_tma_match` FOREIGN KEY (`match_id`) REFERENCES `team_matches` (`id`) ON DELETE CASCADE,
  CONSTRAINT `fk_tma_team` FOREIGN KEY (`team_id`) REFERENCES `team_match_teams` (`id`) ON DELETE CASCADE
) ENGINE=InnoDB DEFAULT CHARSET=utf8mb4 COLLATE=utf8mb4_0900_ai_ci;

-- Data for table `team_match_archers` (18 rows)
LOCK TABLES `team_match_archers` WRITE;
INSERT INTO `team_match_archers` (`id`, `match_id`, `team_id`, `archer_id`, `archer_name`, `school`, `level`, `gender`, `position`, `total_score`, `created_at`) VALUES
('05e868df-243c-4e94-99e6-e63bf9c2c2aa', '01e93ab3-5307-49dc-adc2-acc62fb5be7b', 'eb51efd5-e30c-4b4a-9a85-60541c860949', 'c95f43d5-14ba-42c7-9c9b-83566efa0d75', 'Alaya Johnson', 'W', 'JV', 'F', '3', '0', '2025-11-29 22:59:29'),
('21e982b4-e971-4ec5-83e8-5c4bf9052ae1', 'e72e2db9-e409-40b1-9614-16c21627ebfb', '3a62f9ad-bee1-47c2-851b-87c80c886bdf', '89560caf-123b-442c-a3be-9d3e57883485', 'Adjani De La Riva', 'DVD', 'VAR', 'F', '1', '0', '2025-11-29 23:13:07'),
('26981ca4-39bc-434a-9450-7a8d2a4a8eed', '7a7b7c49-ce72-4d25-bec1-326be8f9a44c', '9c328e36-d696-41c1-bdaf-a650c0582386', '45e4984d-500a-4284-806d-f99da738a410', 'Alejandro Luna', 'T', 'VAR', 'M', '3', '0', '2025-11-29 23:37:57'),
('2c09e605-fb86-4cde-81e0-68f3deb66d37', '7a7b7c49-ce72-4d25-bec1-326be8f9a44c', 'f9ea6cec-5e9b-4902-ab39-d8000da5ebd5', '89560caf-123b-442c-a3be-9d3e57883485', 'Adjani De La Riva', 'DVD', 'VAR', 'F', '2', '0', '2025-11-29 23:37:57'),
('36a25df0-413b-4c9b-a3c4-cb51a53717a2', 'e72e2db9-e409-40b1-9614-16c21627ebfb', '4d029985-a953-4076-84d4-d3a5f0ea4f56', '45e4984d-500a-4284-806d-f99da738a410', 'Alejandro Luna', 'T', 'VAR', 'M', '2', '0', '2025-11-29 23:13:07'),
('3ccf3405-6a1c-4a3c-973a-55a5eb5b6517', '7a7b7c49-ce72-4d25-bec1-326be8f9a44c', 'f9ea6cec-5e9b-4902-ab39-d8000da5ebd5', '4a09af1c-5052-4e2b-ac0e-6cdba37986e1', 'Alan Lopez', 'W', 'JV', 'M', '1', '0', '2025-11-29 23:37:57'),
('4f0d07d5-4b39-4484-aecf-29cb3b11d823', '01e93ab3-5307-49dc-adc2-acc62fb5be7b', 'eb51efd5-e30c-4b4a-9a85-60541c860949', '4a09af1c-5052-4e2b-ac0e-6cdba37986e1', 'Alan Lopez', 'W', 'JV', 'M', '2', '0', '2025-11-29 22:59:29'),
('6208ddea-cf75-458c-8ee4-8518192614bb', '01e93ab3-5307-49dc-adc2-acc62fb5be7b', 'eb51efd5-e30c-4b4a-9a85-60541c860949', 'd6a82854-08d8-4ebd-a33c-f26eafbb067a', 'Adjani De La Riva', 'W', 'JV', 'F', '1', '0', '2025-11-29 22:59:29'),
('625b8cab-52d0-4231-b466-bedf3e7153cd', 'e72e2db9-e409-40b1-9614-16c21627ebfb', '4d029985-a953-4076-84d4-d3a5f0ea4f56', 'c95f43d5-14ba-42c7-9c9b-83566efa0d75', 'Alaya Johnson', 'W', 'JV', 'F', '1', '0', '2025-11-29 23:13:07'),
('7d686a47-41c0-439b-a66e-71f8e95ed9d0', 'e72e2db9-e409-40b1-9614-16c21627ebfb', '4d029985-a953-4076-84d4-d3a5f0ea4f56', '4c77693a-292e-4b9d-bcfa-bd2c05b78f8e', 'Alina Vizcarra', 'W', 'VAR', 'F', '3', '0', '2025-11-29 23:13:07'),
('9e52f127-f4a4-460b-bca4-326f6cb8350a', '01e93ab3-5307-49dc-adc2-acc62fb5be7b', 'fd088932-5d0a-4827-b855-d8df86ca6a73', '89560caf-123b-442c-a3be-9d3e57883485', 'Adjani De La Riva', 'DVD', 'VAR', 'F', '3', '0', '2025-11-29 22:59:29'),
('a790f0a5-5a23-4b31-802a-0247798b16cd', '7a7b7c49-ce72-4d25-bec1-326be8f9a44c', 'f9ea6cec-5e9b-4902-ab39-d8000da5ebd5', 'd6a82854-08d8-4ebd-a33c-f26eafbb067a', 'Adjani De La Riva', 'W', 'JV', 'F', '3', '0', '2025-11-29 23:37:57'),
('c8bdc984-9301-417e-bd97-f4486a315fa0', '01e93ab3-5307-49dc-adc2-acc62fb5be7b', 'fd088932-5d0a-4827-b855-d8df86ca6a73', '3edd0f5d-8f17-4e4f-ac72-e5c04d9899b1', 'Terry Adams', 'COA', 'VAR', 'M', '1', '0', '2025-11-29 22:59:29'),
('c931b054-5bec-45af-aedf-3bc360d85485', 'e72e2db9-e409-40b1-9614-16c21627ebfb', '3a62f9ad-bee1-47c2-851b-87c80c886bdf', 'd6a82854-08d8-4ebd-a33c-f26eafbb067a', 'Adjani De La Riva', 'W', 'JV', 'F', '2', '0', '2025-11-29 23:13:07'),
('ea45027a-ad66-44d3-b139-4f0fc6590c79', '01e93ab3-5307-49dc-adc2-acc62fb5be7b', 'fd088932-5d0a-4827-b855-d8df86ca6a73', 'b8afc11a-bb1c-4c5d-9225-a04c2ae857c9', 'Awishkar Shrestha', 'W', 'JV', 'M', '2', '0', '2025-11-29 22:59:29'),
('f39f7b95-73ae-4466-9fd9-cb6386ab05db', 'e72e2db9-e409-40b1-9614-16c21627ebfb', '3a62f9ad-bee1-47c2-851b-87c80c886bdf', '4a09af1c-5052-4e2b-ac0e-6cdba37986e1', 'Alan Lopez', 'W', 'JV', 'M', '3', '0', '2025-11-29 23:13:07'),
('f51dbf4e-7fb4-45ed-acaa-9aa3a9e633b5', '7a7b7c49-ce72-4d25-bec1-326be8f9a44c', '9c328e36-d696-41c1-bdaf-a650c0582386', 'c95f43d5-14ba-42c7-9c9b-83566efa0d75', 'Alaya Johnson', 'W', 'JV', 'F', '2', '0', '2025-11-29 23:37:57'),
('f97f5333-62ca-41c4-b8e3-5637c8020374', '7a7b7c49-ce72-4d25-bec1-326be8f9a44c', '9c328e36-d696-41c1-bdaf-a650c0582386', '000ef07e-7477-47e1-804c-9a9fbb63330a', 'Amelia Beall', 'T', 'JV', 'F', '1', '0', '2025-11-29 23:37:57');
UNLOCK TABLES;

-- Table structure for `team_match_sets`
DROP TABLE IF EXISTS `team_match_sets`;
CREATE TABLE `team_match_sets` (
  `id` char(36) CHARACTER SET utf8mb4 COLLATE utf8mb4_general_ci NOT NULL,
  `match_id` char(36) CHARACTER SET utf8mb4 COLLATE utf8mb4_general_ci NOT NULL,
  `team_id` char(36) CHARACTER SET utf8mb4 COLLATE utf8mb4_general_ci NOT NULL,
  `match_archer_id` char(36) CHARACTER SET utf8mb4 COLLATE utf8mb4_general_ci NOT NULL,
  `set_number` int NOT NULL COMMENT '1-4 (or 5 for shoot-off)',
  `a1` varchar(3) DEFAULT NULL COMMENT 'Arrow score (1 arrow per archer per set)',
  `set_total` int DEFAULT NULL COMMENT 'Team total for this set (max 30 for 3 archers)',
  `set_points` int DEFAULT NULL COMMENT '2 (win), 1 (tie), 0 (loss) - stored per team',
  `running_points` int DEFAULT NULL COMMENT 'Cumulative set points for team',
  `tens` int DEFAULT NULL COMMENT 'Count of 10s/Xs for team in this set',
  `xs` int DEFAULT NULL COMMENT 'Count of Xs for team in this set',
  `device_ts` datetime DEFAULT NULL COMMENT 'Client device timestamp',
  `server_ts` datetime NOT NULL DEFAULT CURRENT_TIMESTAMP,
  PRIMARY KEY (`id`),
  UNIQUE KEY `uq_tms_archer_set` (`match_archer_id`,`set_number`),
  KEY `idx_tms_match` (`match_id`,`set_number`),
  KEY `idx_tms_team` (`team_id`,`set_number`),
  KEY `idx_tms_ts` (`server_ts`),
  CONSTRAINT `fk_tms_archer` FOREIGN KEY (`match_archer_id`) REFERENCES `team_match_archers` (`id`) ON DELETE CASCADE,
  CONSTRAINT `fk_tms_match` FOREIGN KEY (`match_id`) REFERENCES `team_matches` (`id`) ON DELETE CASCADE,
  CONSTRAINT `fk_tms_team` FOREIGN KEY (`team_id`) REFERENCES `team_match_teams` (`id`) ON DELETE CASCADE
) ENGINE=InnoDB DEFAULT CHARSET=utf8mb4 COLLATE=utf8mb4_0900_ai_ci;

-- Data for table `team_match_sets` (24 rows)
LOCK TABLES `team_match_sets` WRITE;
INSERT INTO `team_match_sets` (`id`, `match_id`, `team_id`, `match_archer_id`, `set_number`, `a1`, `set_total`, `set_points`, `running_points`, `tens`, `xs`, `device_ts`, `server_ts`) VALUES
('0461c58a-6c91-45cf-b7eb-9daeec94519b', '7a7b7c49-ce72-4d25-bec1-326be8f9a44c', '9c328e36-d696-41c1-bdaf-a650c0582386', 'f51dbf4e-7fb4-45ed-acaa-9aa3a9e633b5', '1', '10', '0', '0', '0', '1', '0', '2025-11-30 07:48:19', '2025-11-29 23:40:19'),
('2625234e-ec2d-4355-aed6-047025ba3543', '7a7b7c49-ce72-4d25-bec1-326be8f9a44c', '9c328e36-d696-41c1-bdaf-a650c0582386', '26981ca4-39bc-434a-9450-7a8d2a4a8eed', '2', '8', '0', '0', '0', '0', '0', '2025-11-30 07:48:23', '2025-11-29 23:48:23'),
('292b25d9-131b-42a4-8473-1ae653d8d6d5', '7a7b7c49-ce72-4d25-bec1-326be8f9a44c', 'f9ea6cec-5e9b-4902-ab39-d8000da5ebd5', 'a790f0a5-5a23-4b31-802a-0247798b16cd', '2', '8', '0', '0', '0', '0', '0', '2025-11-30 07:48:25', '2025-11-29 23:48:25'),
('2ff60ab0-1241-4676-989c-a3fd38f1add8', '7a7b7c49-ce72-4d25-bec1-326be8f9a44c', '9c328e36-d696-41c1-bdaf-a650c0582386', 'f51dbf4e-7fb4-45ed-acaa-9aa3a9e633b5', '4', '6', '0', '0', '0', '0', '0', '2025-11-30 07:48:35', '2025-11-29 23:48:35'),
('51170d49-58da-4692-853e-f085a9e7ace6', '7a7b7c49-ce72-4d25-bec1-326be8f9a44c', '9c328e36-d696-41c1-bdaf-a650c0582386', 'f97f5333-62ca-41c4-b8e3-5637c8020374', '3', '6', '0', '0', '0', '0', '0', '2025-11-30 07:48:31', '2025-11-29 23:48:31'),
('57df7818-e0bc-4a27-b231-b88d210c6049', '7a7b7c49-ce72-4d25-bec1-326be8f9a44c', 'f9ea6cec-5e9b-4902-ab39-d8000da5ebd5', '3ccf3405-6a1c-4a3c-973a-55a5eb5b6517', '2', '8', '0', '0', '0', '0', '0', '2025-11-30 07:48:24', '2025-11-29 23:48:24'),
('5d4b48ec-f8be-409e-b734-52afe7a7f486', '7a7b7c49-ce72-4d25-bec1-326be8f9a44c', '9c328e36-d696-41c1-bdaf-a650c0582386', '26981ca4-39bc-434a-9450-7a8d2a4a8eed', '3', '6', '0', '0', '0', '0', '0', '2025-11-30 07:48:31', '2025-11-29 23:48:31'),
('628aa216-84a1-4ed4-b838-e0eab9f7020c', '7a7b7c49-ce72-4d25-bec1-326be8f9a44c', 'f9ea6cec-5e9b-4902-ab39-d8000da5ebd5', '3ccf3405-6a1c-4a3c-973a-55a5eb5b6517', '4', '6', '0', '0', '0', '0', '0', '2025-11-30 07:48:36', '2025-11-29 23:48:36'),
('6a516ea3-2854-447b-a05a-e90f51a6acaa', '7a7b7c49-ce72-4d25-bec1-326be8f9a44c', '9c328e36-d696-41c1-bdaf-a650c0582386', '26981ca4-39bc-434a-9450-7a8d2a4a8eed', '1', '10', '0', '0', '0', '1', '0', '2025-11-30 07:48:19', '2025-11-29 23:40:20'),
('6beb88da-b1d1-463a-8bca-d197c130421a', '7a7b7c49-ce72-4d25-bec1-326be8f9a44c', 'f9ea6cec-5e9b-4902-ab39-d8000da5ebd5', '2c09e605-fb86-4cde-81e0-68f3deb66d37', '2', '8', '0', '0', '0', '0', '0', '2025-11-30 07:48:24', '2025-11-29 23:48:24'),
('7d56d335-e64b-40df-b390-b588b8324367', '7a7b7c49-ce72-4d25-bec1-326be8f9a44c', '9c328e36-d696-41c1-bdaf-a650c0582386', 'f97f5333-62ca-41c4-b8e3-5637c8020374', '1', 'X', '0', '0', '0', '1', '1', '2025-11-30 07:43:13', '2025-11-29 23:40:19'),
('82f91a95-6134-4c26-a6ac-1edb098d21cb', '7a7b7c49-ce72-4d25-bec1-326be8f9a44c', 'f9ea6cec-5e9b-4902-ab39-d8000da5ebd5', 'a790f0a5-5a23-4b31-802a-0247798b16cd', '4', '6', '0', '0', '0', '0', '0', '2025-11-30 07:48:37', '2025-11-29 23:48:37'),
('93300f07-9e35-428a-b54f-3884373e34ea', '7a7b7c49-ce72-4d25-bec1-326be8f9a44c', 'f9ea6cec-5e9b-4902-ab39-d8000da5ebd5', 'a790f0a5-5a23-4b31-802a-0247798b16cd', '3', '6', '0', '0', '0', '0', '0', '2025-11-30 07:48:33', '2025-11-29 23:48:33'),
('98607df6-0cf7-4685-9028-5226ce43f42e', '7a7b7c49-ce72-4d25-bec1-326be8f9a44c', 'f9ea6cec-5e9b-4902-ab39-d8000da5ebd5', '2c09e605-fb86-4cde-81e0-68f3deb66d37', '1', '10', '0', '0', '0', '1', '0', '2025-11-30 07:48:20', '2025-11-29 23:40:28'),
('9bd94d4f-04de-4e6c-a4dc-f8a58bcd94be', '7a7b7c49-ce72-4d25-bec1-326be8f9a44c', 'f9ea6cec-5e9b-4902-ab39-d8000da5ebd5', '2c09e605-fb86-4cde-81e0-68f3deb66d37', '4', '6', '0', '0', '0', '0', '0', '2025-11-30 07:48:36', '2025-11-29 23:48:36'),
('b358dcc0-717c-426b-ab79-d526e4a8fb12', '7a7b7c49-ce72-4d25-bec1-326be8f9a44c', '9c328e36-d696-41c1-bdaf-a650c0582386', 'f97f5333-62ca-41c4-b8e3-5637c8020374', '2', '8', '0', '0', '0', '0', '0', '2025-11-30 07:48:22', '2025-11-29 23:48:23'),
('bd1dcf1d-8b06-4e00-b779-9d9b6baac9f4', '7a7b7c49-ce72-4d25-bec1-326be8f9a44c', 'f9ea6cec-5e9b-4902-ab39-d8000da5ebd5', '2c09e605-fb86-4cde-81e0-68f3deb66d37', '3', '6', '0', '0', '0', '0', '0', '2025-11-30 07:48:33', '2025-11-29 23:48:33'),
('c6487c58-bc7b-40b1-ab28-bd538eef8a41', '7a7b7c49-ce72-4d25-bec1-326be8f9a44c', 'f9ea6cec-5e9b-4902-ab39-d8000da5ebd5', 'a790f0a5-5a23-4b31-802a-0247798b16cd', '1', '10', '0', '0', '0', '1', '0', '2025-11-30 07:48:20', '2025-11-29 23:40:28'),
('c6ff7f76-74e5-454d-a957-1513678d5170', '7a7b7c49-ce72-4d25-bec1-326be8f9a44c', '9c328e36-d696-41c1-bdaf-a650c0582386', 'f97f5333-62ca-41c4-b8e3-5637c8020374', '4', '6', '0', '0', '0', '0', '0', '2025-11-30 07:48:35', '2025-11-29 23:48:35'),
('ded1ba5e-94f6-470d-a8de-467f6516e500', '7a7b7c49-ce72-4d25-bec1-326be8f9a44c', '9c328e36-d696-41c1-bdaf-a650c0582386', 'f51dbf4e-7fb4-45ed-acaa-9aa3a9e633b5', '3', '6', '0', '0', '0', '0', '0', '2025-11-30 07:48:31', '2025-11-29 23:48:31'),
('e6857b04-f0f1-4138-b8d8-fe1a4808c62e', '7a7b7c49-ce72-4d25-bec1-326be8f9a44c', '9c328e36-d696-41c1-bdaf-a650c0582386', 'f51dbf4e-7fb4-45ed-acaa-9aa3a9e633b5', '2', '8', '0', '0', '0', '0', '0', '2025-11-30 07:48:23', '2025-11-29 23:48:23'),
('e9b5bda2-2f98-427e-bf4b-925226bafed1', '7a7b7c49-ce72-4d25-bec1-326be8f9a44c', 'f9ea6cec-5e9b-4902-ab39-d8000da5ebd5', '3ccf3405-6a1c-4a3c-973a-55a5eb5b6517', '3', '6', '0', '0', '0', '0', '0', '2025-11-30 07:48:32', '2025-11-29 23:48:32'),
('f82dac7d-26d6-4d67-a0be-7bccf773ebab', '7a7b7c49-ce72-4d25-bec1-326be8f9a44c', '9c328e36-d696-41c1-bdaf-a650c0582386', '26981ca4-39bc-434a-9450-7a8d2a4a8eed', '4', '6', '0', '0', '0', '0', '0', '2025-11-30 07:48:35', '2025-11-29 23:48:35'),
('f88aeca5-e33c-4eb0-8054-9744b7f0b44b', '7a7b7c49-ce72-4d25-bec1-326be8f9a44c', 'f9ea6cec-5e9b-4902-ab39-d8000da5ebd5', '3ccf3405-6a1c-4a3c-973a-55a5eb5b6517', '1', '10', '0', '0', '0', '1', '0', '2025-11-30 07:48:20', '2025-11-29 23:40:27');
UNLOCK TABLES;

-- Table structure for `team_match_teams`
DROP TABLE IF EXISTS `team_match_teams`;
CREATE TABLE `team_match_teams` (
  `id` char(36) CHARACTER SET utf8mb4 COLLATE utf8mb4_general_ci NOT NULL,
  `match_id` char(36) CHARACTER SET utf8mb4 COLLATE utf8mb4_general_ci NOT NULL,
  `team_name` varchar(200) DEFAULT NULL COMMENT 'Optional team name',
  `school` varchar(3) DEFAULT NULL COMMENT '3-letter school code',
  `position` tinyint NOT NULL COMMENT '1 or 2 (left/right)',
  `sets_won` int DEFAULT '0' COMMENT 'Number of sets won',
  `total_score` int DEFAULT '0' COMMENT 'Cumulative match score',
  `winner` tinyint(1) DEFAULT '0' COMMENT 'TRUE if this team won',
  `created_at` timestamp NULL DEFAULT CURRENT_TIMESTAMP,
  PRIMARY KEY (`id`),
  UNIQUE KEY `uq_team_match_position` (`match_id`,`position`),
  KEY `idx_tmt_match` (`match_id`),
  KEY `idx_tmt_winner` (`match_id`,`winner`),
  CONSTRAINT `fk_tmt_match` FOREIGN KEY (`match_id`) REFERENCES `team_matches` (`id`) ON DELETE CASCADE
) ENGINE=InnoDB DEFAULT CHARSET=utf8mb4 COLLATE=utf8mb4_0900_ai_ci;

-- Data for table `team_match_teams` (6 rows)
LOCK TABLES `team_match_teams` WRITE;
INSERT INTO `team_match_teams` (`id`, `match_id`, `team_name`, `school`, `position`, `sets_won`, `total_score`, `winner`, `created_at`) VALUES
('3a62f9ad-bee1-47c2-851b-87c80c886bdf', 'e72e2db9-e409-40b1-9614-16c21627ebfb', NULL, 'DVD', '1', '0', '0', '0', '2025-11-29 23:13:07'),
('4d029985-a953-4076-84d4-d3a5f0ea4f56', 'e72e2db9-e409-40b1-9614-16c21627ebfb', NULL, 'W', '2', '0', '0', '0', '2025-11-29 23:13:07'),
('9c328e36-d696-41c1-bdaf-a650c0582386', '7a7b7c49-ce72-4d25-bec1-326be8f9a44c', NULL, 'T', '1', '0', '0', '0', '2025-11-29 23:37:57'),
('eb51efd5-e30c-4b4a-9a85-60541c860949', '01e93ab3-5307-49dc-adc2-acc62fb5be7b', NULL, 'W', '2', '0', '0', '0', '2025-11-29 22:59:29'),
('f9ea6cec-5e9b-4902-ab39-d8000da5ebd5', '7a7b7c49-ce72-4d25-bec1-326be8f9a44c', NULL, 'W', '2', '0', '0', '0', '2025-11-29 23:37:57'),
('fd088932-5d0a-4827-b855-d8df86ca6a73', '01e93ab3-5307-49dc-adc2-acc62fb5be7b', NULL, 'COA', '1', '0', '0', '0', '2025-11-29 22:59:29');
UNLOCK TABLES;

-- Table structure for `team_matches`
DROP TABLE IF EXISTS `team_matches`;
CREATE TABLE `team_matches` (
  `id` char(36) CHARACTER SET utf8mb4 COLLATE utf8mb4_general_ci NOT NULL,
  `event_id` char(36) CHARACTER SET utf8mb4 COLLATE utf8mb4_general_ci DEFAULT NULL COMMENT 'Parent event for coach visibility',
  `bracket_id` char(36) DEFAULT NULL COMMENT 'Links match to bracket',
  `bracket_match_id` varchar(30) DEFAULT NULL COMMENT 'Bracket match identifier',
  `match_type` varchar(20) NOT NULL DEFAULT 'TEAM_OLYMPIC' COMMENT 'Match format',
  `date` date NOT NULL,
  `location` varchar(200) DEFAULT NULL COMMENT 'Venue name',
  `status` varchar(20) DEFAULT 'Not Started' COMMENT 'Not Started, In Progress, Completed, Voided',
  `max_sets` int NOT NULL DEFAULT '4' COMMENT 'Best of 4 (first to 5 set points wins)',
  `shoot_off` tinyint(1) DEFAULT '0' COMMENT 'Whether match went to shoot-off',
  `shoot_off_winner` tinyint DEFAULT NULL COMMENT '1 or 2 (team position)',
  `winner_team_id` char(36) DEFAULT NULL COMMENT 'Reference to winning team',
  `locked` tinyint(1) DEFAULT '0' COMMENT 'Match locked after verification',
  `card_status` varchar(16) NOT NULL DEFAULT 'PENDING' COMMENT 'PENDING, VER, VOID',
  `verified_at` timestamp NULL DEFAULT NULL COMMENT 'When verified by coach',
  `verified_by` varchar(100) DEFAULT NULL COMMENT 'Who verified (coach ID)',
  `notes` text COMMENT 'Match notes / void reason',
  `lock_history` text COMMENT 'JSON array of lock/unlock/void events',
  `created_at` timestamp NULL DEFAULT CURRENT_TIMESTAMP,
  `updated_at` timestamp NULL DEFAULT NULL ON UPDATE CURRENT_TIMESTAMP,
  `match_code` varchar(20) DEFAULT NULL COMMENT 'Unique access code for this match (format: team-INITIALS-MMDD)',
  PRIMARY KEY (`id`),
  UNIQUE KEY `match_code` (`match_code`),
  KEY `idx_team_event` (`event_id`),
  KEY `idx_team_date` (`date`),
  KEY `idx_team_status` (`status`),
  KEY `idx_team_locked` (`locked`),
  KEY `idx_team_complete` (`status`,`date` DESC),
  KEY `idx_team_event_status` (`event_id`,`status`),
  KEY `idx_team_match_code` (`match_code`),
  KEY `idx_bracket` (`bracket_id`),
  KEY `idx_bracket_match` (`bracket_match_id`),
  CONSTRAINT `fk_team_event` FOREIGN KEY (`event_id`) REFERENCES `events` (`id`) ON DELETE SET NULL
) ENGINE=InnoDB DEFAULT CHARSET=utf8mb4 COLLATE=utf8mb4_0900_ai_ci;

-- Data for table `team_matches` (3 rows)
LOCK TABLES `team_matches` WRITE;
INSERT INTO `team_matches` (`id`, `event_id`, `bracket_id`, `bracket_match_id`, `match_type`, `date`, `location`, `status`, `max_sets`, `shoot_off`, `shoot_off_winner`, `winner_team_id`, `locked`, `card_status`, `verified_at`, `verified_by`, `notes`, `lock_history`, `created_at`, `updated_at`, `match_code`) VALUES
('01e93ab3-5307-49dc-adc2-acc62fb5be7b', NULL, NULL, NULL, 'TEAM_OLYMPIC', '2025-11-30', '', 'Not Started', '4', '0', NULL, NULL, '0', 'PENDING', NULL, NULL, NULL, NULL, '2025-11-29 22:59:29', '2025-11-29 22:59:29', 'team-TAASAADALA-1130'),
('7a7b7c49-ce72-4d25-bec1-326be8f9a44c', NULL, NULL, NULL, 'TEAM_OLYMPIC', '2025-11-30', '', 'In Progress', '4', '0', NULL, NULL, '0', 'PENDING', NULL, NULL, NULL, NULL, '2025-11-29 23:37:57', '2025-11-29 23:40:19', 'team-ABAJAALADA-1130'),
('e72e2db9-e409-40b1-9614-16c21627ebfb', NULL, NULL, NULL, 'TEAM_OLYMPIC', '2025-11-30', '', 'Not Started', '4', '0', NULL, NULL, '0', 'PENDING', NULL, NULL, NULL, NULL, '2025-11-29 23:13:07', '2025-11-29 23:13:07', 'team-ADADAAJALA-1130');
UNLOCK TABLES;

SET FOREIGN_KEY_CHECKS=1;
COMMIT;
